 + TIC Scan DR_328.D ,,,,,,,,,,,,,,,,,,,,,,,,,,,,,,,,,,
Peak ,Start,RT,End,Height,Area,Area %,Height %,Area Sum %,Width,FWHM,Start Y,End Y,B1 Start,B1 End,B2 Start,B2 End,Start BL Y,End BL Y,Symmetry,Max Y,SNR,Height % (Norm),Baseline,Base Peak,k',Label,Cpd,Type,Plates,Plates/M,Resolution,Saturated,Tailing factor,Flags (Tgt)
1,4.093,4.138,4.424,27167.36,171986.51,0.64,0.39,0.12,0.331,0.06,22772,14504,4.093,4.106,5.83,6.104,13645.91,12039.36,4.83,40597,,,  ,281,,,,,,,,,,
2,6.498,6.549,6.632,2709.47,9863.89,0.04,0.04,0.01,0.134,0.382,6077,5871,6.212,6.498,7.128,7.414,6077,5871,0.24,8708,,,  ,57.1,,,,,,,,,,
3,7.401,7.459,7.63,10466.5,48962.02,0.18,0.15,0.03,0.229,0.047,4299,4225,7.128,7.414,8.05,8.159,4299,4225,3.93,14747,,,  ,73,,,,,,,,,,
4,11.717,11.766,11.816,9421.12,23642.63,0.09,0.14,0.02,0.1,0.038,3024.3,3031.56,11.518,11.728,12.466,12.536,3024.3,3031.56,1.16,12449,,,  ,73,,,,,,,,,,
5,19.909,20.011,20.183,2139.23,16873.22,0.06,0.03,0.01,0.274,0.134,1533,1525,18.688,19.954,22.785,23.275,1533,1397.99,1.02,3622,,,  ,44,,,,,,,,,,
6,23.275,23.325,23.401,2819.62,9383.53,0.03,0.04,0.01,0.126,0.062,1594,1534.19,22.785,23.275,23.383,23.586,1496,1534.19,1.28,4331,,,  ,73.1,,,,,,,,,,
7,23.58,23.644,23.764,1407.93,8979.22,0.03,0.02,0.01,0.185,0.205,1354,1215,23.383,23.586,24.032,24.216,1354,1215,1.04,2714,,,  ,44,,,,,,,,,,
8,24.244,24.452,25.02,4892.15,99945.57,0.37,0.07,0.07,0.776,0.332,1857.53,2214.5,24.032,24.216,25.972,26.023,1857.53,2214.5,2.97,6845,,,  ,41,,,,,,,,,,
9,26.256,26.297,26.347,2493.96,6443.12,0.02,0.04,0,0.092,0.041,1500.88,1540,25.972,26.023,26.347,26.576,1500.88,1487.77,1.52,3989,,,  ,73,,,,,,,,,,
10,28.332,28.485,28.676,3584.44,36303.57,0.14,0.05,0.02,0.344,0.18,1258,1392,27.537,28.04,28.695,29.026,1258,1392,1.45,4902,,,  ,57.1,,,,,,,,,,
11,29.019,29.064,29.109,2791,7785.33,0.03,0.04,0.01,0.089,0.045,1227,987,28.695,29.026,29.217,29.242,1227,987,1.02,3898,,,  ,73,,,,,,,,,,
12,30.026,30.095,30.394,45952.07,285348.19,1.06,0.67,0.19,0.367,0.08,1343.24,2914,29.694,29.98,30.425,30.502,1343.24,2117.58,4.07,47439,,,  ,55.1,,,,,,,,,,
13,30.502,30.527,30.597,2049.21,6264.26,0.02,0.03,0,0.095,0.065,2307,1740,30.425,30.502,30.686,30.966,2307,1740,1.96,4205,,,  ,44,,,,,,,,,,
14,30.975,31.043,31.615,429717.27,4194913.29,15.63,6.25,2.82,0.64,0.099,3437.91,36755,30.686,30.966,31.628,31.647,3437.91,33690.06,8.54,436344,,,  ,55.1,,,,,,,,,,
15,31.65,31.698,31.819,279182.32,886965.54,3.3,4.06,0.6,0.169,0.048,41842.77,31180,31.628,31.647,32.073,32.181,41842.77,31163.88,1.43,317997,,,  ,57.1,,,,,,,,,,
16,32.156,32.188,32.381,3351.88,31608.68,0.12,0.05,0.02,0.225,0.213,14750,10818.22,32.073,32.181,32.665,32.926,14504.1,10818.22,1.23,17334,,,  ,55,,,,,,,,,,
17,33.123,33.167,33.225,3222.03,12000.84,0.04,0.05,0.01,0.102,0.079,7028.55,7389,33.053,33.123,33.199,33.307,7028.55,7217.09,1.34,10333,,,  ,55.1,,,,,,,,,,
18,33.295,33.352,33.447,18961.12,70698.26,0.26,0.28,0.05,0.153,0.057,7448,7808,33.199,33.307,33.498,33.556,7346.79,7629.74,1.76,26414,,,  ,57.1,,,,,,,,,,
19,33.561,33.619,33.778,13049.91,74382.43,0.28,0.19,0.05,0.218,0.087,6843.62,5717,33.498,33.556,33.797,33.835,6843.62,5627.37,2.18,19566,,,  ,57.1,,,,,,,,,,
20,33.886,33.956,33.988,2924.33,10607.93,0.04,0.04,0.01,0.102,0.073,5147,4418.81,33.797,33.835,34.001,34.103,4913.55,4418.81,0.22,7498,,,  ,73,,,,,,,,,,
21,34.389,34.484,34.554,42568.07,176971.49,0.66,0.62,0.12,0.165,0.062,4112,10932,34.224,34.3,34.542,34.567,3806.13,4674.18,1.53,46875,,,  ,57.1,,,,,,,,,,
22,34.554,34.605,34.706,24258.71,89714.7,0.33,0.35,0.06,0.151,0.055,10932,5467.38,34.542,34.567,34.707,34.783,4674.18,5467.38,1,29200,,,  ,43.1,,,,,,,,,,
23,34.815,34.892,35.051,984127.57,3525662.62,13.13,14.31,2.37,0.235,0.049,6968,29095,34.707,34.783,35.337,35.375,4989.06,5258.44,1.55,989204,,,  ,57.1,,,,,,,,,,
24,35.388,35.445,35.617,28203.26,159816.76,0.6,0.41,0.11,0.229,0.08,7333.67,6472,35.337,35.375,35.909,35.992,7333.67,6381.98,2.51,35300,,,  ,57.1,,,,,,,,,,
25,36.119,36.164,36.215,6033.65,14037.81,0.05,0.09,0.01,0.095,0.04,6309,6028.54,35.909,35.992,36.24,36.298,6281.39,6028.54,1.08,12197,,,  ,73,,,,,,,,,,
26,36.323,36.412,36.596,66401.16,315158.67,1.17,0.97,0.21,0.273,0.065,7675,5316.7,36.24,36.298,36.622,36.654,5855.25,5316.7,2.29,72081,,,  ,57.1,,,,,,,,,,
27,36.653,36.705,36.829,13035.91,59685.59,0.22,0.19,0.04,0.176,0.069,5140.54,4893.94,36.622,36.654,36.813,36.87,5140.54,4893.94,1.91,18104,,,  ,57.1,,,,,,,,,,
28,36.846,36.921,37.013,4731.5,21824.77,0.08,0.07,0.01,0.167,0.072,4776.58,4521.33,36.813,36.87,37.01,37.048,4776.58,4521.33,1.4,9393,,,  ,57.1,,,,,,,,,,
29,37.373,37.475,37.544,119621.09,511998.99,1.91,1.74,0.34,0.172,0.06,10012,41778,37.195,37.245,37.538,37.551,6018.77,10033.47,1.16,128019,,,  ,55.1,,,,,,,,,,
30,37.544,37.589,37.675,72775.66,254902.68,0.95,1.06,0.17,0.131,0.053,41778,13875.95,37.538,37.551,37.704,37.735,27437.11,13875.95,0.96,95587,,,  ,43.1,,,,,,,,,,
31,37.774,37.863,37.983,3282905.49,10078509.97,37.55,47.72,6.78,0.21,0.044,20801,63647,37.704,37.735,38.181,38.238,10544.29,12692.25,0.77,3294361,,,  ,57.1,,,,,,,,,,
32,38.238,38.314,38.518,112650.73,613776.02,2.29,1.64,0.41,0.28,0.077,16676.38,13625.49,38.181,38.238,38.607,38.658,16676.38,13625.49,2.76,128493,,,  ,57.1,,,,,,,,,,
33,38.836,39.027,39.121,11838.84,107721.74,0.4,0.17,0.07,0.285,0.176,10377,7419.54,38.791,38.849,39.141,39.205,10077.76,7419.54,0.3,20135,,,  ,43.1,,,,,,,,,,
34,39.192,39.269,39.503,96287.22,467374.99,1.74,1.4,0.31,0.311,0.065,6963,6329.46,39.141,39.205,39.504,39.657,6940.81,6329.46,2.18,103078,,,  ,57.1,,,,,,,,,,
35,39.67,39.708,39.79,4913.26,16204.22,0.06,0.07,0.01,0.12,0.077,7359.56,7509,39.504,39.657,39.797,39.879,7359.56,7260.21,2.28,12242,,,  ,57.1,,,,,,,,,,
36,39.88,39.994,40.051,24124.84,109152.58,0.41,0.35,0.07,0.171,0.058,7622.74,15599,39.797,39.879,40.038,40.064,7622.74,8193.32,0.68,32127,,,  ,55.1,,,,,,,,,,
37,40.051,40.115,40.147,37237.31,152902.56,0.57,0.54,0.1,0.095,0.074,15599,40687,40.038,40.064,40.127,40.153,8193.32,8511.84,0.5,45643,,,  ,55.1,,,,,,,,,,
38,40.147,40.331,40.49,1143772.26,6788877.42,25.29,16.63,4.56,0.344,0.061,40687,41015,40.127,40.153,40.496,40.522,8511.84,9658.68,0.57,1152900,,,  ,57.1,,,,,,,,,,
39,40.535,40.636,40.795,4470127.97,15553521.01,57.94,64.98,10.46,0.261,0.05,47162,61675,40.496,40.522,40.929,40.967,20848.47,26177.09,0.66,4493056,,,  ,57.1,,,,,,,,,,
40,40.955,41.024,41.137,76797.56,349145.89,1.3,1.12,0.23,0.183,0.068,27167,27225.94,40.929,40.967,41.184,41.273,26966,27225.94,1.85,103863,,,  ,57.1,,,,,,,,,,
41,41.343,41.4,41.467,18344.11,61272.4,0.23,0.27,0.04,0.124,0.051,27518.67,27694.21,41.184,41.273,41.47,41.514,27518.67,27694.21,1.55,45943,,,  ,57.1,,,,,,,,,,
42,41.521,41.61,41.837,82623.79,738314.63,2.75,1.2,0.5,0.316,0.15,27876.23,20038.08,41.47,41.514,41.839,41.877,27876.23,20038.08,2.23,108288,,,  ,57.1,,,,,,,,,,
43,41.875,41.934,42.053,40464.64,174438.07,0.65,0.59,0.12,0.178,0.063,19414.66,16765.86,41.839,41.877,42.176,42.284,19414.66,16765.86,1.48,59000,,,  ,57.1,,,,,,,,,,
44,42.437,42.558,42.59,316098.33,1191872.23,4.44,4.6,0.8,0.153,0.059,18132,238348,42.322,42.399,42.583,42.59,10176.67,10176.67,0.39,326275,,,  ,55.1,,,,,,,,,,
45,42.59,42.653,42.717,1572492.33,5817560.45,21.67,22.86,3.91,0.127,0.053,238348,308879,42.583,42.59,42.71,42.723,10176.67,10176.67,1,1582669,,,  ,55.1,,,,,,,,,,
46,42.717,42.749,42.787,333898.33,1350280.75,5.03,4.85,0.91,0.07,0.083,308879,317070,42.71,42.723,42.78,42.793,10176.67,10176.67,1.17,344075,,,  ,55.1,,,,,,,,,,
47,42.787,42.914,42.946,6878822.54,26843140.48,100,100,18.05,0.159,0.058,317070,1816989,42.78,42.793,42.946,42.952,33151.63,42060.72,0.44,6919102,,,  ,57.1,,,,,,,,,,
48,42.946,42.99,43.124,4357386.83,14694760.58,54.74,63.34,9.88,0.178,0.051,1816989,169535,42.946,42.952,43.118,43.13,137288.45,116527.35,1.11,4489485,,,  ,57.1,,,,,,,,,,
49,43.124,43.2,43.359,1908039.1,6542333.04,24.37,27.74,4.4,0.235,0.047,169535,101232,43.118,43.13,43.467,43.506,116527.35,89091.93,1.24,2015668,,,  ,57.1,,,,,,,,,,
50,43.498,43.563,43.634,35912.32,133272.4,0.5,0.52,0.09,0.136,0.057,72896,57080.94,43.467,43.506,43.658,43.741,72896,57080.94,0.5,101277,,,  ,57.1,,,,,,,,,,
51,43.735,43.875,43.996,125091.5,812666.4,3.03,1.82,0.55,0.261,0.113,49062,62147,43.658,43.741,43.976,44.027,48736.5,48736.5,1.38,173828,,,  ,55.1,,,,,,,,,,
52,43.996,44.123,44.352,103168,849645.31,3.17,1.5,0.57,0.356,0.112,62147,33911,43.976,44.027,44.352,44.415,41578.49,33658.42,0.94,141918,,,  ,57.1,,,,,,,,,,
53,44.403,44.428,44.479,5171.01,13949.19,0.05,0.08,0.01,0.076,0.066,31916,27500,44.352,44.415,44.613,44.74,31916,26964.05,0.46,35436,,,  ,57,,,,,,,,,,
54,44.975,45.083,45.211,3583914,16312769.55,60.77,52.1,10.97,0.235,0.054,222697,429686,44.803,44.873,45.211,45.217,21925,21925,1.93,3605839,,,  ,55.1,,,,,,,,,,
55,45.211,45.357,45.516,4942700.7,23951207.84,89.23,71.85,16.1,0.305,0.053,429686,211255,45.211,45.217,45.567,45.592,28021.56,33110.97,0.67,4973161,,,  ,57.1,,,,,,,,,,
56,45.586,45.624,45.923,115970.01,828853.58,3.09,1.69,0.56,0.337,0.117,157209,66820,45.567,45.592,45.872,45.93,68113.71,61669.82,3.24,183354,,,  ,57.1,,,,,,,,,,
57,45.923,45.98,46.06,15348.61,83886.38,0.31,0.22,0.06,0.137,0.127,66820,59053.9,45.872,45.93,46.12,46.165,61669.82,59053.9,0.61,75924,,,  ,57.1,,,,,,,,,,
58,46.178,46.267,46.426,28741.62,200349.75,0.75,0.42,0.13,0.248,0.109,54159,47998,46.12,46.165,46.559,46.668,54159,47998,1.27,80689,,,  ,55.1,,,,,,,,,,
59,46.687,46.763,47.005,12610.76,120999.57,0.45,0.18,0.08,0.317,0.143,47068.7,40914,46.559,46.668,47.1,47.291,47068.7,40780.49,1.48,58181,,,  ,57.1,,,,,,,,,,
60,47.298,47.412,47.584,166513.54,1399867.39,5.21,2.42,0.94,0.286,0.128,38990.77,86939,47.1,47.291,47.558,47.603,38990.77,39222.71,2.53,205597,,,  ,55.1,,,,,,,,,,
61,47.584,47.635,48.192,67290.39,818039.28,3.05,0.98,0.55,0.609,0.195,86939,34899.2,47.558,47.603,48.443,48.532,36327.03,34899.2,4.33,103498,,,  ,57.1,,,,,,,,,,
62,49.251,49.282,49.333,4640.71,10581.65,0.04,0.07,0.01,0.083,0.243,27316,26459,48.99,49.168,49.435,49.779,27316,26459,0.17,31627,,,  ,207,,,,,,,,,,
63,49.747,49.893,50.122,6997.75,67066.23,0.25,0.1,0.05,0.375,0.277,27302,26510,49.435,49.779,50.739,51.108,27302,26510,1.42,33991,,,  ,207,,,,,,,,,,
64,51.255,51.299,51.496,7535.96,41648.11,0.16,0.11,0.03,0.242,0.088,26451,25780.36,51.127,51.229,51.853,51.897,25999.4,25780.36,2.61,33495,,,  ,207,,,,,,,,,,
65,53.71,53.876,53.99,3938.6,41699.67,0.16,0.06,0.03,0.28,0.355,23605,24308,53.379,53.532,54.436,54.461,23605,24308,0.45,27959,,,  ,207,,,,,,,,,,
66,54.618,54.722,54.961,9634.1,89182.82,0.33,0.14,0.06,0.344,0.142,24985.38,25369.59,54.436,54.461,54.989,55.307,24985.38,25369.59,2.5,34736,,,  ,207,,,,,,,,,,
67,55.301,55.619,55.931,8870.97,172899.33,0.64,0.13,0.12,0.63,0.372,26132,24749,54.989,55.307,57.178,57.394,25595.56,24428.31,0.74,33877,,,  ,207,,,,,,,,,,
,,,,,,,,,,,,,,,,,,,,,,,,,,,,,,,,,,
 + TIC Scan DR_331.D ,,,,,,,,,,,,,,,,,,,,,,,,,,,,,,,,,,
Peak ,Start,RT,End,Height,Area,Area %,Height %,Area Sum %,Width,FWHM,Start Y,End Y,B1 Start,B1 End,B2 Start,B2 End,Start BL Y,End BL Y,Symmetry,Max Y,SNR,Height % (Norm),Baseline,Base Peak,k',Label,Cpd,Type,Plates,Plates/M,Resolution,Saturated,Tailing factor,Flags (Tgt)
1,4.093,4.125,4.246,33176.02,95691.88,0.79,0.96,0.09,0.153,0.038,31602,24258,4.093,4.1,4.57,4.717,28655.95,23703.68,1.82,60800,,,  ,281,,,,,,,,,,
2,6.059,6.116,6.237,3102.1,19421.82,0.16,0.09,0.02,0.178,0.562,7175,7268,5.652,6.072,6.218,6.473,7175,7268,0.26,10307,,,  ,57.1,,,,,,,,,,
3,6.46,6.53,6.644,4839.77,26600.13,0.22,0.14,0.03,0.184,0.08,7515,7098.51,6.218,6.473,7.001,7.414,7285.17,7098.51,1.91,12054,,,  ,43.1,,,,,,,,,,
4,7.396,7.452,7.611,18832.34,72727.35,0.6,0.54,0.07,0.216,0.044,6737.31,7710,7.001,7.414,10.054,10.608,6737.31,6448.97,2.68,25494,,,  ,73.1,,,,,,,,,,
5,11.708,11.753,11.817,29599.06,76000.19,0.63,0.85,0.07,0.108,0.04,10957,11003,10.054,10.608,14.769,15.939,10957,11003,1.46,40575,,,  ,73.1,,,,,,,,,,
6,15.94,15.984,16.041,3465.31,8996.83,0.07,0.1,0.01,0.101,0.036,4063.4,4198,14.769,15.939,16.009,16.079,4063.4,4077.93,1.25,7535,,,  ,41,,,,,,,,,,
7,16.041,16.092,16.289,2850.03,19481.14,0.16,0.08,0.02,0.248,0.139,4198,3979.88,16.009,16.079,17.345,17.911,4124.7,3979.88,4,6945,,,  ,42.9,,,,,,,,,,
8,17.943,18.153,18.255,2000.66,23028.4,0.19,0.06,0.02,0.312,0.515,2964,3698,17.345,17.911,18.548,18.573,2964,3698,1.93,5459,,,  ,43,,,,,,,,,,
9,19.871,19.934,20.024,5490.34,25287.42,0.21,0.16,0.02,0.153,0.066,2468,2400,19.241,19.871,20.03,20.278,2468,2400,1.43,7930,,,  ,355.1,,,,,,,,,,
10,21.48,21.627,21.83,2837.28,29540,0.25,0.08,0.03,0.35,0.252,3159,3792,21.048,21.468,21.945,22.04,3039.63,3668.74,1.57,6140,,,  ,41.2,,,,,,,,,,
11,23.198,23.268,23.345,6471.76,22376.76,0.19,0.19,0.02,0.146,0.051,2696,2897,23.026,23.192,23.65,24,2666.4,2716.25,0.74,9162,,,  ,73.1,,,,,,,,,,
12,24.001,24.076,24.436,40374.08,307300.59,2.55,1.16,0.3,0.434,0.099,2697.85,5561.65,23.65,24,24.464,24.509,2697.85,5561.65,4.66,43564,,,  ,55.1,,,,,,,,,,
13,24.517,24.572,24.935,41432.76,336662.41,2.8,1.19,0.33,0.418,0.098,6424.37,7018,24.464,24.509,25.737,26.246,6424.37,6723.22,6.02,47897,,,  ,57.1,,,,,,,,,,
14,26.227,26.265,26.335,2302.83,6361.28,0.05,0.07,0.01,0.108,0.043,2247.79,2317,25.737,26.246,26.322,26.481,2247.79,2209.09,1.81,4537,,,  ,73.1,,,,,,,,,,
15,26.468,26.621,26.814,3739.65,42014.01,0.35,0.11,0.04,0.346,0.226,2250,2277.37,26.322,26.481,26.85,27.022,2241.55,2277.37,1.37,5997,,,  ,57.1,,,,,,,,,,
16,27.009,27.066,27.321,2064.09,20618.2,0.17,0.06,0.02,0.312,0.209,1775,1535,26.85,27.022,27.359,27.741,1775,1535,4.41,3795,,,  ,57.1,,,,,,,,,,
17,27.75,27.823,28.052,7188.59,62891.68,0.52,0.21,0.06,0.303,0.156,2413.74,3056,27.359,27.741,28.027,28.084,2413.74,2490.38,4.38,9621,,,  ,43.1,,,,,,,,,,
18,28.186,28.281,28.498,88334.68,468208.39,3.89,2.55,0.46,0.312,0.066,10132,11252,28.027,28.084,28.879,29.013,9519.11,11087.74,2.81,98334,,,  ,57.1,,,,,,,,,,
19,28.985,29.032,29.089,2681.67,6953.51,0.06,0.08,0.01,0.104,0.044,2865.61,2631,28.879,29.013,29.14,29.337,2865.61,2579.54,0.98,5418,,,  ,73,,,,,,,,,,
20,29.484,29.567,29.681,2682.58,14515.24,0.12,0.08,0.01,0.197,0.092,2681.1,2822,29.14,29.337,29.7,29.955,2681.1,2662.79,2.55,5356,,,  ,43,,,,,,,,,,
21,29.953,30.025,30.165,89164.16,474209.4,3.94,2.57,0.46,0.212,0.077,2806.19,11967,29.7,29.955,30.145,30.171,2806.19,2872.98,2.94,91993,,,  ,55.1,,,,,,,,,,
22,30.165,30.203,30.413,16321.99,92945.61,0.77,0.47,0.09,0.248,0.107,11967,3152,30.145,30.171,30.349,30.432,2872.98,2951.22,2.52,19207,,,  ,57.1,,,,,,,,,,
23,30.413,30.476,30.583,12669.68,48420.43,0.4,0.37,0.05,0.171,0.053,3152,3010.05,30.349,30.432,30.591,30.743,2949.93,3010.05,1.46,15642,,,  ,43.1,,,,,,,,,,
24,30.731,30.769,30.813,2200.17,6471.87,0.05,0.06,0.01,0.083,0.049,1953,2477,30.591,30.743,30.852,30.903,1953,2477,2.55,4395,,,  ,70.1,,,,,,,,,,
25,30.929,30.992,31.157,1494745.73,7653402.75,63.54,43.1,7.46,0.228,0.065,5002.01,231703,30.852,30.903,31.144,31.163,5002.01,29794.85,4.36,1506534,,,  ,55.1,,,,,,,,,,
26,31.157,31.195,31.278,334154.7,1332986.03,11.07,9.64,1.3,0.121,0.061,231703,139209,31.144,31.163,31.265,31.284,74308.26,68456.1,1.75,406615,,,  ,55.1,,,,,,,,,,
27,31.278,31.316,31.437,141958.67,558227.48,4.63,4.09,0.54,0.159,0.082,139209,61489,31.265,31.284,31.462,31.564,68456.1,60755.17,1.3,208566,,,  ,55.1,,,,,,,,,,
28,31.539,31.577,31.615,7497.52,18638.98,0.15,0.22,0.02,0.076,0.096,56672,53578,31.462,31.564,31.596,31.615,55833.1,52151.85,0.25,61490,,,  ,55.1,,,,,,,,,,
29,31.615,31.685,31.806,1246099.17,3611407.82,29.98,35.93,3.52,0.191,0.043,53578,51487,31.596,31.615,32.194,32.264,52151.85,42947.11,0.93,1294876,,,  ,57.1,,,,,,,,,,
30,32.255,32.277,32.306,2927.54,5260.77,0.04,0.08,0.01,0.051,0.03,21796.27,21268.61,32.194,32.264,32.678,32.786,21796.27,21268.61,1.18,24497,,,  ,57,,,,,,,,,,
31,32.784,32.837,32.982,38583.46,186636.6,1.55,1.11,0.18,0.198,0.078,10630.24,14369.28,32.678,32.786,32.97,33.04,10630.24,14369.28,3.13,50210,,,  ,57.1,,,,,,,,,,
32,33.036,33.078,33.153,18789.85,69780.64,0.58,0.54,0.07,0.117,0.059,14273.2,13437.29,32.97,33.04,33.161,33.174,14273.2,13437.29,1.85,32764,,,  ,43,,,,,,,,,,
33,33.168,33.225,33.263,10855.45,34489.79,0.29,0.31,0.03,0.095,0.052,13335.17,15639,33.161,33.174,33.25,33.269,13335.17,12655.8,0.83,23784,,,  ,55.1,,,,,,,,,,
34,33.263,33.314,33.403,55727.93,169481.78,1.41,1.61,0.17,0.14,0.046,15639,12017,33.25,33.269,33.409,33.447,12655.8,11655.58,1.27,68020,,,  ,57.1,,,,,,,,,,
35,33.441,33.505,33.804,277580.49,1570250.77,13.04,8,1.53,0.363,0.075,10385,15323,33.409,33.447,33.975,34.058,10363.98,9460.68,3.44,287786,,,  ,57.1,,,,,,,,,,
36,34.37,34.453,34.529,275051.6,962506.93,7.99,7.93,0.94,0.159,0.049,25074,34289,34.141,34.338,34.522,34.529,8057.02,8921.1,1.42,283558,,,  ,55.1,,,,,,,,,,
37,34.529,34.573,34.739,128177.96,477247.74,3.96,3.7,0.47,0.21,0.055,34289,10297,34.522,34.529,34.694,34.764,8921.1,10061.72,1.35,137341,,,  ,43.1,,,,,,,,,,
38,34.802,34.879,35.038,1628547.51,5200519.79,43.18,46.96,5.07,0.235,0.046,15927,28634,34.694,34.764,35.267,35.356,9585.12,10397.13,1.18,1638396,,,  ,57.1,,,,,,,,,,
39,35.364,35.426,35.582,40168.31,186066.86,1.54,1.16,0.18,0.218,0.071,9664.87,8405.3,35.267,35.356,35.566,35.617,9664.87,8405.3,1.56,49477,,,  ,57.1,,,,,,,,,,
40,35.611,35.661,35.738,4694.87,17588.71,0.15,0.14,0.02,0.127,0.054,8025.74,7662,35.566,35.617,35.776,35.839,8025.74,7441.66,1.41,12489,,,  ,43.1,,,,,,,,,,
41,35.95,35.998,36.088,26543.5,108400.41,0.9,0.77,0.11,0.137,0.064,14011.5,14332,35.776,35.839,36.081,36.119,14011.5,14011.5,1.65,40555,,,  ,57.1,,,,,,,,,,
42,36.224,36.253,36.329,17588.42,58667.23,0.49,0.51,0.06,0.106,0.056,13803.09,15479,36.183,36.215,36.31,36.336,13803.09,12920.04,3.12,31147,,,  ,55.1,,,,,,,,,,
43,36.329,36.387,36.488,106278.76,349734.02,2.9,3.06,0.34,0.159,0.05,15479,11840,36.31,36.336,36.514,36.565,12920.04,11589.86,1.45,118720,,,  ,57.1,,,,,,,,,,
44,36.573,36.628,36.832,196095.71,1002483.08,8.32,5.65,0.98,0.259,0.073,11760.43,14450,36.514,36.565,36.806,36.851,11760.43,10883.6,2.87,207668,,,  ,57.1,,,,,,,,,,
45,36.832,36.876,36.94,7496.05,30038.11,0.25,0.22,0.03,0.108,0.081,14450,10881,36.806,36.851,36.953,37.023,10883.6,10517.69,0.86,18229,,,  ,57.1,,,,,,,,,,
46,37.097,37.137,37.175,5466.5,13131.77,0.11,0.16,0.01,0.078,0.045,9673.52,10096,37.067,37.105,37.188,37.22,9673.52,9975.81,1.11,15295,,,  ,55.1,,,,,,,,,,
47,37.225,37.258,37.29,4610.99,9132.51,0.08,0.13,0.01,0.065,0.034,10165.27,10606,37.188,37.22,37.284,37.322,10165.27,10417.81,0.99,14906,,,  ,55.1,,,,,,,,,,
48,37.347,37.462,37.525,318897.23,1302147.01,10.81,9.2,1.27,0.178,0.055,16374,91298,37.284,37.322,37.519,37.532,10638.84,11326.37,0.95,329978,,,  ,57.1,,,,,,,,,,
49,37.525,37.576,37.71,247340.24,962334.36,7.99,7.13,0.94,0.184,0.057,91298,16673,37.519,37.532,37.684,37.723,11326.37,12038.41,1.13,258863,,,  ,55.1,,,,,,,,,,
50,37.761,37.856,37.977,3467784.99,11011216.57,91.42,100,10.73,0.216,0.047,29383,55084,37.684,37.723,38.181,38.238,13088.29,14341.14,0.65,3481426,,,  ,57.1,,,,,,,,,,
51,38.228,38.308,38.501,95737.1,510278.74,4.24,2.76,0.5,0.273,0.075,15617.47,12975.28,38.181,38.238,38.562,38.632,15617.47,12975.28,2.12,110581,,,  ,57.1,,,,,,,,,,
52,38.63,38.69,38.812,2964.44,15896.72,0.13,0.09,0.02,0.182,0.213,12093.65,11092.9,38.562,38.632,38.76,38.836,12093.65,11092.9,0.75,14730,,,  ,57,,,,,,,,,,
53,38.82,39.001,39.103,12327.29,128607.57,1.07,0.36,0.13,0.282,0.179,11137.59,9767.23,38.76,38.836,39.122,39.192,11137.59,9767.23,0.47,22587,,,  ,57.1,,,,,,,,,,
54,39.197,39.249,39.421,82311.66,340121.16,2.82,2.37,0.33,0.224,0.058,9636.16,8811,39.122,39.192,39.447,39.548,9636.16,8691.99,2.35,91727,,,  ,57.1,,,,,,,,,,
55,39.568,39.587,39.627,2003.48,3751.54,0.03,0.06,0,0.059,0.044,8622.17,8674.19,39.447,39.548,39.599,39.644,8622.17,8674.19,2.2,10642,,,  ,69,,,,,,,,,,
56,39.639,39.676,39.725,4426.78,10893.89,0.09,0.13,0.01,0.086,0.036,8669.64,8796.62,39.599,39.644,39.758,39.854,8669.64,8796.62,1.51,13151,,,  ,57.1,,,,,,,,,,
57,39.841,39.898,39.93,14461,45480.32,0.38,0.42,0.04,0.089,0.071,8438,17371,39.758,39.854,39.917,39.943,8249,8249,1.05,22710,,,  ,55.1,,,,,,,,,,
58,39.93,39.987,40.045,78213,285441.58,2.37,2.26,0.28,0.115,0.055,17371,28211,39.917,39.943,40.032,40.057,8249,8249,1,86462,,,  ,55.1,,,,,,,,,,
59,40.045,40.096,40.14,75715,289527.99,2.4,2.18,0.28,0.095,0.087,28211,50051,40.032,40.057,40.127,40.153,8249,8249,0.9,83964,,,  ,55.1,,,,,,,,,,
60,40.14,40.261,40.274,575482,2317436.7,19.24,16.6,2.26,0.134,0.077,50051,546331,40.127,40.153,40.274,40.28,8249,8249,0.19,583731,,,  ,57.1,,,,,,,,,,
61,40.274,40.318,40.496,979696,4169785.59,34.62,28.25,4.06,0.223,0.071,546331,35562,40.274,40.28,40.477,40.515,8249,8249,1.8,987945,,,  ,57.1,,,,,,,,,,
62,40.522,40.617,40.738,3283393.46,10485229.12,87.05,94.68,10.22,0.216,0.045,41398,73993,40.477,40.515,40.897,40.948,20147.17,23769.87,0.7,3305139,,,  ,57.1,,,,,,,,,,
63,40.929,41.018,41.136,61562.83,279820.65,2.32,1.78,0.27,0.207,0.066,25715.66,23110.92,40.897,40.948,41.19,41.273,25715.66,23110.92,1.51,86158,,,  ,57.1,,,,,,,,,,
64,41.283,41.4,41.47,12411.39,59065.97,0.49,0.36,0.06,0.186,0.059,21631.38,20197,41.19,41.273,41.463,41.521,21631.38,19703.49,0.54,32839,,,  ,57.1,,,,,,,,,,
65,41.495,41.61,41.82,40768.25,371191.2,3.08,1.18,0.36,0.324,0.147,19737,16058,41.463,41.521,41.82,41.871,19342.74,15869.25,2.01,58885,,,  ,57.1,,,,,,,,,,
66,41.864,41.921,42.03,38295.58,140089.07,1.16,1.1,0.14,0.165,0.053,15481,14145,41.82,41.871,42.011,42.061,15388.27,13762.47,1.63,53121,,,  ,57.1,,,,,,,,,,
67,42.037,42.106,42.156,20323.57,56431.33,0.47,0.59,0.05,0.118,0.043,13820.92,12803.73,42.011,42.061,42.163,42.284,13820.92,12803.73,0.83,33554,,,  ,218.2,,,,,,,,,,
68,42.276,42.329,42.365,2591.19,6764.36,0.06,0.07,0.01,0.089,0.049,11578.26,10651.03,42.163,42.284,42.348,42.418,11578.26,10651.03,0.62,13621,,,  ,207.1,,,,,,,,,,
69,42.43,42.545,42.577,193126.33,718329.04,5.96,5.57,0.7,0.146,0.062,13755,148219,42.348,42.418,42.57,42.583,10509.67,10509.67,0.47,203636,,,  ,55.1,,,,,,,,,,
70,42.577,42.64,42.704,669828.33,2690258.81,22.34,19.32,2.62,0.127,0.059,148219,152632,42.57,42.583,42.698,42.717,10509.67,10509.67,1.09,680338,,,  ,55.1,,,,,,,,,,
71,42.761,42.876,42.914,3429008.02,12044685.41,100,98.88,11.74,0.153,0.051,191241,835202,42.698,42.717,42.908,42.92,17312.61,19902.34,0.66,3448263,,,  ,57.1,,,,,,,,,,
72,42.914,42.952,43.111,1861281.07,6421893.64,53.32,53.67,6.26,0.197,0.049,835202,90629,42.908,42.92,43.105,43.124,43933.85,41412.66,1.51,1904727,,,  ,57.1,,,,,,,,,,
73,43.118,43.181,43.372,605366,2544490.25,21.13,17.46,2.48,0.254,0.054,88026,54016,43.105,43.124,43.34,43.378,41331.27,38077.99,1.8,645884,,,  ,57.1,,,,,,,,,,
74,43.372,43.391,43.474,23149.97,103152.11,0.86,0.67,0.1,0.102,0.116,54016,44067,43.34,43.378,43.455,43.48,38077.99,36776.8,1.75,60984,,,  ,57.1,,,,,,,,,,
75,43.474,43.531,43.601,53871.29,254318.01,2.11,1.55,0.25,0.127,0.078,44067,52243,43.455,43.48,43.595,43.626,36776.8,35150.05,1.25,89916,,,  ,57.1,,,,,,,,,,
76,43.601,43.677,43.735,31917.78,152638.6,1.27,0.92,0.15,0.134,0.1,52243,33594,43.595,43.626,43.728,43.754,35150.05,33442.13,0.59,66092,,,  ,57.1,,,,,,,,,,
77,43.735,43.875,44.008,42141.89,323455.83,2.69,1.22,0.32,0.274,0.129,33594,35011,43.728,43.754,43.989,44.04,33208.77,29962.59,0.97,73690,,,  ,55.1,,,,,,,,,,
78,44.008,44.11,44.288,39989.18,306119.49,2.54,1.15,0.3,0.28,0.112,35011,26991,43.989,44.04,44.301,44.377,29962.59,26641.07,1.13,68744,,,  ,57.1,,,,,,,,,,
79,44.377,44.415,44.473,23994.54,74242.43,0.62,0.69,0.07,0.096,0.049,25169.91,28034,44.301,44.377,44.46,44.485,25169.91,23912.84,2,48658,,,  ,55,,,,,,,,,,
80,44.473,44.53,44.646,19521.55,73677.14,0.61,0.56,0.07,0.173,0.058,28034,21641.44,44.46,44.485,44.676,44.835,23912.84,21641.44,0.69,42684,,,  ,207,,,,,,,,,,
81,44.956,45.064,45.198,955568.98,4910264.65,40.77,27.56,4.78,0.242,0.061,59220,199090,44.676,44.835,45.185,45.211,25808.78,33746.95,2.2,984929,,,  ,55.1,,,,,,,,,,
82,45.198,45.338,45.535,1829737.3,10761135.39,89.34,52.76,10.49,0.337,0.065,199090,114141,45.185,45.211,45.86,45.955,30636.72,37167.54,1.05,1863085,,,  ,57.1,,,,,,,,,,
83,45.942,45.98,46.012,4599.17,9610.67,0.08,0.13,0.01,0.069,0.144,43893.4,42754.97,45.86,45.955,46.095,46.178,43893.4,42754.97,0.21,47866,,,  ,57.1,,,,,,,,,,
84,46.229,46.273,46.324,6244.71,21016.7,0.17,0.18,0.02,0.095,0.059,41046,40992,46.095,46.178,46.318,46.413,40505.35,40282.35,0.99,46646,,,  ,207,,,,,,,,,,
85,46.356,46.61,47.087,47820.59,844818.42,7.01,1.38,0.82,0.732,0.271,40116,39360,46.318,46.413,47.119,47.31,39482.84,38794.45,2,87064,,,  ,257.2,,,,,,,,,,
86,47.329,47.412,47.536,56263.55,319592.49,2.65,1.62,0.31,0.207,0.097,41603,59630,47.119,47.31,47.52,47.603,41065.91,59630,3.28,104756,,,  ,55.1,,,,,,,,,,
87,47.584,47.628,47.762,11225.6,72228.2,0.6,0.32,0.07,0.178,0.105,57712,48941,47.52,47.603,48.595,48.735,57238.43,48310.33,1.24,66232,,,  ,57.1,,,,,,,,,,
88,49.73,49.804,50.071,7961.46,80333.17,0.67,0.23,0.08,0.341,0.171,28476.37,28136,49.378,49.734,50.504,51.165,28476.37,27716.18,3.67,36273,,,  ,207,,,,,,,,,,
89,51.16,51.229,51.356,9787.08,54285.11,0.45,0.28,0.05,0.196,0.099,26921.94,27908,50.504,51.165,51.77,52.082,26921.94,27707.47,2.88,36984,,,  ,207,,,,,,,,,,
90,53.297,53.577,53.939,6904.82,159418.05,1.32,0.2,0.16,0.643,0.714,23758,24714,52.807,52.858,53.914,54.346,23303.85,24714,1.98,30823,,,  ,207,,,,,,,,,,
91,54.541,54.677,54.913,25629.34,238932.92,1.98,0.74,0.23,0.372,0.127,28947.53,31255,54.397,54.531,54.855,54.957,28947.53,30487.11,1.9,55141,,,  ,207,,,,,,,,,,
92,54.913,55.053,55.091,19520.22,108901.61,0.9,0.56,0.11,0.178,0.223,31255,45676,54.855,54.957,55.065,55.218,30440.91,30832.78,1.57,50269,,,  ,207,,,,,,,,,,
93,55.091,55.307,56.119,22942.66,606971.02,5.04,0.66,0.59,1.028,0.453,45676,28488.94,55.065,55.218,56.726,56.815,32200.37,28488.94,1.7,54362,,,  ,207,,,,,,,,,,
,,,,,,,,,,,,,,,,,,,,,,,,,,,,,,,,,,
 + TIC Scan DR_332.D ,,,,,,,,,,,,,,,,,,,,,,,,,,,,,,,,,,
Peak ,Start,RT,End,Height,Area,Area %,Height %,Area Sum %,Width,FWHM,Start Y,End Y,B1 Start,B1 End,B2 Start,B2 End,Start BL Y,End BL Y,Symmetry,Max Y,SNR,Height % (Norm),Baseline,Base Peak,k',Label,Cpd,Type,Plates,Plates/M,Resolution,Saturated,Tailing factor,Flags (Tgt)
1,4.093,4.131,4.279,35210.86,127084.87,0.41,0.45,0.06,0.185,0.047,36957,21822.04,4.093,4.1,4.564,4.698,25868.91,21822.04,1.63,60247,,,  ,281,,,,,,,,,,
2,5.182,5.245,5.264,2263.22,5205.42,0.02,0.03,0,0.082,0.056,10553.26,10696,5.022,5.194,5.588,5.868,10553.26,10475.61,0.32,12757,,,  ,41.1,,,,,,,,,,
3,5.876,5.97,6.059,3719.53,23450.54,0.08,0.05,0.01,0.183,0.189,8527.07,9616,5.588,5.868,6.008,6.078,8527.07,8961.05,1.18,12469,,,  ,57.1,,,,,,,,,,
4,6.059,6.104,6.197,3803.15,19318.25,0.06,0.05,0.01,0.138,0.091,9616,9289.39,6.008,6.078,6.18,6.275,8961.05,9289.39,0.97,12870,,,  ,57.1,,,,,,,,,,
5,6.453,6.517,6.625,7698.99,34130.01,0.11,0.1,0.02,0.172,0.082,9160,9349,6.301,6.473,6.593,6.835,9160,9349,1.99,16929,,,  ,43.1,,,,,,,,,,
6,7.405,7.446,7.633,12737.48,53838.38,0.17,0.16,0.03,0.228,0.049,7389.81,6720.81,7.249,7.408,8.197,8.655,7389.81,6720.81,2.68,20008,,,  ,73,,,,,,,,,,
7,9.916,9.984,10.748,32413.88,648017.72,2.11,0.42,0.32,0.832,0.352,5807.75,14172,9.749,9.914,10.665,10.92,5807.75,14078.1,15.01,38905,,,  ,69.1,,,,,,,,,,
8,11.708,11.753,11.877,14118.04,44625.79,0.15,0.18,0.02,0.169,0.043,14923,14373.16,11.677,11.715,15.08,15.551,14567.14,14373.16,1.68,28634,,,  ,73.1,,,,,,,,,,
9,16.049,16.149,16.245,1580.21,8400.46,0.03,0.02,0,0.195,0.242,3960.38,4125,15.984,16.143,17.867,18.319,3960.38,3945.52,1,5533,,,  ,41.1,,,,,,,,,,
10,19.885,19.928,20.011,2626.9,10031.81,0.03,0.03,0,0.126,0.068,2613.55,2685,19.661,19.858,20.03,20.488,2613.55,2606.44,1.92,5238,,,  ,355,,,,,,,,,,
11,21.379,21.62,21.996,6588.53,142885.08,0.46,0.08,0.07,0.617,0.419,3339,4334.09,21.156,21.366,22.263,22.632,3242.83,4334.09,1.6,10259,,,  ,69.1,,,,,,,,,,
12,22.632,22.645,22.944,1813.43,15517.7,0.05,0.02,0.01,0.312,0.447,3295,2255,22.263,22.632,23.058,23.224,3295,2255,0.31,5066,,,  ,41.1,,,,,,,,,,
13,23.224,23.287,23.381,3045.1,13268.78,0.04,0.04,0.01,0.157,0.078,3328.79,3309.1,23.058,23.224,23.345,23.44,3328.79,3309.1,1.6,6366,,,  ,73,,,,,,,,,,
14,23.389,23.484,23.561,2486.18,10211.41,0.03,0.03,0,0.172,0.076,3224,3084,23.345,23.44,23.605,23.733,3114.67,3064.54,0.77,5573,,,  ,41,,,,,,,,,,
15,24.051,24.121,24.432,10388.65,97627.33,0.32,0.13,0.05,0.382,0.165,3804.87,4338,23.752,24.044,24.426,24.572,3804.87,4314.83,4.12,14287,,,  ,69.1,,,,,,,,,,
16,24.565,24.636,24.846,3829.42,33000.48,0.11,0.05,0.02,0.281,0.152,4081.99,4005.34,24.426,24.572,25.514,25.73,4081.99,4005.34,3.05,7892,,,  ,57.1,,,,,,,,,,
17,26.506,26.621,26.735,1383.77,11632.01,0.04,0.02,0.01,0.229,0.234,2315,2418,26.296,26.487,26.831,27.022,2290.13,2264.34,1.1,3661,,,  ,57,,,,,,,,,,
18,27.022,27.098,27.238,1920.33,15529.65,0.05,0.02,0.01,0.216,0.172,2308,2122,26.831,27.022,27.467,27.722,2167.35,2035.08,1.81,4041,,,  ,43,,,,,,,,,,
19,27.772,27.836,28.014,4392.57,32606.06,0.11,0.06,0.02,0.242,0.166,2779.17,4131,27.467,27.722,28.021,28.103,2779.17,4013.94,3.69,7499,,,  ,41,,,,,,,,,,
20,28.224,28.281,28.476,37793.08,202479.34,0.66,0.49,0.1,0.252,0.076,10841,11012.43,28.021,28.103,28.809,28.905,10671.49,11012.43,3.55,48542,,,  ,57.1,,,,,,,,,,
21,29.498,29.592,29.732,2739.23,17537.7,0.06,0.04,0.01,0.234,0.124,2380.27,2354.1,29.172,29.369,29.751,29.827,2380.27,2354.1,1.38,5109,,,  ,41,,,,,,,,,,
22,29.975,30.044,30.158,52652,293158.42,0.95,0.68,0.14,0.183,0.087,2908.63,9503,29.751,29.827,30.152,30.177,2908.63,2978.88,2.63,55587,,,  ,57.1,,,,,,,,,,
23,30.158,30.222,30.413,16433.74,101844,0.33,0.21,0.05,0.254,0.094,9503,3215,30.152,30.177,30.362,30.444,2978.88,3076.39,1.85,19437,,,  ,57.1,,,,,,,,,,
24,30.425,30.483,30.577,9633.8,37376.53,0.12,0.12,0.02,0.152,0.056,3434,3139.43,30.362,30.444,30.794,30.941,3081.26,3139.43,2.04,12737,,,  ,43,,,,,,,,,,
25,30.955,31.011,31.157,636141.62,3691133.13,12,8.2,1.8,0.202,0.079,9419.85,182658,30.794,30.941,31.144,31.157,9419.85,29060.8,3.49,650987,,,  ,55.1,,,,,,,,,,
26,31.157,31.202,31.278,339470.42,1210678.73,3.93,4.38,0.59,0.121,0.05,182658,125934,31.144,31.157,31.265,31.284,84702.76,71735.36,1.44,419396,,,  ,55.1,,,,,,,,,,
27,31.278,31.322,31.431,137681.81,499983.97,1.62,1.78,0.24,0.153,0.057,125934,55786,31.265,31.284,31.488,31.551,71735.36,55356.72,0.87,204640,,,  ,55.1,,,,,,,,,,
28,31.617,31.691,31.812,2199342.75,6200430.59,20.15,28.35,3.02,0.195,0.043,47170.33,50059,31.596,31.615,32.06,32.13,47170.33,44839.22,0.69,2245625,,,  ,57.1,,,,,,,,,,
29,32.13,32.162,32.226,5623.86,17605.97,0.06,0.07,0.01,0.095,0.046,19746,18424,32.06,32.13,32.194,32.251,19296.3,16977.24,1.15,24147,,,  ,41.1,,,,,,,,,,
30,32.226,32.27,32.333,8783.66,29226.69,0.09,0.11,0.01,0.107,0.049,18424,14697.44,32.194,32.251,32.608,32.773,16971.5,14697.44,0.69,24806,,,  ,57,,,,,,,,,,
31,32.767,32.83,33.001,41405.28,215711.16,0.7,0.53,0.11,0.234,0.083,8099.54,12748.35,32.608,32.773,32.977,33.034,8099.54,12748.35,2.75,50763,,,  ,57.1,,,,,,,,,,
32,33.032,33.072,33.14,14049.07,47287.56,0.15,0.18,0.02,0.108,0.055,12680.08,11963.37,32.977,33.034,33.136,33.161,12680.08,11963.37,1.53,26465,,,  ,55,,,,,,,,,,
33,33.164,33.199,33.256,16512.5,51543.54,0.17,0.21,0.03,0.092,0.05,12832.5,15834,33.136,33.161,33.25,33.256,12832.5,12832.5,1.88,29345,,,  ,55.1,,,,,,,,,,
34,33.256,33.307,33.414,115501.13,334875.64,1.09,1.49,0.16,0.157,0.044,15834,10878.15,33.25,33.256,33.403,33.435,11638.17,10878.15,1.37,126893,,,  ,57.1,,,,,,,,,,
35,33.433,33.492,33.778,316718.92,1752790.96,5.7,4.08,0.85,0.345,0.075,10801.46,14258,33.403,33.435,33.982,34.039,10801.46,9255.65,3.44,327257,,,  ,57.1,,,,,,,,,,
36,34.021,34.084,34.121,4209.12,12923.18,0.04,0.05,0.01,0.101,0.116,7651.68,7124.9,33.982,34.039,34.217,34.281,7651.68,7124.9,0.34,11532,,,  ,57,,,,,,,,,,
37,34.363,34.44,34.523,410521.39,1448611.73,4.71,5.29,0.71,0.159,0.05,35709,45540,34.217,34.281,34.516,34.523,10093.49,11066.58,1.72,421082,,,  ,57.1,,,,,,,,,,
38,34.523,34.567,34.707,172579.67,624479.77,2.03,2.22,0.3,0.184,0.054,45540,12234.33,34.516,34.523,34.694,34.752,12234.33,12234.33,1.26,184814,,,  ,55.1,,,,,,,,,,
39,34.802,34.892,35.051,3685802.13,11593212.27,37.67,47.52,5.65,0.248,0.047,23865,35138,34.694,34.752,35.28,35.343,12618.33,11494.39,0.66,3698017,,,  ,57.1,,,,,,,,,,
40,35.356,35.407,35.563,69346.54,317191.6,1.03,0.89,0.15,0.207,0.069,12753.77,10805.79,35.28,35.343,35.56,35.623,12753.77,10805.79,2.3,81619,,,  ,57.1,,,,,,,,,,
41,35.585,35.655,35.726,4563.1,18491.28,0.06,0.06,0.01,0.141,0.063,9411,8655.78,35.56,35.623,35.763,35.814,9212.53,8655.78,0.46,13499,,,  ,57.1,,,,,,,,,,
42,35.918,35.998,36.081,32744.39,155318.4,0.5,0.42,0.08,0.163,0.072,8866.74,15722,35.89,35.935,36.068,36.094,8866.74,9190.6,1.63,41771,,,  ,57.1,,,,,,,,,,
43,36.081,36.119,36.208,11400.68,54613.82,0.18,0.15,0.03,0.127,0.094,15722,11378,36.068,36.094,36.183,36.215,9190.6,9442.94,1.87,20667,,,  ,57,,,,,,,,,,
44,36.208,36.259,36.317,12025.16,48053.03,0.16,0.16,0.02,0.108,0.073,11378,13983,36.183,36.215,36.298,36.323,9442.94,9657.4,0.83,21569,,,  ,55.1,,,,,,,,,,
45,36.317,36.38,36.558,263623.45,875625.61,2.85,3.4,0.43,0.242,0.048,13983,10424,36.298,36.323,36.527,36.565,9657.4,10136.78,1.54,273407,,,  ,57.1,,,,,,,,,,
46,36.558,36.628,36.813,158621.44,837753.54,2.72,2.05,0.41,0.254,0.078,10424,13350,36.527,36.565,36.8,36.832,10136.78,10641.42,2.53,168897,,,  ,57.1,,,,,,,,,,
47,36.813,36.876,36.946,9005.43,40480.43,0.13,0.12,0.02,0.133,0.074,13350,10905.22,36.8,36.832,36.953,36.997,10641.42,10905.22,0.82,19773,,,  ,57.1,,,,,,,,,,
48,37.013,37.035,37.067,3231.3,5210.22,0.02,0.04,0,0.054,0.031,11038.9,11479,36.953,36.997,37.061,37.093,11038.9,11147.13,1.98,14315,,,  ,43.1,,,,,,,,,,
49,37.087,37.131,37.188,21684.51,64334.68,0.21,0.28,0.03,0.101,0.046,11147.91,11530,37.061,37.093,37.188,37.214,11147.91,11301.46,1.45,32899,,,  ,55,,,,,,,,,,
50,37.214,37.252,37.309,14597.45,46993.15,0.15,0.19,0.02,0.095,0.054,11353.75,15485,37.188,37.214,37.29,37.322,11353.75,11506.24,1.99,26012,,,  ,55.1,,,,,,,,,,
51,37.354,37.449,37.525,636440.65,2479421.26,8.06,8.21,1.21,0.172,0.05,34292,165621,37.29,37.322,37.519,37.525,11577.55,11852.57,1.27,648171,,,  ,57.1,,,,,,,,,,
52,37.525,37.57,37.697,496091.12,1801986.95,5.86,6.4,0.88,0.172,0.053,165621,24267,37.519,37.525,37.684,37.71,11852.57,12127.62,1.25,508015,,,  ,43.1,,,,,,,,,,
53,37.754,37.894,38.015,7756510.42,30772109.55,100,100,15,0.261,0.061,47527,72735,37.684,37.71,38.187,38.238,20663.7,24797.07,0.34,7779392,,,  ,57.1,,,,,,,,,,
54,38.245,38.302,38.466,208206.59,901787.34,2.93,2.68,0.44,0.221,0.061,34259.18,25492.91,38.187,38.238,38.492,38.55,34259.18,25492.91,1.92,240226,,,  ,57.1,,,,,,,,,,
55,38.531,38.562,38.588,3525.57,8783.53,0.03,0.05,0,0.057,0.049,19643,18623,38.492,38.55,38.588,38.62,19643,18623,0.34,22602,,,  ,57.1,,,,,,,,,,
56,38.635,38.651,38.793,5403.58,27600.36,0.09,0.07,0.01,0.158,0.095,21300.68,19125.57,38.588,38.62,38.779,38.817,21300.68,19125.57,8.04,26478,,,  ,57.1,,,,,,,,,,
57,38.821,38.9,38.925,16948.32,60625.24,0.2,0.22,0.03,0.104,0.121,20350.98,31547,38.779,38.817,38.925,38.982,20350.98,20632.59,1.27,37512,,,  ,57.1,,,,,,,,,,
58,38.925,39.008,39.054,14416.28,82565.35,0.27,0.19,0.04,0.129,0.107,31547,20981.82,38.925,38.982,39.116,39.167,20632.59,20981.82,0.49,35273,,,  ,57.1,,,,,,,,,,
59,39.17,39.243,39.434,194557.1,765865.76,2.49,2.51,0.37,0.264,0.053,12472.74,12308,39.116,39.167,39.485,39.561,12472.74,11595.21,2.03,206787,,,  ,57.1,,,,,,,,,,
60,39.635,39.676,39.775,9887.81,35813.38,0.12,0.13,0.02,0.14,0.052,11806.05,12091.6,39.485,39.561,39.778,39.828,11806.05,12091.6,2.68,21777,,,  ,57.1,,,,,,,,,,
61,39.829,39.892,39.924,23678.62,76840.04,0.25,0.31,0.04,0.095,0.065,12441.52,27923,39.778,39.828,39.917,39.93,12441.52,12951.68,0.9,36460,,,  ,55.1,,,,,,,,,,
62,39.924,39.981,40.038,124828.65,448356.36,1.46,1.61,0.22,0.115,0.054,27923,39892,39.917,39.93,40.032,40.045,12951.68,13564.93,1,138087,,,  ,55.1,,,,,,,,,,
63,40.038,40.089,40.14,104225.49,424856.92,1.38,1.34,0.21,0.102,0.085,39892,73015,40.032,40.045,40.127,40.146,13564.93,14110.09,1,118063,,,  ,55.1,,,,,,,,,,
64,40.14,40.261,40.28,930552.64,3880680.77,12.61,12,1.89,0.14,0.078,73015,810899,40.127,40.146,40.28,40.286,14110.09,14859.55,0.27,945310,,,  ,57.1,,,,,,,,,,
65,40.28,40.318,40.496,1468667.97,5781047.69,18.79,18.93,2.82,0.216,0.065,810899,47973,40.28,40.286,40.477,40.503,14859.55,16017.97,1.99,1483732,,,  ,57.1,,,,,,,,,,
66,40.515,40.636,40.757,5886123.54,20900808.25,67.92,75.89,10.19,0.242,0.052,54777,93105,40.477,40.503,40.891,40.948,34375.72,41866.7,0.45,5924245,,,  ,57.1,,,,,,,,,,
67,40.942,41.005,41.153,136548.43,625130.68,2.03,1.76,0.3,0.211,0.067,46057,31558.65,40.891,40.948,41.183,41.241,45525.86,31558.65,1.78,177867,,,  ,57.1,,,,,,,,,,
68,41.266,41.387,41.45,29195.17,147278.59,0.48,0.38,0.07,0.183,0.062,31556.56,34331.01,41.183,41.241,41.457,41.495,31556.56,34331.01,0.53,62579,,,  ,57.1,,,,,,,,,,
69,41.497,41.597,41.805,84439.95,756032.82,2.46,1.09,0.37,0.308,0.15,33718.34,25110.21,41.457,41.495,41.82,41.858,33718.34,25110.21,1.99,115358,,,  ,57.1,,,,,,,,,,
70,41.857,41.909,42.042,61151.46,246818.31,0.8,0.79,0.12,0.185,0.059,23125.96,19717,41.82,41.858,42.157,42.259,23125.96,19361.62,2.04,83226,,,  ,57.1,,,,,,,,,,
71,42.263,42.316,42.346,3571.11,10935.65,0.04,0.05,0.01,0.083,0.053,16442.33,16058.65,42.157,42.259,42.335,42.386,16442.33,16058.65,0.53,19771,,,  ,57.1,,,,,,,,,,
72,42.43,42.545,42.577,338931.36,1240360.67,4.03,4.37,0.6,0.146,0.065,24195,256315,42.335,42.386,42.57,42.583,17165.22,18587.99,0.53,357210,,,  ,55.1,,,,,,,,,,
73,42.577,42.64,42.704,1338512.48,5321914.43,17.29,17.26,2.59,0.127,0.058,256315,282410,42.57,42.583,42.698,42.71,18587.99,19825.05,1,1357719,,,  ,55.1,,,,,,,,,,
74,42.774,42.895,42.933,7278213.67,26511174.62,86.15,93.83,12.92,0.159,0.053,340214,1621291,42.698,42.71,42.927,42.933,30010.8,35184.96,0.48,7312157,,,  ,57.1,,,,,,,,,,
75,42.933,42.978,43.098,4463945.78,13826438.4,44.93,57.55,6.74,0.165,0.046,1621291,164135,42.927,42.933,43.105,43.118,116867.68,103523.69,0.88,4577221,,,  ,57.1,,,,,,,,,,
76,43.118,43.188,43.347,2105935.22,6939140.78,22.55,27.15,3.38,0.229,0.046,151045,98223,43.105,43.118,43.461,43.499,101984.26,83508.38,1.26,2202274,,,  ,57.1,,,,,,,,,,
77,43.467,43.544,43.643,70932.88,306069.36,0.99,0.91,0.15,0.176,0.062,76247,59588.09,43.461,43.499,43.677,43.741,73758.19,59588.09,0.79,138532,,,  ,57.1,,,,,,,,,,
78,43.741,43.856,43.974,103423.2,621950.82,2.02,1.33,0.3,0.233,0.107,53220.69,61375.51,43.677,43.741,43.957,44.002,53220.69,61375.51,0.97,160640,,,  ,55.1,,,,,,,,,,
79,43.989,44.104,44.306,107694.9,755549.22,2.46,1.39,0.37,0.317,0.1,61586,39572.92,43.957,44.002,44.314,44.384,61182.86,39572.92,1.13,161059,,,  ,57.1,,,,,,,,,,
80,44.366,44.422,44.473,12063.05,42783.11,0.14,0.16,0.02,0.106,0.063,35511.66,32685,44.314,44.384,44.619,44.721,35511.66,32266.35,0.85,45885,,,  ,57.1,,,,,,,,,,
81,44.727,44.746,44.797,3882.77,11433.55,0.04,0.05,0.01,0.07,0.073,25610,25369,44.619,44.721,44.797,44.861,25610,25369,1.57,29427,,,  ,57,,,,,,,,,,
82,44.943,45.071,45.128,3073075.5,11970139.22,38.9,39.62,5.83,0.185,0.052,111417,538317,44.797,44.861,45.122,45.134,25805.5,25805.5,0.82,3098881,,,  ,55.1,,,,,,,,,,
83,45.128,45.147,45.198,559345.5,2046427.4,6.65,7.21,1,0.07,0.083,538317,386207,45.122,45.134,45.192,45.204,25805.5,25805.5,2.25,585151,,,  ,55.1,,,,,,,,,,
84,45.198,45.363,45.484,6046769.04,28444188.18,92.43,77.96,13.86,0.286,0.057,386207,266386,45.192,45.204,45.548,45.567,49619.08,67628.41,0.48,6106793,,,  ,57.1,,,,,,,,,,
85,45.554,45.605,45.783,124356.88,688263.49,2.24,1.6,0.34,0.229,0.101,164500,83016.5,45.548,45.567,45.821,45.91,105093.22,83016.5,1.57,224549,,,  ,57.1,,,,,,,,,,
86,45.903,45.949,46.015,21554.71,78355.85,0.25,0.28,0.04,0.113,0.057,74559.46,69533.69,45.821,45.91,46.063,46.139,74559.46,69533.69,1.16,94062,,,  ,57.1,,,,,,,,,,
87,46.164,46.229,46.343,32914.66,150473.15,0.49,0.42,0.07,0.179,0.065,64603.77,59645.17,46.063,46.139,46.343,46.394,64603.77,59645.17,1.5,95734,,,  ,55.1,,,,,,,,,,
88,46.394,46.578,46.928,29973.68,451267.55,1.47,0.39,0.22,0.534,0.229,56725,45378,46.343,46.394,47.196,47.246,56697.42,44745.19,0.91,82545,,,  ,57.1,,,,,,,,,,
89,47.259,47.361,47.507,236736.75,1415798.11,4.6,3.05,0.69,0.248,0.079,44517.5,94234,47.196,47.246,47.501,47.539,44517.5,48460.03,2.92,282869,,,  ,55.1,,,,,,,,,,
90,47.507,47.596,47.799,65067.14,560648.63,1.82,0.84,0.27,0.292,0.129,94234,56893.64,47.501,47.539,48.411,48.474,74243.17,56893.64,1.35,134016,,,  ,57.1,,,,,,,,,,
91,49.683,49.74,50.114,14460.78,146865.71,0.48,0.19,0.07,0.431,0.204,32243.63,32730.58,49.346,49.689,50.497,50.86,32243.63,32730.58,6.63,46769,,,  ,207,,,,,,,,,,
92,51.118,51.197,51.433,19314.94,143480.87,0.47,0.25,0.07,0.314,0.101,29929.25,30615,50.93,51.121,51.554,51.611,29929.25,30569.13,3.38,49405,,,  ,207,,,,,,,,,,
93,51.973,52.075,52.705,4992.75,110654.78,0.36,0.06,0.05,0.732,0.551,27643,25134,51.77,52.018,52.68,53.252,27643,24848.7,0.94,32247,,,  ,207,,,,,,,,,,
94,53.297,53.526,53.812,8120.92,124579.83,0.4,0.1,0.06,0.515,0.36,27355,28861,52.68,53.252,53.933,54.499,27300.65,28530.1,1.8,35968,,,  ,207,,,,,,,,,,
95,54.506,54.633,54.881,23491.67,209269.98,0.68,0.3,0.1,0.374,0.122,29711.46,32083,53.933,54.499,54.785,54.913,29711.46,31270.89,2.06,53729,,,  ,207,,,,,,,,,,
96,54.881,55.04,55.116,22071.71,198219.66,0.64,0.28,0.1,0.235,0.25,32083,44485,54.785,54.913,55.091,55.205,30945.69,31557.79,1.37,53431,,,  ,207,,,,,,,,,,
97,55.116,55.224,56.032,18483.11,466703.49,1.52,0.24,0.23,0.916,0.403,44485,30526,55.091,55.205,56.77,57.279,32792.88,30031.92,3.32,50950,,,  ,207,,,,,,,,,,
,,,,,,,,,,,,,,,,,,,,,,,,,,,,,,,,,,
 + TIC Scan DR_333.D ,,,,,,,,,,,,,,,,,,,,,,,,,,,,,,,,,,
Peak ,Start,RT,End,Height,Area,Area %,Height %,Area Sum %,Width,FWHM,Start Y,End Y,B1 Start,B1 End,B2 Start,B2 End,Start BL Y,End BL Y,Symmetry,Max Y,SNR,Height % (Norm),Baseline,Base Peak,k',Label,Cpd,Type,Plates,Plates/M,Resolution,Saturated,Tailing factor,Flags (Tgt)
1,4.093,4.125,4.265,48675.38,156735.56,0.83,0.87,0.13,0.172,0.043,40920,25775,4.093,4.1,5.06,5.194,30370.26,25381.22,1.91,78122,,,  ,281,,,,,,,,,,
2,6.062,6.104,6.199,2995.41,13106.58,0.07,0.05,0.01,0.136,0.093,8065.9,8350.41,5.677,6.065,6.18,6.288,8065.9,8350.41,2.41,11147,,,  ,57.1,,,,,,,,,,
3,6.453,6.53,6.587,4756.1,21631.87,0.11,0.09,0.02,0.134,0.077,9959,9244,6.18,6.288,6.67,6.842,9834.71,9210.36,0.61,14234,,,  ,43.1,,,,,,,,,,
4,7.395,7.446,7.653,24341.98,110339.75,0.58,0.44,0.09,0.258,0.048,6818,6572.72,7.121,7.191,8.26,8.324,6741.27,6572.72,4.81,31050,,,  ,73.1,,,,,,,,,,
5,11.702,11.753,11.824,18484.88,50852.86,0.27,0.33,0.04,0.122,0.044,4621,4552.96,11.002,11.696,11.823,11.995,4460.39,4552.96,1.29,22984,,,  ,73.1,,,,,,,,,,
6,15.933,15.977,16.003,2487.01,4996.19,0.03,0.04,0,0.07,0.032,2497,2926,15.386,15.952,15.996,16.086,2497,2926,0.62,5257,,,  ,73.1,,,,,,,,,,
7,19.896,19.966,20.074,3650.73,18461.47,0.1,0.07,0.02,0.178,0.082,2648,2507.02,19.375,19.89,20.081,20.539,2515.69,2507.02,1.61,6163,,,  ,73,,,,,,,,,,
8,23.224,23.287,23.351,2598,8084.34,0.04,0.05,0.01,0.127,0.067,2007,2475,23.077,23.249,23.472,23.523,2007,2475,1.56,4839,,,  ,73,,,,,,,,,,
9,24.142,24.235,24.572,4504.34,57534.87,0.3,0.08,0.05,0.43,0.271,3042.34,3559.38,23.733,24.127,25.654,26.233,3042.34,3559.38,3.74,7659,,,  ,41.1,,,,,,,,,,
10,26.176,26.284,26.36,1828.28,8855.74,0.05,0.03,0.01,0.185,0.078,1488,1537,25.654,26.233,26.436,26.494,1488,1537,0.7,3345,,,  ,41,,,,,,,,,,
11,27.118,27.27,27.295,1551.84,5978.95,0.03,0.03,0.01,0.177,0.119,1865.18,1864,26.786,27.092,27.448,27.817,1865.18,1777.58,0.16,3342,,,  ,41.1,,,,,,,,,,
12,27.834,27.9,28.043,1957.17,12028.94,0.06,0.04,0.01,0.209,0.157,2973.75,3513.79,27.448,27.817,28.129,28.186,2973.75,3513.79,2.38,5101,,,  ,41.1,,,,,,,,,,
13,28.224,28.326,28.619,15435.86,144621.64,0.76,0.28,0.12,0.394,0.145,3833,5080,28.129,28.186,28.854,29.019,3692.48,4996.93,4.01,19465,,,  ,57.1,,,,,,,,,,
14,29.58,29.611,29.7,1386.57,5528.88,0.03,0.02,0,0.121,0.076,2012.87,2110,29.28,29.477,29.745,29.993,2012.87,2049.44,2.95,3409,,,  ,44,,,,,,,,,,
15,30.023,30.069,30.177,33702.5,154696.28,0.82,0.6,0.13,0.154,0.071,9524.5,9747,29.745,29.993,30.177,30.222,9524.5,9524.5,2.21,43227,,,  ,55.1,,,,,,,,,,
16,30.209,30.235,30.277,2411.8,5313.35,0.03,0.04,0,0.068,0.039,9487.1,8713.37,30.177,30.222,30.413,30.464,9487.1,8713.37,1.17,11609,,,  ,57,,,,,,,,,,
17,30.448,30.495,30.597,6098.92,25459.38,0.13,0.11,0.02,0.15,0.068,2777.85,2600,30.413,30.464,30.807,30.96,2777.85,2428.37,2.69,8765,,,  ,56.9,,,,,,,,,,
18,30.96,31.036,31.163,303061.33,2067813.45,10.9,5.43,1.76,0.204,0.129,1742,135724,30.807,30.96,31.144,31.163,1630.67,1630.67,2.57,304692,,,  ,55.1,,,,,,,,,,
19,31.163,31.208,31.284,290356.69,1208958.69,6.37,5.21,1.03,0.121,0.062,135724,99474,31.144,31.163,31.278,31.291,20483.55,30434.06,1.3,314506,,,  ,55.1,,,,,,,,,,
20,31.284,31.329,31.497,93982.89,420454.64,2.22,1.69,0.36,0.213,0.078,99474,40016.35,31.278,31.291,31.513,31.564,45547.18,40016.35,1.7,138375,,,  ,55.1,,,,,,,,,,
21,31.564,31.577,31.611,3995.17,6274.61,0.03,0.07,0.01,0.047,0.023,36408,35088.06,31.513,31.564,31.596,31.621,35782.52,35088.06,1.16,39589,,,  ,55.1,,,,,,,,,,
22,31.623,31.685,31.844,839144.96,2670430.92,14.08,15.05,2.27,0.221,0.046,35495.86,33450,31.596,31.621,32.073,32.169,35495.86,27070.38,1.19,872278,,,  ,57.1,,,,,,,,,,
23,32.241,32.283,32.338,4778.39,12139.03,0.06,0.09,0.01,0.097,0.106,15865.4,13163.7,32.194,32.264,32.633,32.805,15865.4,13163.7,0.4,19484,,,  ,57.1,,,,,,,,,,
24,32.801,32.868,33.021,23705.8,127634.81,0.67,0.43,0.11,0.22,0.082,8165.6,10871,32.633,32.805,32.989,33.053,8165.6,10735.48,3.01,32659,,,  ,57.1,,,,,,,,,,
25,33.051,33.097,33.172,13373.83,46609.93,0.25,0.24,0.04,0.121,0.059,11844.44,10881.59,32.989,33.053,33.167,33.199,11844.44,10881.59,1.2,24846,,,  ,43.1,,,,,,,,,,
26,33.195,33.231,33.256,4496.44,11801.3,0.06,0.08,0.01,0.062,0.05,10698.82,12255,33.167,33.199,33.25,33.269,10698.82,10207.14,1.08,14906,,,  ,55,,,,,,,,,,
27,33.256,33.32,33.409,47813.84,161915.12,0.85,0.86,0.14,0.153,0.052,12255,8993.94,33.25,33.269,33.409,33.46,10207.14,8993.94,1.25,57515,,,  ,57.1,,,,,,,,,,
28,33.46,33.524,33.874,143893.4,895630.35,4.72,2.58,0.76,0.413,0.088,8622.76,9268,33.409,33.46,33.963,34.064,8622.76,7263.36,2.85,152308,,,  ,57.1,,,,,,,,,,
29,34.363,34.446,34.522,348574.19,1273740.04,6.72,6.25,1.08,0.159,0.051,27837,40621,34.198,34.325,34.516,34.529,6559.8,8473.03,1.53,356129,,,  ,55.1,,,,,,,,,,
30,34.522,34.567,34.695,133117,503890.14,2.66,2.39,0.43,0.173,0.056,40621,10769,34.516,34.529,34.694,34.764,10769,10769,1.32,143886,,,  ,43.1,,,,,,,,,,
31,34.802,34.879,35.038,2062336.82,6457832.7,34.05,36.98,5.48,0.235,0.045,15524,31640,34.694,34.764,35.292,35.356,13908.05,16073.14,0.98,2076947,,,  ,57.1,,,,,,,,,,
32,35.365,35.42,35.553,36053.03,168076.45,0.89,0.65,0.14,0.188,0.071,11177.15,9732,35.292,35.356,35.572,35.629,11177.15,9541.45,1.98,46755,,,  ,57.1,,,,,,,,,,
33,35.604,35.674,35.712,3306.92,10875.11,0.06,0.06,0.01,0.108,0.07,7492,7449,35.572,35.629,35.731,35.878,7443.6,7169.23,0.51,10573,,,  ,57,,,,,,,,,,
34,35.953,35.998,36.088,20188.49,96351.11,0.51,0.36,0.08,0.134,0.077,7747.44,14290,35.731,35.878,36.075,36.107,7747.44,7985.81,2.75,28016,,,  ,57.1,,,,,,,,,,
35,36.088,36.126,36.221,9962.35,43238.58,0.23,0.18,0.04,0.134,0.087,14290,8268,36.075,36.107,36.196,36.234,7985.81,8223.26,1.57,18016,,,  ,57.1,,,,,,,,,,
36,36.221,36.285,36.323,9804.65,39253.36,0.21,0.18,0.03,0.102,0.087,8268,13667,36.196,36.234,36.31,36.336,7796.3,7972.38,0.86,17711,,,  ,55.1,,,,,,,,,,
37,36.323,36.38,36.552,147306.56,561676.18,2.96,2.64,0.48,0.229,0.055,13667,8367.86,36.31,36.336,36.552,36.584,7972.38,8367.86,2.12,155378,,,  ,57.1,,,,,,,,,,
38,36.584,36.647,36.826,84500.56,414735.47,2.19,1.52,0.35,0.241,0.073,8088.37,8898,36.552,36.584,36.806,36.845,8088.37,7958.43,2.35,92555,,,  ,57.1,,,,,,,,,,
39,36.826,36.876,36.956,5695,22943.76,0.12,0.1,0.02,0.131,0.062,8898,7887.92,36.806,36.845,36.959,37.01,7958.43,7887.92,1.02,13626,,,  ,57.1,,,,,,,,,,
40,37.099,37.137,37.195,12334.25,33213.33,0.18,0.22,0.03,0.095,0.044,7871.63,8801,37.055,37.099,37.188,37.214,7871.63,8527.83,1.45,20467,,,  ,55.1,,,,,,,,,,
41,37.214,37.252,37.309,12462.1,35124.73,0.19,0.22,0.03,0.095,0.044,8775.1,10794,37.188,37.214,37.29,37.322,8775.1,9539.71,2.11,21539,,,  ,55.1,,,,,,,,,,
42,37.36,37.449,37.519,547773.9,1999714.17,10.54,9.82,1.7,0.159,0.049,27182,121974,37.29,37.322,37.513,37.525,12937.39,16894.08,1.44,562927,,,  ,57.1,,,,,,,,,,
43,37.519,37.57,37.696,434457.5,1514775.38,7.99,7.79,1.29,0.177,0.05,121974,21404.5,37.513,37.525,37.684,37.716,21404.5,21404.5,1.01,455862,,,  ,57.1,,,,,,,,,,
44,37.754,37.875,37.996,5576641.19,18964388.09,100,100,16.1,0.242,0.051,35921,62246,37.684,37.716,38.181,38.238,22477.89,25423.53,0.39,5600592,,,  ,57.1,,,,,,,,,,
45,38.242,38.302,38.471,108351.56,532295.53,2.81,1.94,0.45,0.229,0.068,21375.89,16866.96,38.181,38.238,38.575,38.626,21375.89,16866.96,2.06,128550,,,  ,57.1,,,,,,,,,,
46,38.823,38.906,39.108,20433.34,177495.77,0.94,0.37,0.15,0.284,0.162,13093,9544.48,38.702,38.823,39.109,39.186,12773.53,9544.48,1.94,32268,,,  ,57.1,,,,,,,,,,
47,39.179,39.243,39.471,113063.25,477211.66,2.52,2.03,0.41,0.292,0.057,9090.02,8480.39,39.109,39.186,39.478,39.555,9090.02,8480.39,2.44,122020,,,  ,57.1,,,,,,,,,,
48,39.632,39.669,39.72,5733.26,15097.82,0.08,0.1,0.01,0.088,0.042,8491.46,8730,39.478,39.555,39.784,39.841,8491.46,8418.96,1.44,14194,,,  ,57.1,,,,,,,,,,
49,39.822,39.892,39.924,17400.67,55142.67,0.29,0.31,0.05,0.102,0.062,7788,19891,39.784,39.841,39.905,39.93,7677.33,7677.33,0.89,25078,,,  ,55.1,,,,,,,,,,
50,39.924,39.981,40.038,118065.67,418606.34,2.21,2.12,0.36,0.115,0.054,19891,33008,39.905,39.93,40.032,40.051,7677.33,7677.33,0.92,125743,,,  ,55.1,,,,,,,,,,
51,40.038,40.083,40.146,85890.67,384304.81,2.03,1.54,0.33,0.108,0.093,33008,56762,40.032,40.051,40.134,40.153,7677.33,7677.33,1.37,93568,,,  ,55.1,,,,,,,,,,
52,40.146,40.261,40.28,829025.67,3252077.76,17.15,14.87,2.76,0.134,0.07,56762,715321,40.134,40.153,40.28,40.286,7677.33,7677.33,0.28,836703,,,  ,57.1,,,,,,,,,,
53,40.28,40.312,40.496,1009484.67,4067894.83,21.45,18.1,3.45,0.216,0.06,715321,36460,40.28,40.286,40.477,40.503,7677.33,7677.33,2.66,1017162,,,  ,57.1,,,,,,,,,,
54,40.509,40.617,40.738,3619330.36,11872113.45,62.6,64.9,10.08,0.229,0.048,39615,71576,40.477,40.503,40.923,40.948,19035.55,22589.31,0.65,3640044,,,  ,57.1,,,,,,,,,,
55,40.951,41.005,41.132,67590.79,315045.99,1.66,1.21,0.27,0.181,0.069,27046.02,22730.41,40.923,40.948,41.171,41.253,27046.02,22730.41,1.97,93342,,,  ,57.1,,,,,,,,,,
56,41.274,41.393,41.47,16997,80793.38,0.43,0.3,0.07,0.196,0.056,20124,20579,41.171,41.253,41.451,41.514,20124,20124,0.58,37121,,,  ,57.1,,,,,,,,,,
57,41.47,41.61,41.823,48135.92,439321.12,2.32,0.86,0.37,0.353,0.156,20579,15298.17,41.451,41.514,41.813,41.864,18385.9,15298.17,1.55,65298,,,  ,57.1,,,,,,,,,,
58,41.86,41.921,42.049,29402.06,121555.45,0.64,0.53,0.1,0.188,0.059,15200.98,13242,41.813,41.864,42.157,42.265,15200.98,13070.4,1.62,43911,,,  ,57.1,,,,,,,,,,
59,42.479,42.545,42.577,185104.64,583953.97,3.08,3.32,0.5,0.098,0.064,29164.86,148349,42.335,42.405,42.57,42.583,29164.86,29241.05,0.82,214321,,,  ,55.1,,,,,,,,,,
60,42.577,42.634,42.704,758059.52,2861015.43,15.09,13.59,2.43,0.127,0.055,148349,161799,42.57,42.583,42.698,42.71,29241.05,29339.8,1.2,787345,,,  ,55.1,,,,,,,,,,
61,42.768,42.869,42.914,4060006.83,13844100.63,73,72.8,11.75,0.146,0.05,210520,922766,42.698,42.71,42.908,42.914,29389.17,29502.73,0.71,4089475,,,  ,57.1,,,,,,,,,,
62,42.914,42.952,43.105,2219278.65,7507791.72,39.59,39.8,6.37,0.191,0.047,922766,99304,42.908,42.914,43.092,43.111,29502.73,29650.84,1.48,2248811,,,  ,57.1,,,,,,,,,,
63,43.105,43.181,43.34,1048968.91,4127538.58,21.76,18.81,3.5,0.235,0.05,99304,66049,43.092,43.111,43.455,43.493,29650.84,29833.52,1.49,1078679,,,  ,57.1,,,,,,,,,,
64,43.493,43.556,43.709,42682.61,237388.93,1.25,0.77,0.2,0.216,0.083,42634,30572,43.455,43.493,43.665,43.741,29952.02,30119.88,1.03,72684,,,  ,57.1,,,,,,,,,,
65,43.736,43.875,43.989,48545.75,339394.88,1.79,0.87,0.29,0.253,0.116,30140.44,36979,43.665,43.741,43.957,44.021,30140.44,30337.12,1.29,78794,,,  ,55.1,,,,,,,,,,
66,43.989,44.11,44.273,55869.07,412522.47,2.18,1,0.35,0.284,0.107,36979,30557.47,43.957,44.021,44.314,44.403,30337.12,30557.47,0.88,86300,,,  ,57.1,,,,,,,,,,
67,44.384,44.428,44.485,5162.87,17678.78,0.09,0.09,0.02,0.102,0.073,23751,21122,44.314,44.403,44.568,44.867,23751,20791.5,0.33,27619,,,  ,57.1,,,,,,,,,,
68,44.956,45.052,45.198,1198483.5,6295480.27,33.2,21.49,5.34,0.242,0.061,81242,234809,44.568,44.867,45.185,45.198,17998.5,17998.5,2.35,1216482,,,  ,55.1,,,,,,,,S,,
69,45.198,45.331,45.567,2635155.57,14836571.34,78.23,47.25,12.6,0.369,0.063,234809,125069,45.185,45.198,45.561,45.599,41208.76,62748.56,1.1,2684164,,,  ,57.1,,,,,,,,,,
70,45.573,45.611,45.758,47201.9,270871.43,1.43,0.85,0.23,0.185,0.099,123168,67862,45.561,45.599,45.853,45.942,92404.64,67492.15,1.63,134453,,,  ,57.1,,,,,,,,,,
71,45.936,45.955,46.055,5414.68,25431.77,0.13,0.1,0.02,0.119,0.142,49392,44475.8,45.853,45.942,46.114,46.19,49220.31,44475.8,0.54,53874,,,  ,57.1,,,,,,,,,,
72,46.218,46.553,47.024,88108.53,1547510.65,8.16,1.58,1.31,0.805,0.234,43894.29,42520,46.114,46.19,47.145,47.329,43894.29,41872.96,1.23,131163,,,  ,257.2,,,,,,,,,,
73,47.333,47.431,47.596,76859.5,651965.62,3.44,1.38,0.55,0.263,0.127,40947.51,65274,47.145,47.329,47.558,47.615,40947.51,40594.6,2.58,117676,,,  ,55.1,,,,,,,,,,
74,47.596,47.666,47.972,38072.29,406380.56,2.14,0.68,0.35,0.375,0.214,65274,40445,47.558,47.615,49.467,49.543,40594.6,40091.01,1.85,78573,,,  ,57.1,,,,,,,,,,
75,49.823,49.842,50.052,7822.75,48321.14,0.25,0.14,0.04,0.229,0.201,29105,28718,49.562,49.798,50.402,50.453,28593.49,28254.56,11.28,36388,,,  ,207,,,,,,,,,,
76,51.265,51.356,51.401,4310.71,17979.57,0.09,0.08,0.02,0.135,0.092,26723.8,27084,51.159,51.235,51.573,51.903,26723.8,26705.16,0.49,31022,,,  ,207,,,,,,,,,,
77,52.082,52.101,52.234,4312.32,17816.45,0.09,0.08,0.02,0.153,0.189,26261,26467,51.573,51.903,52.546,52.629,26245.17,26105.22,1.82,30540,,,  ,207,,,,,,,,,,
78,53.227,53.418,53.647,7085.57,95510.57,0.5,0.13,0.08,0.42,0.403,25448,27319,52.699,53.112,53.812,54.13,25448,27319,2.42,33384,,,  ,207,,,,,,,,,,
79,54.181,54.213,54.389,5945.78,33894.81,0.18,0.11,0.03,0.208,0.187,27602,27668.06,53.812,54.13,54.391,54.607,27447.56,27668.06,5.69,33427,,,  ,207,,,,,,,,,,
80,54.617,54.722,54.863,11018.39,76328.6,0.4,0.2,0.06,0.246,0.12,28942.32,33585.12,54.391,54.607,54.862,54.983,28942.32,33585.12,1.82,41937,,,  ,207,,,,,,,,,,
81,55.021,55.193,55.765,32036.55,589586.93,3.11,0.57,0.5,0.744,0.275,36727.18,35264,54.862,54.983,56.548,57.012,36727.18,34727.42,2.59,68303,,,  ,257.2,,,,,,,,,,
82,57.439,57.636,57.674,6263.52,51663.07,0.27,0.11,0.04,0.235,0.257,28962.87,32617,57.025,57.356,57.642,57.712,28962.87,29479.39,0.39,35659,,,  ,207.1,,,,,,,,,,
83,57.674,57.871,57.966,8270.06,111056.2,0.59,0.15,0.09,0.293,0.337,32617,33214,57.642,57.712,57.877,57.992,29479.39,30122.73,0.53,38183,,,  ,207,,,,,,,,,,
,,,,,,,,,,,,,,,,,,,,,,,,,,,,,,,,,,
 + TIC Scan DR_334.D ,,,,,,,,,,,,,,,,,,,,,,,,,,,,,,,,,,
Peak ,Start,RT,End,Height,Area,Area %,Height %,Area Sum %,Width,FWHM,Start Y,End Y,B1 Start,B1 End,B2 Start,B2 End,Start BL Y,End BL Y,Symmetry,Max Y,SNR,Height % (Norm),Baseline,Base Peak,k',Label,Cpd,Type,Plates,Plates/M,Resolution,Saturated,Tailing factor,Flags (Tgt)
1,4.093,4.125,4.265,36991.59,121851.32,0.48,0.5,0.07,0.172,0.043,36194,22875,4.093,4.1,4.997,5.188,26518.76,22548.87,2.11,62775,,,  ,281,,,,,,,,,,
2,6.053,6.097,6.174,2892.1,11602.19,0.05,0.04,0.01,0.121,0.086,8279,8803,5.69,6.053,6.142,6.256,8263.16,8533.92,2.12,11255,,,  ,43.1,,,,,,,,,,
3,6.264,6.307,6.441,3802.01,17950.46,0.07,0.05,0.01,0.177,0.081,9750.39,10390,6.142,6.256,6.358,6.466,9750.39,10117.44,3.71,13642,,,  ,57,,,,,,,,,,
4,6.458,6.517,6.575,5604,20983.95,0.08,0.08,0.01,0.116,0.068,10153.08,10615,6.358,6.466,6.632,6.835,10153.08,10394.9,0.79,15880,,,  ,43.1,,,,,,,,,,
5,6.88,6.899,6.969,2417.31,6421.14,0.03,0.03,0,0.089,0.308,8881,9008,6.632,6.835,7.262,7.402,8881,8664.86,0.26,11252,,,  ,57.1,,,,,,,,,,
6,7.396,7.446,7.624,19150.12,75291.62,0.29,0.26,0.04,0.228,0.044,7692.13,7999,7.262,7.402,8.909,9.539,7692.13,7113.64,3.15,26716,,,  ,73.1,,,,,,,,,,
7,9.539,9.73,10.525,4560.1,132763.4,0.52,0.06,0.07,0.986,0.533,4865,4973,8.909,9.539,11.034,11.709,4865,4973,4.2,9446,,,  ,43.1,,,,,,,,,,
8,11.709,11.753,11.819,17969.76,48621.23,0.19,0.24,0.03,0.11,0.043,5491.31,5667.94,11.034,11.709,11.817,12.065,5491.31,5667.94,1.2,23532,,,  ,341,,,,,,,,,,
9,12.198,12.224,12.23,1699.68,1813.81,0.01,0.02,0,0.032,0.154,6061,5948,11.817,12.065,14.616,15.946,5885.3,5861.57,0.04,7566,,,  ,41.1,,,,,,,,,,
10,15.947,15.971,16.022,2311.05,4632.02,0.02,0.03,0,0.075,0.036,3645.43,3677.74,14.616,15.946,15.99,16.086,3645.43,3677.74,2.16,5967,,,  ,43,,,,,,,,,,
11,16.023,16.098,16.244,2386.28,14126.12,0.06,0.03,0.01,0.221,0.114,3678.16,3773.23,15.99,16.086,16.315,16.506,3678.16,3773.23,2.09,6097,,,  ,43,,,,,,,,,,
12,19.867,19.935,19.998,4244.14,18026.16,0.07,0.06,0.01,0.131,0.077,2609.02,2804,19.209,19.661,20.068,20.386,2609.02,2666.84,0.98,6883,,,  ,73.1,,,,,,,,,,
13,23.217,23.262,23.313,4706.35,14996.94,0.06,0.06,0.01,0.095,0.052,2224,2864,22.982,23.217,23.828,24.032,2224,2864,1.23,7229,,,  ,73,,,,,,,,,,
14,24.037,24.127,24.453,11623.63,127343.04,0.5,0.16,0.07,0.415,0.169,3029.78,4211.75,23.828,24.032,24.452,24.566,3029.78,4211.75,4.12,14909,,,  ,43.1,,,,,,,,,,
15,24.566,24.63,24.872,3574.97,32726.87,0.13,0.05,0.02,0.305,0.151,3941,4069,24.452,24.566,25.718,25.972,3813.29,3912.84,3.91,7409,,,  ,57.1,,,,,,,,,,
16,26.214,26.265,26.297,2555.01,6269.5,0.02,0.03,0,0.083,0.038,1864,2098,25.718,25.972,26.297,26.449,1864,2098,0.74,4563,,,  ,73,,,,,,,,,,
17,26.424,26.596,26.767,1836.57,21629.45,0.08,0.02,0.01,0.343,0.266,2179,2159.97,26.297,26.449,26.736,26.971,2150.88,2159.97,0.97,3992,,,  ,57.1,,,,,,,,,,
18,26.966,27.022,27.295,4612.75,42485.35,0.17,0.06,0.02,0.33,0.181,2027.68,2233,26.736,26.971,27.397,27.734,2027.68,2072.03,5.04,6648,,,  ,57.1,,,,,,,,,,
19,27.752,27.804,27.855,11533.67,44168.98,0.17,0.16,0.02,0.103,0.076,4900.33,9870,27.397,27.734,27.83,27.868,4900.33,4900.33,1.33,16434,,,  ,83.1,,,,,,,,,,
20,27.855,27.893,28.002,9615.28,41457.22,0.16,0.13,0.02,0.146,0.068,9870,6403,27.83,27.868,28.027,28.078,7855.82,6168.63,1.21,17031,,,  ,55.1,,,,,,,,,,
21,28.084,28.275,28.619,61544.83,507491.49,1.98,0.83,0.28,0.534,0.087,6593,6089,28.027,28.078,28.943,29,5374.55,4250.66,1.52,66518,,,  ,57.1,,,,,,,,,,
22,28.994,29.026,29.089,2462.89,7533.98,0.03,0.03,0,0.095,0.071,3182,2807,28.943,29,29.121,29.433,3139.34,2807,1.6,5491,,,  ,73.1,,,,,,,,,,
23,29.488,29.554,29.618,9413.41,44276.89,0.17,0.13,0.02,0.129,0.09,3144.99,7339,29.121,29.433,29.605,29.649,3144.99,3374.79,1.9,12675,,,  ,57.1,,,,,,,,,,
24,29.618,29.656,29.738,6782.29,29818.8,0.12,0.09,0.02,0.121,0.089,7339,3691,29.605,29.649,29.738,29.828,3374.79,3589.86,1.56,10225,,,  ,41,,,,,,,,,,
25,29.956,30.018,30.146,72906.67,387601.35,1.51,0.99,0.22,0.19,0.083,3848.76,12413,29.84,29.955,30.133,30.158,3848.76,4241.63,3.24,76885,,,  ,57.1,,,,,,,,,,
26,30.146,30.203,30.356,22601.85,121685.57,0.47,0.31,0.07,0.21,0.083,12413,4756,30.133,30.158,30.375,30.419,4241.63,4676.12,1.53,26962,,,  ,57.1,,,,,,,,,,
27,30.415,30.47,30.594,17789.37,67422.68,0.26,0.24,0.04,0.179,0.056,4104.08,3903.86,30.375,30.419,30.629,30.845,4104.08,3903.86,2.08,21832,,,  ,57.1,,,,,,,,,,
28,30.935,30.998,31.138,769574.45,4407936.84,17.18,10.43,2.47,0.203,0.08,4013.84,197274,30.629,30.845,31.132,31.144,4013.84,5089.84,3.84,773924,,,  ,55.1,,,,,,,,,,
29,31.138,31.202,31.265,1375827.56,4512129.78,17.59,18.64,2.52,0.127,0.046,197274,164364,31.132,31.144,31.259,31.272,5089.84,5762.95,1,1381254,,,  ,55.1,,,,,,,,,,
30,31.265,31.316,31.469,824828.89,3028225.63,11.81,11.18,1.69,0.204,0.046,164364,54619,31.259,31.272,31.456,31.488,5762.95,6839.84,1.31,830861,,,  ,55.1,,,,,,,,,,
31,31.469,31.494,31.539,53505.54,209868.46,0.82,0.72,0.12,0.07,0.095,54619,54385,31.456,31.488,31.513,31.552,6839.84,7210.03,1.5,60480,,,  ,55.1,,,,,,,,,,
32,31.539,31.583,31.609,65657.41,244390.73,0.95,0.89,0.14,0.07,0.102,54385,63318,31.513,31.552,31.596,31.615,7210.03,7580.22,0.45,73103,,,  ,55.1,,,,,,,,,,
33,31.609,31.711,31.832,4519850.79,14618622.99,56.99,61.24,8.18,0.223,0.05,63318,68258,31.596,31.615,32.054,32.124,15999.96,19831.09,0.43,4537602,,,  ,57.1,,,,,,,,,,
34,32.12,32.15,32.22,6683.18,26088.89,0.1,0.09,0.01,0.1,0.055,25333.24,20949,32.054,32.124,32.213,32.251,25333.24,20150.93,1.36,30461,,,  ,43,,,,,,,,,,
35,32.22,32.277,32.315,5873.89,17301.21,0.07,0.08,0.01,0.095,0.054,20949,18738,32.213,32.251,32.582,32.748,20690.4,18506.84,0.39,25254,,,  ,57.1,,,,,,,,,,
36,32.748,32.799,32.951,77129.61,417249.82,1.63,1.05,0.23,0.203,0.096,10416.06,18992,32.582,32.748,32.939,32.958,10416.06,13297.29,4.57,88263,,,  ,57.1,,,,,,,,,,
37,32.951,32.977,33.015,11684,30731,0.12,0.16,0.02,0.064,0.047,18992,19785,32.939,32.958,33.002,33.028,15867,15867,1.33,27551,,,  ,57,,,,,,,,,,
38,33.015,33.066,33.128,20484,77306.46,0.3,0.28,0.04,0.113,0.059,19785,15867,33.002,33.028,33.123,33.148,15867,15867,0.86,36351,,,  ,43,,,,,,,,,,
39,33.151,33.193,33.232,16033.64,42363.12,0.17,0.22,0.02,0.081,0.045,16665.58,17350.88,33.123,33.148,33.231,33.257,16665.58,17350.88,0.99,33051,,,  ,55.1,,,,,,,,,,
40,33.256,33.301,33.363,167836.92,431515.4,1.68,2.27,0.24,0.107,0.041,17550.21,18456.16,33.231,33.257,33.384,33.416,17550.21,18456.16,1.27,185771,,,  ,57.1,,,,,,,,,,
41,33.419,33.473,33.67,694395.2,2998905.55,11.69,9.41,1.68,0.251,0.054,18934.73,28753,33.384,33.416,33.963,34.039,18934.73,21061.21,2.96,713785,,,  ,57.1,,,,,,,,,,
42,34.02,34.065,34.115,3603.38,11276.04,0.04,0.05,0.01,0.095,0.049,9936,9228,33.963,34.039,34.224,34.268,9936,9228,1.04,13209,,,  ,43.1,,,,,,,,,,
43,34.319,34.364,34.383,65863.83,141652.9,0.55,0.89,0.08,0.063,0.042,10065.17,65835,34.224,34.268,34.376,34.389,10065.17,10065.17,0.8,75929,,,  ,67.1,,,,,,,,,,
44,34.383,34.44,34.51,957129.8,2911485.82,11.35,12.97,1.63,0.127,0.045,65835,78214,34.376,34.389,34.504,34.51,13895.26,19177.81,1.24,973402,,,  ,57.1,,,,,,,,,,
45,34.51,34.561,34.682,651951.14,2042716.69,7.96,8.83,1.14,0.172,0.046,78214,26460.97,34.504,34.51,34.694,34.758,27481.42,26460.97,1.2,679130,,,  ,55.1,,,,,,,,,,
46,34.796,34.904,35.025,5308277.23,16389299.22,63.89,71.92,9.17,0.229,0.047,33882,54212,34.694,34.758,35.286,35.337,25779.72,24418.33,0.42,5333414,,,  ,57.1,,,,,,,,,,
47,35.339,35.407,35.541,73133.77,320383.83,1.25,0.99,0.18,0.202,0.063,15104.71,13454,35.286,35.337,35.541,35.63,15104.71,13028.82,1.51,87537,,,  ,57.1,,,,,,,,,,
48,35.604,35.655,35.697,3979.7,12279.12,0.05,0.05,0.01,0.093,0.133,12543,11126.67,35.541,35.63,35.7,35.833,12166.88,11126.67,0.34,15576,,,  ,57.1,,,,,,,,,,
49,35.906,35.967,36.075,50125.57,262678.09,1.02,0.68,0.15,0.169,0.082,11457.44,24377,35.7,35.833,36.043,36.081,11457.44,15571.21,2.47,63058,,,  ,57.1,,,,,,,,,,
50,36.075,36.107,36.176,17749,60893.35,0.24,0.24,0.03,0.101,0.061,24377,18210,36.043,36.081,36.17,36.202,18210,18210,0.98,35959,,,  ,43.1,,,,,,,,,,
51,36.205,36.247,36.298,19539.39,52840.79,0.21,0.26,0.03,0.093,0.045,19977.86,19631,36.17,36.202,36.291,36.323,19977.86,19588.94,1.06,39342,,,  ,55.1,,,,,,,,,,
52,36.315,36.38,36.477,275024.12,824809.31,3.22,3.73,0.46,0.162,0.045,19575.14,18484.55,36.291,36.323,36.501,36.546,19575.14,18484.55,1.06,294158,,,  ,57.1,,,,,,,,,,
53,36.552,36.603,36.826,369707.18,1726759.56,6.73,5.01,0.97,0.274,0.065,17897.59,19371,36.501,36.546,36.794,36.832,17897.59,15897.81,3.01,387230,,,  ,57.1,,,,,,,,,,
54,36.826,36.864,36.935,10219.76,35102.38,0.14,0.14,0.02,0.109,0.063,19371,14928.8,36.794,36.832,36.953,37.01,15767.09,14928.8,0.78,25694,,,  ,57.1,,,,,,,,,,
55,37.095,37.125,37.167,7867.1,18056.14,0.07,0.11,0.01,0.072,0.04,13239.84,13679.88,37.048,37.093,37.176,37.22,13239.84,13679.88,1.42,21289,,,  ,55,,,,,,,,,,
56,37.224,37.252,37.296,4005.16,8985.87,0.04,0.05,0.01,0.072,0.061,14028.38,14467.86,37.176,37.22,37.265,37.322,14028.38,14467.86,1.6,18206,,,  ,55,,,,,,,,,,
57,37.366,37.449,37.513,833681.07,2723643.12,10.62,11.3,1.52,0.146,0.046,42461,137669,37.265,37.322,37.513,37.519,19194.62,24939.91,1.53,856123,,,  ,57.1,,,,,,,,,,
58,37.513,37.57,37.685,714268.82,2368890.53,9.23,9.68,1.33,0.172,0.048,137669,33601.89,37.513,37.519,37.685,37.71,35906.31,33601.89,0.87,749409,,,  ,43.1,,,,,,,,,,
59,37.755,37.882,38.003,7380421.27,25651885.84,100,100,14.35,0.248,0.053,55662,71611,37.685,37.71,38.187,38.238,32672.11,29352.75,0.37,7411391,,,  ,57.1,,,,,,,,,,
60,38.238,38.295,38.483,162194.34,759086.05,2.96,2.2,0.42,0.245,0.063,28814,21726.53,38.187,38.238,38.582,38.632,25558.94,21726.53,2.38,186858,,,  ,57.1,,,,,,,,,,
61,38.804,38.906,39.122,20588.44,191886.65,0.75,0.28,0.11,0.318,0.164,17274,15152,38.753,38.83,39.135,39.186,17074.96,14704.75,2.28,36905,,,  ,57.1,,,,,,,,,,
62,39.182,39.243,39.421,127917.3,498985.3,1.95,1.73,0.28,0.239,0.053,14319.52,12430.99,39.135,39.186,39.453,39.549,14319.52,12430.99,1.92,141755,,,  ,57.1,,,,,,,,,,
63,39.634,39.669,39.733,6468.27,20727.07,0.08,0.09,0.01,0.1,0.051,12076.93,12343,39.453,39.549,39.765,39.848,12076.93,11998.84,2.01,18517,,,  ,57.1,,,,,,,,,,
64,39.944,39.981,40.038,43564.43,116178.08,0.45,0.59,0.06,0.094,0.042,25096.9,26309,39.765,39.848,40.026,40.045,25096.9,24931.15,1.37,68596,,,  ,55.1,,,,,,,,,,
65,40.038,40.096,40.134,40036.3,142603.32,0.56,0.54,0.08,0.095,0.074,26309,48683,40.026,40.045,40.121,40.14,24931.15,24763.75,0.92,64867,,,  ,55.1,,,,,,,,,,
66,40.134,40.255,40.287,839349.29,3383266.2,13.19,11.37,1.89,0.153,0.062,48683,726948,40.121,40.14,40.28,40.287,24763.75,24495.93,0.4,863901,,,  ,57.1,,,,,,,,,,
67,40.287,40.312,40.49,915254.71,3478791.42,13.56,12.4,1.95,0.204,0.061,726948,40600,40.28,40.287,40.477,40.503,24495.93,24138.84,2.71,939706,,,  ,57.1,,,,,,,,,,
68,40.516,40.611,40.732,3370596.2,10934302.63,42.63,45.67,6.12,0.216,0.047,50288,74311,40.477,40.503,40.885,40.948,24094.2,23714.79,0.72,3394523,,,  ,57.1,,,,,,,,,,
69,40.936,41.005,41.184,100920.06,547081.81,2.13,1.37,0.31,0.248,0.076,34378,23167,40.885,40.948,41.184,41.254,23357.7,22922.48,0.91,124155,,,  ,57.1,,,,,,,,,,
70,41.254,41.387,41.476,20780.61,123731.28,0.48,0.28,0.07,0.222,0.069,22799.07,24306,41.184,41.254,41.444,41.514,22799.07,22409.13,0.67,43346,,,  ,57.1,,,,,,,,,,
71,41.476,41.597,41.807,62387.5,572797.71,2.23,0.85,0.32,0.331,0.155,24306,20211,41.444,41.514,41.807,41.858,20907.68,19743.95,2.03,82870,,,  ,57.1,,,,,,,,,,
72,41.845,41.909,42.033,38517.49,142981.62,0.56,0.52,0.08,0.188,0.053,19077,17995.99,41.807,41.858,42.125,42.259,18793.55,17995.99,1.49,57041,,,  ,57.1,,,,,,,,,,
73,42.437,42.545,42.571,190183.85,671802.68,2.62,2.58,0.38,0.134,0.063,21116,156461,42.354,42.392,42.564,42.577,15966.69,17103.75,0.48,207071,,,  ,55.1,,,,,,,,,,
74,42.571,42.634,42.698,802219.81,3170701.6,12.36,10.87,1.77,0.127,0.058,156461,177383,42.564,42.577,42.691,42.704,17103.75,18186.63,1,819865,,,  ,55.1,,,,,,,,,,
75,42.768,42.876,42.914,4910913.07,16813984.1,65.55,66.54,9.41,0.146,0.05,235750,1111594,42.691,42.704,42.914,42.92,23747.76,27126.05,0.67,4937158,,,  ,57.1,,,,,,,,,,
76,42.914,42.959,43.08,2972187.81,9625085.17,37.52,40.27,5.38,0.165,0.047,1111594,130345,42.914,42.92,43.099,43.118,57983.36,55553.51,1.19,3029517,,,  ,57.1,,,,,,,,,,
77,43.105,43.175,43.366,1141164.09,4270033.28,16.65,15.46,2.39,0.261,0.05,108109,83623,43.099,43.118,43.461,43.499,55179.91,51348.22,1.57,1195316,,,  ,57.1,,,,,,,,,,
78,43.493,43.544,43.664,59549.42,284489.23,1.11,0.81,0.16,0.171,0.075,67727,46960.7,43.461,43.499,43.658,43.748,49479.26,46960.7,1.06,108281,,,  ,57.1,,,,,,,,,,
79,43.744,43.862,43.977,62233.94,395545.28,1.54,0.84,0.22,0.233,0.114,47431.84,47963,43.658,43.748,43.945,44.008,47431.84,42521.37,0.76,107170,,,  ,55.1,,,,,,,,,,
80,43.977,44.11,44.3,76772.7,568578.37,2.22,1.04,0.32,0.324,0.104,47963,35698.44,43.945,44.008,44.326,44.384,42521.37,35698.44,0.72,116477,,,  ,57.1,,,,,,,,,,
81,44.379,44.428,44.52,11257.67,42341.6,0.17,0.15,0.02,0.141,0.062,31608.37,27487.33,44.326,44.384,44.632,44.74,31608.37,27487.33,0.8,41422,,,  ,43.1,,,,,,,,,,
82,44.944,45.058,45.122,1762779.67,7131890,27.8,23.88,3.99,0.178,0.053,91295,339027,44.765,44.867,45.122,45.134,22905.33,22905.33,1.02,1785685,,,  ,55.1,,,,,,,,,,
83,45.122,45.147,45.192,337506.67,1235992.49,4.82,4.57,0.69,0.07,0.07,339027,261080,45.122,45.134,45.185,45.192,22905.33,22905.33,1.75,360412,,,  ,55.1,,,,,,,,,,
84,45.192,45.338,45.497,4368333.84,19250644.39,75.05,59.19,10.77,0.305,0.051,261080,164272,45.185,45.192,45.548,45.573,45592.07,63741.06,0.71,4422623,,,  ,57.1,,,,,,,,,,
85,45.561,45.605,45.72,62411.83,264156.41,1.03,0.85,0.15,0.159,0.072,119132,77752,45.548,45.573,45.847,45.904,99438.87,77511.07,1.02,155711,,,  ,57.1,,,,,,,,,,
86,45.899,45.949,46.007,12389.69,41021.17,0.16,0.17,0.02,0.108,0.053,60952.79,58596.47,45.847,45.904,46.051,46.152,60952.79,58596.47,0.92,72255,,,  ,57.1,,,,,,,,,,
87,46.163,46.222,46.302,17652.26,69467.81,0.27,0.24,0.04,0.139,0.064,55131.34,53101.72,46.051,46.152,46.337,46.413,55131.34,53101.72,1.21,71921,,,  ,55.1,,,,,,,,,,
88,46.478,46.598,46.996,25796.4,337855.74,1.32,0.35,0.19,0.519,0.196,50548.75,42989.36,46.337,46.413,47.056,47.259,50548.75,42989.36,2.01,74596,,,  ,57.1,,,,,,,,,,
89,47.259,47.355,47.52,146906.04,896425.58,3.49,1.99,0.5,0.261,0.075,41849,72380,47.056,47.259,47.488,47.539,41683.51,42152.14,3.21,188761,,,  ,55.1,,,,,,,,,,
90,47.52,47.584,47.95,62552.58,600752.11,2.34,0.85,0.34,0.43,0.174,72380,42924.04,47.488,47.539,47.953,48.265,42152.14,42924.04,2.5,104819,,,  ,57.1,,,,,,,,,,
91,49.657,49.734,49.906,19099.41,122205.95,0.48,0.26,0.07,0.249,0.109,35076.14,37413,49.244,49.651,50.389,50.93,35076.14,37297,2.56,54865,,,  ,207,,,,,,,,,,
92,51.076,51.172,51.604,78127.27,672876.72,2.62,1.06,0.38,0.529,0.101,33370.08,37063.82,50.389,50.93,51.636,51.98,33370.08,37063.82,4.72,112170,,,  ,57.1,,,,,,,,,,
93,51.884,52.094,52.304,6806.46,94859.87,0.37,0.09,0.05,0.42,0.588,33607,31602,51.636,51.98,52.559,53.081,33607,31602,0.44,39411,,,  ,207,,,,,,,,,,
94,53.149,53.418,53.787,15193.39,299674.63,1.17,0.21,0.17,0.637,0.362,31333.75,34346,52.559,53.081,53.946,54.283,31333.75,34225.89,2.04,47745,,,  ,207,,,,,,,,,,
95,54.484,54.601,54.791,63042.16,524257.8,2.04,0.85,0.29,0.307,0.129,41174.87,51620.98,53.946,54.283,54.792,54.856,41174.87,51620.98,2.22,108193,,,  ,55.1,,,,,,,,,,
96,54.87,55.008,55.384,187251.01,1780455.08,6.94,2.54,1,0.514,0.132,55276.67,76441,54.792,54.856,56.91,57.159,55276.67,76050.2,3.11,248124,,,  ,57.1,,,,,,,,,,
97,57.578,57.744,57.916,6766.69,84147.87,0.33,0.09,0.05,0.337,0.472,37509,38208,56.91,57.159,57.916,57.992,37049.23,37887.17,0.75,44227,,,  ,207,,,,,,,,,,
,,,,,,,,,,,,,,,,,,,,,,,,,,,,,,,,,,
 + TIC Scan DR_335.D ,,,,,,,,,,,,,,,,,,,,,,,,,,,,,,,,,,
Peak ,Start,RT,End,Height,Area,Area %,Height %,Area Sum %,Width,FWHM,Start Y,End Y,B1 Start,B1 End,B2 Start,B2 End,Start BL Y,End BL Y,Symmetry,Max Y,SNR,Height % (Norm),Baseline,Base Peak,k',Label,Cpd,Type,Plates,Plates/M,Resolution,Saturated,Tailing factor,Flags (Tgt)
1,4.093,4.125,4.208,26977.8,71391.13,0.24,0.35,0.04,0.115,0.037,37535,28392,4.093,4.106,4.227,4.316,32032.4,27937.76,1.33,57873,,,  ,281,,,,,,,,,,
2,4.29,4.335,4.405,6010.79,21548.47,0.07,0.08,0.01,0.114,0.137,24640,22029.57,4.227,4.316,4.927,5.156,24008.16,22029.57,0.49,29248,,,  ,43.1,,,,,,,,,,
3,5.156,5.207,5.404,7785.39,54965.71,0.18,0.1,0.03,0.248,0.11,10591,10221,4.927,5.156,5.639,6.053,10538.04,9858.33,3.7,18184,,,  ,43,,,,,,,,,,
4,6.046,6.116,6.224,4511.43,25206.55,0.08,0.06,0.01,0.178,0.093,8462,8298,5.639,6.053,6.282,6.466,8462,8298,1.55,12909,,,  ,43.1,,,,,,,,,,
5,6.457,6.517,6.637,8107.02,36998.39,0.12,0.1,0.02,0.18,0.076,8365.61,7969.43,6.282,6.466,6.613,6.829,8365.61,7969.43,1.7,16341,,,  ,43.1,,,,,,,,,,
6,7.395,7.44,7.637,18098.72,81050.12,0.27,0.23,0.05,0.242,0.045,6974,6456,7.039,7.408,11.028,11.677,6745.11,6382.27,4.92,24777,,,  ,73,,,,,,,,,,
7,11.696,11.747,11.817,24164.56,64349.09,0.21,0.31,0.04,0.121,0.041,4592,5714,11.028,11.677,15.093,15.926,4592,5714,1.58,29229,,,  ,73,,,,,,,,,,
8,15.927,15.977,16.022,4135.75,11912.08,0.04,0.05,0.01,0.095,0.045,3444.54,4057,15.093,15.926,16.003,16.073,3444.54,3468.44,2.09,7593,,,  ,73,,,,,,,,,,
9,16.022,16.092,16.276,2557.59,20604.96,0.07,0.03,0.01,0.254,0.161,4057,3474.62,16.003,16.073,18.827,19.858,3427.42,3474.62,2,5998,,,  ,41.1,,,,,,,,,,
10,19.852,19.909,19.992,7375.8,27172.84,0.09,0.1,0.02,0.139,0.064,2694.89,2968,18.827,19.858,19.998,20.144,2694.89,2880.38,1.82,10146,,,  ,73.1,,,,,,,,,,
11,21.493,21.544,21.652,1497.84,8162.54,0.03,0.02,0,0.159,0.29,2480,2827,21.137,21.512,21.741,22.893,2480,2627.37,6.13,4025,,,  ,41,,,,,,,,,,
12,23.128,23.262,23.351,6862.98,34474.72,0.11,0.09,0.02,0.223,0.09,2783,2624,21.741,22.893,23.567,23.873,2738.08,2589.65,0.62,9512,,,  ,73,,,,,,,,,,
13,23.957,24.012,24.388,134036.35,953009.14,3.17,1.73,0.54,0.431,0.086,4490.86,11498,23.567,23.873,24.426,24.541,4490.86,8690.54,5.67,139071,,,  ,55.1,,,,,,,,,,
14,24.541,24.598,24.661,3083.86,11129.8,0.04,0.04,0.01,0.121,0.056,10775,9393,24.426,24.541,25.654,26.093,10507.32,9157.7,0.4,12952,,,  ,43.1,,,,,,,,,,
15,26.233,26.271,26.296,2868.2,6322.08,0.02,0.04,0,0.064,0.041,2389,2427,25.654,26.093,26.366,26.481,2389,2427,0.59,5280,,,  ,73,,,,,,,,,,
16,26.984,27.041,27.174,2464.71,15668.52,0.05,0.03,0.01,0.191,0.493,1611,1972,26.71,26.996,27.27,27.658,1611,1972,0.59,4184,,,  ,44,,,,,,,,,,
17,27.669,27.804,28.046,6811.29,64532.8,0.21,0.09,0.04,0.376,0.179,3146.99,5200.37,27.27,27.658,27.951,28.071,3146.99,5200.37,2.33,10695,,,  ,55.1,,,,,,,,,,
18,28.075,28.269,28.458,28437.54,187448.38,0.62,0.37,0.11,0.383,0.069,7043.93,7857.35,27.951,28.071,28.765,28.765,7043.93,7857.35,0.96,35893,,,  ,57.1,,,,,,,,,,
19,28.994,29.038,29.083,2914.5,8401.23,0.03,0.04,0,0.089,0.059,2601,2082,28.873,29,29.07,29.299,2601,2082,0.71,5256,,,  ,73,,,,,,,,,,
20,29.363,29.516,29.605,3235.68,26434.13,0.09,0.04,0.01,0.242,0.178,3240,3535,29.07,29.299,29.802,29.897,3169.94,3298.79,0.59,6487,,,  ,41.1,,,,,,,,,,
21,29.883,29.986,30.345,96361.77,807448.66,2.69,1.24,0.46,0.462,0.122,2844.01,4073.95,29.802,29.897,30.336,30.413,2844.01,4073.95,3.32,99481,,,  ,55.1,,,,,,,,,,
22,30.416,30.457,30.53,10068.19,30377.34,0.1,0.13,0.02,0.114,0.049,5031.78,4000.56,30.336,30.413,30.553,30.642,5031.78,4000.56,1.38,14728,,,  ,55.1,,,,,,,,,,
23,30.913,31.023,31.144,7748437.28,30041055.37,100,100,17.05,0.231,0.056,12198.58,395234,30.553,30.642,31.157,31.176,12198.58,43469.99,0.58,7775576,,,  ,55.1,,,,,,,,,,
24,31.163,31.189,31.278,285805.76,1267047.29,4.22,3.69,0.72,0.115,0.072,368830,203748,31.157,31.176,31.272,31.291,128797.54,117236.53,3.2,412034,,,  ,55.1,,,,,,,,,,
25,31.278,31.303,31.429,114993.77,487995.94,1.62,1.48,0.28,0.151,0.067,203748,101998.43,31.272,31.291,31.59,31.615,117236.53,101998.43,2.64,229661,,,  ,55.1,,,,,,,,,,
26,31.616,31.672,31.771,1081079.47,2917141.2,9.71,13.95,1.66,0.155,0.041,83092.87,67537.66,31.59,31.615,31.793,31.87,83092.87,67537.66,1.02,1158509,,,  ,57.1,,,,,,,,,,
27,31.857,31.889,31.946,9582.66,27382.48,0.09,0.12,0.02,0.089,0.054,59764,51340,31.793,31.87,32.022,32.092,59318.57,50614.69,0.36,65792,,,  ,55.1,,,,,,,,,,
28,32.067,32.111,32.193,12999.16,53148.31,0.18,0.17,0.03,0.127,0.059,38922,33253.04,32.022,32.092,32.194,32.239,38638.85,33253.04,0.68,49744,,,  ,55.1,,,,,,,,,,
29,32.239,32.258,32.312,6289.47,19331.56,0.06,0.08,0.01,0.074,0.043,33160,27813.96,32.194,32.239,32.658,32.779,33160,27813.96,1.97,38068,,,  ,55.1,,,,,,,,,,
30,32.784,32.843,32.944,17152.18,80219.92,0.27,0.22,0.05,0.161,0.074,17096.8,16774.16,32.658,32.779,32.938,33.008,17096.8,16774.16,1.68,34130,,,  ,57.1,,,,,,,,,,
31,32.998,33.059,33.167,53283.07,224041.32,0.75,0.69,0.13,0.17,0.063,16407.71,18885,32.938,33.008,33.155,33.193,16407.71,15911.78,2.19,69511,,,  ,43.1,,,,,,,,,,
32,33.167,33.206,33.25,5987.79,19196.91,0.06,0.08,0.01,0.083,0.074,18885,17032,33.155,33.193,33.225,33.256,15911.78,15670.03,1,21788,,,  ,43.1,,,,,,,,,,
33,33.25,33.307,33.384,59212.37,193601.92,0.64,0.76,0.11,0.134,0.05,17032,15640,33.225,33.256,33.409,33.447,15670.03,15279.49,1.17,74715,,,  ,57.1,,,,,,,,,,
34,33.449,33.498,33.886,134254.41,785772.24,2.62,1.73,0.45,0.437,0.08,13073.93,11767,33.409,33.447,33.975,34.033,13073.93,10020.12,4.11,146985,,,  ,57.1,,,,,,,,,,
35,34.014,34.064,34.141,4544.49,15526.33,0.05,0.06,0.01,0.127,0.055,8560.09,7775,33.975,34.033,34.147,34.274,8560.09,7580.28,1,12714,,,  ,55,,,,,,,,,,
36,34.363,34.44,34.516,229322.76,804911.99,2.68,2.96,0.46,0.153,0.05,27717,31222,34.147,34.274,34.51,34.529,10301.79,12574.44,1.6,240761,,,  ,57.1,,,,,,,,,,
37,34.516,34.567,34.693,111021.75,387891.04,1.29,1.43,0.22,0.176,0.052,31222,13459.25,34.51,34.529,34.669,34.758,13459.25,13459.25,1.07,124481,,,  ,55.1,,,,,,,,,,
38,34.796,34.872,35.031,2097615.48,6310276.46,21.01,27.07,3.58,0.235,0.044,20028,28049,34.669,34.758,35.248,35.33,14890.94,16437.63,1.01,2113008,,,  ,57.1,,,,,,,,,,
39,35.334,35.407,35.559,80729.84,363769.22,1.21,1.04,0.21,0.225,0.064,12488.19,12091,35.248,35.33,35.553,35.598,12488.19,11773.07,1.48,92988,,,  ,57.1,,,,,,,,,,
40,35.585,35.636,35.75,8234.13,40841.58,0.14,0.11,0.02,0.165,0.079,10900,8815,35.553,35.598,35.731,35.82,9113.41,8601.44,0.92,17190,,,  ,57,,,,,,,,,,
41,35.913,35.979,36.075,20413.83,99417.64,0.33,0.26,0.06,0.161,0.074,9864.67,12570,35.731,35.82,36.062,36.088,9864.67,9895.22,2.26,30291,,,  ,57.1,,,,,,,,,,
42,36.075,36.132,36.183,7414.95,33733.56,0.11,0.1,0.02,0.108,0.094,12570,12775,36.062,36.088,36.164,36.196,9895.22,9915.68,0.91,17321,,,  ,57.1,,,,,,,,,,
43,36.183,36.24,36.323,34725.48,160747.85,0.54,0.45,0.09,0.14,0.074,12775,19967,36.164,36.196,36.31,36.323,9915.68,9942.16,1.59,44652,,,  ,55.1,,,,,,,,,,
44,36.323,36.38,36.533,138536,502577.43,1.67,1.79,0.29,0.21,0.052,19967,10485,36.31,36.323,36.507,36.571,9942.16,9981.88,1.27,148489,,,  ,57.1,,,,,,,,,,
45,36.558,36.628,36.819,111016.06,588768.96,1.96,1.43,0.33,0.261,0.077,10338,12272,36.507,36.571,36.794,36.838,9986.7,10036.04,2.63,121016,,,  ,57.1,,,,,,,,,,
46,36.819,36.87,36.949,8869.33,38444.67,0.13,0.11,0.02,0.129,0.064,12272,10060.52,36.794,36.838,36.946,36.997,10036.04,10060.52,0.93,18915,,,  ,57.1,,,,,,,,,,
47,37.001,37.023,37.066,3284.66,6334.58,0.02,0.04,0,0.065,0.033,10102.67,10089.82,36.946,36.997,37.061,37.112,10102.67,10089.82,1.84,13383,,,  ,55.1,,,,,,,,,,
48,37.099,37.118,37.155,2551.52,4538.67,0.02,0.03,0,0.056,0.031,10083.3,10072.16,37.061,37.112,37.163,37.226,10083.3,10072.16,2.24,12631,,,  ,55.1,,,,,,,,,,
49,37.334,37.449,37.519,329989.5,1336852.4,4.45,4.26,0.76,0.185,0.052,17181,83388,37.163,37.226,37.513,37.525,9399.5,9399.5,0.96,339389,,,  ,43.1,,,,,,,,,,
50,37.519,37.563,37.691,215003.5,841126.8,2.8,2.77,0.48,0.172,0.058,83388,15881,37.513,37.525,37.672,37.716,9399.5,9399.5,1.44,224403,,,  ,57.1,,,,,,,,,,
51,37.754,37.856,37.977,4221678.96,13111700.41,43.65,54.48,7.44,0.223,0.046,32761,49936,37.672,37.716,38.149,38.219,14303.75,16345.45,0.51,4236916,,,  ,57.1,,,,,,,,,,
52,38.233,38.289,38.469,186984.57,856896.52,2.85,2.41,0.49,0.235,0.064,21831.38,18469.96,38.149,38.219,38.562,38.62,21831.38,18469.96,2.34,208026,,,  ,57.1,,,,,,,,,,
53,38.81,38.887,38.919,17650.28,63189.87,0.21,0.23,0.04,0.108,0.12,15397,24938,38.677,38.823,38.9,38.976,15359.16,14243.74,1.42,32222,,,  ,57.1,,,,,,,,,,
54,38.919,39.008,39.078,18764.86,115953.7,0.39,0.24,0.07,0.16,0.133,24938,12596.07,38.9,38.976,39.103,39.173,14243.74,12596.07,0.5,32090,,,  ,57.1,,,,,,,,,,
55,39.18,39.237,39.452,117172.61,483949.05,1.61,1.51,0.27,0.273,0.056,11480.99,8858.39,39.103,39.173,39.453,39.536,11480.99,8858.39,2.14,128107,,,  ,57.1,,,,,,,,,,
56,39.555,39.561,39.61,2881.51,4887.73,0.02,0.04,0,0.055,0.042,10488.38,10686.76,39.453,39.536,39.58,39.637,10488.38,10686.76,8.6,13392,,,  ,69,,,,,,,,,,
57,39.624,39.676,39.767,8196.81,26474.3,0.09,0.11,0.02,0.143,0.045,10651.64,11461.55,39.58,39.637,39.765,39.841,10651.64,11461.55,2.37,19142,,,  ,57.1,,,,,,,,,,
58,39.839,39.892,39.924,15485.68,48407.12,0.16,0.2,0.03,0.085,0.071,11610.83,21911,39.765,39.841,39.905,39.937,11610.83,11790.96,1.04,27209,,,  ,55.1,,,,,,,,,,
59,39.924,39.981,40.026,56806.33,199820.07,0.67,0.73,0.11,0.102,0.055,21911,26419,39.905,39.937,40.019,40.038,11790.96,12007.35,0.75,68719,,,  ,55.1,,,,,,,,,,
60,40.026,40.083,40.127,76785.91,302439.16,1.01,0.99,0.17,0.102,0.076,26419,60019,40.019,40.038,40.121,40.134,12007.35,12223.77,0.8,88915,,,  ,55.1,,,,,,,,,,
61,40.127,40.255,40.28,743864.74,3543632.08,11.8,9.6,2.01,0.153,0.081,60019,704247,40.121,40.134,40.267,40.28,12223.77,12548.37,0.25,756359,,,  ,57.1,,,,,,,,,,
62,40.28,40.312,40.49,1606380.99,5601657.77,18.65,20.73,3.18,0.21,0.051,704247,41860,40.267,40.28,40.477,40.503,12548.37,12994.72,1.58,1618997,,,  ,57.1,,,,,,,,,,
63,40.515,40.611,40.732,3810195.86,11878085.61,39.54,49.17,6.74,0.216,0.045,51639,73503,40.477,40.503,40.878,40.942,25352.45,29740.47,0.7,3837484,,,  ,57.1,,,,,,,,,,
64,40.942,40.999,41.141,106160.39,466745.36,1.55,1.37,0.26,0.199,0.065,34546.46,25525.95,40.878,40.942,41.152,41.234,34546.46,25525.95,1.91,138125,,,  ,57.1,,,,,,,,,,
65,41.323,41.381,41.441,28613.1,92484.46,0.31,0.37,0.05,0.118,0.053,36372,32925.75,41.152,41.234,41.444,41.489,36121.59,32925.75,0.92,63179,,,  ,57.1,,,,,,,,,,
66,41.489,41.591,41.788,104605.35,825305.54,2.75,1.35,0.47,0.299,0.127,32001,23884,41.444,41.489,41.801,41.858,31650.27,23770.62,1.84,133573,,,  ,57.1,,,,,,,,,,
67,41.86,41.909,42.029,34297.56,126472.12,0.42,0.44,0.07,0.169,0.055,22158.02,17841.18,41.801,41.858,42.119,42.259,22158.02,17841.18,1.53,55206,,,  ,57.1,,,,,,,,,,
68,42.26,42.29,42.353,3703.2,8431.24,0.03,0.05,0,0.092,0.035,15001.9,14013.21,42.119,42.259,42.329,42.386,15001.9,14013.21,1.63,18382,,,  ,57.1,,,,,,,,,,
69,42.411,42.545,42.57,381955.08,1409499.26,4.69,4.93,0.8,0.159,0.058,19477,309926,42.329,42.386,42.564,42.57,15672.61,17294.43,0.3,398990,,,  ,55.1,,,,,,,,,,
70,42.57,42.64,42.698,1506219.12,6088173.33,20.27,19.44,3.45,0.127,0.06,309926,297502,42.564,42.57,42.691,42.704,17294.43,18591.82,0.83,1524227,,,  ,55.1,,,,,,,,,,
71,42.698,42.723,42.774,354412.66,1488205.57,4.95,4.57,0.84,0.076,0.089,297502,330024,42.691,42.704,42.749,42.78,18591.82,19370.36,1.8,373264,,,  ,55.1,,,,,,,,,,
72,42.774,42.888,42.927,6502658.89,25153876.08,83.73,83.92,14.27,0.153,0.057,330024,1502140,42.749,42.78,42.927,42.933,25464.12,29664.56,0.57,6531273,,,  ,57.1,,,,,,,,,,
73,42.927,42.965,43.111,3727735.48,11691238.45,38.92,48.11,6.63,0.185,0.045,1502140,133897,42.927,42.933,43.098,43.117,58949.17,56475.83,1.36,3786173,,,  ,57.1,,,,,,,,,,
74,43.111,43.175,43.366,1137326,4253916.4,14.16,14.68,2.41,0.254,0.049,133897,74124,43.098,43.117,43.436,43.486,56475.83,53064.52,1.53,1192949,,,  ,57.1,,,,,,,,,,
75,43.455,43.537,43.639,58491.35,300994.35,1,0.75,0.17,0.184,0.072,64526,49404.17,43.436,43.486,43.633,43.728,51870.52,49404.17,0.76,109253,,,  ,57.1,,,,,,,,,,
76,43.729,43.849,43.955,103696.5,676622.41,2.25,1.34,0.38,0.227,0.12,50789.91,61845.61,43.633,43.728,43.945,44.002,50789.91,61845.61,0.81,160370,,,  ,55.1,,,,,,,,,,
77,44.011,44.097,44.25,81449.64,482125.55,1.6,1.05,0.27,0.239,0.088,64589.5,43047,43.945,44.002,44.549,44.714,64589.5,42236.17,1.18,137992,,,  ,57.1,,,,,,,,,,
78,44.931,45.064,45.191,2706486.5,12843254.63,42.75,34.93,7.29,0.261,0.055,75953,349411,44.772,44.867,45.185,45.198,24234.5,24234.5,1.55,2730721,,,  ,55.1,,,,,,,,,,
79,45.191,45.242,45.261,737284.5,2326561.04,7.74,9.52,1.32,0.07,0.061,349411,737840,45.185,45.198,45.255,45.268,24234.5,24234.5,0.44,761519,,,  ,57.1,,,,,,,,,,
80,45.261,45.338,45.465,4058392.67,16425631.27,54.68,52.38,9.32,0.204,0.051,737840,228007,45.255,45.268,45.541,45.573,52473.16,66061.84,0.92,4115962,,,  ,57.1,,,,,,,,,,
81,45.56,45.605,45.713,59277.87,280375.81,0.93,0.77,0.16,0.152,0.098,138723,83177.25,45.541,45.573,45.821,45.904,108886.51,83177.25,0.94,160643,,,  ,57.1,,,,,,,,,,
82,45.899,45.949,46.04,19111.35,86940.79,0.29,0.25,0.05,0.141,0.075,64585.41,56846.51,45.821,45.904,46.057,46.139,64585.41,56846.51,0.71,80989,,,  ,57.1,,,,,,,,,,
83,46.157,46.235,46.311,29787.12,161731.7,0.54,0.38,0.09,0.154,0.185,57981.73,66359,46.057,46.139,46.279,46.381,57981.73,55815.5,1.97,86676,,,  ,55.1,,,,,,,,,,
84,46.311,46.521,46.947,52889.13,890283.06,2.96,0.68,0.51,0.636,0.241,66359,47206,46.279,46.381,47.189,47.259,55815.5,46871.34,1.14,105753,,,  ,257.2,,,,,,,,,,
85,47.266,47.361,47.52,174082.48,1137127.84,3.79,2.25,0.65,0.254,0.086,45153.41,81609,47.189,47.259,47.501,47.552,45153.41,45209.91,3.08,219257,,,  ,55.1,,,,,,,,,,
86,47.52,47.59,47.876,55076.52,553796.48,1.84,0.71,0.31,0.356,0.189,81609,46120,47.501,47.552,48.392,48.481,45209.91,45289.17,2.48,100302,,,  ,57.1,,,,,,,,,,
87,49.703,49.753,49.836,11613.18,40130.64,0.13,0.15,0.02,0.133,0.054,34553.69,34939,49.206,49.702,50.415,50.885,34553.69,34519.48,1.74,46154,,,  ,207,,,,,,,,,,
88,51.132,51.204,51.369,12436.96,83816.07,0.28,0.16,0.05,0.237,0.099,31020.95,31663,50.415,50.885,51.789,51.992,31020.95,31636.96,2.37,43644,,,  ,207,,,,,,,,,,
89,52.101,52.215,52.361,4734.79,43734.05,0.15,0.06,0.02,0.261,0.296,29593,29466,51.789,51.992,52.457,53.297,29338.97,29107.18,0.79,33972,,,  ,207,,,,,,,,,,
90,53.388,53.621,53.793,6927.52,78977.58,0.26,0.09,0.04,0.405,0.591,30490.65,33850,52.457,53.297,53.742,54.092,30490.65,33111.16,2.55,38928,,,  ,207,,,,,,,,,,
91,54.168,54.238,54.321,6150.59,29508.8,0.1,0.08,0.02,0.153,0.139,36675,39010,53.742,54.092,54.346,54.486,35892.33,38469.1,1.67,43224,,,  ,207,,,,,,,,,,
92,54.505,54.607,54.9,60519.22,611095.71,2.03,0.78,0.35,0.394,0.148,39429,43660,54.346,54.486,54.843,54.925,39271.7,40407.49,2.81,100084,,,  ,55,,,,,,,,,,
93,54.9,55.161,55.708,29611.9,736269.01,2.45,0.38,0.42,0.808,0.389,43660,40217,54.843,54.925,56.618,57.05,41016.16,40157.93,1.75,70351,,,  ,207,,,,,,,,,,
94,57.279,57.604,57.973,14458.14,377724.47,1.26,0.19,0.21,0.693,0.543,37843,44037,56.618,57.05,57.909,57.992,37185.44,41913.83,1.5,53856,,,  ,207,,,,,,,,,,
,,,,,,,,,,,,,,,,,,,,,,,,,,,,,,,,,,
 + TIC Scan DR_336.D ,,,,,,,,,,,,,,,,,,,,,,,,,,,,,,,,,,
Peak ,Start,RT,End,Height,Area,Area %,Height %,Area Sum %,Width,FWHM,Start Y,End Y,B1 Start,B1 End,B2 Start,B2 End,Start BL Y,End BL Y,Symmetry,Max Y,SNR,Height % (Norm),Baseline,Base Peak,k',Label,Cpd,Type,Plates,Plates/M,Resolution,Saturated,Tailing factor,Flags (Tgt)
1,4.093,4.125,4.513,47623.37,368709.6,2.51,1.17,0.41,0.42,0.067,36208,19391,4.093,4.1,5.576,6.072,16627.11,14113.27,9.55,64060,,,  ,281,,,,,,,,,,
2,6.053,6.116,6.225,3100.71,18499.01,0.13,0.08,0.02,0.172,0.603,8170,7625,5.576,6.072,6.167,6.466,7740.86,7239.81,0.19,10656,,,  ,57.1,,,,,,,,,,
3,6.466,6.505,6.581,5261.26,21980.97,0.15,0.13,0.02,0.115,0.069,8025,7707,6.167,6.466,6.6,6.854,7699.94,7603.36,1.97,12929,,,  ,43.1,,,,,,,,,,
4,7.397,7.446,7.649,18858.88,99719.14,0.68,0.46,0.11,0.252,0.056,6057.63,5829.09,7.026,7.408,9.342,11.696,6057.63,5829.09,4.87,24872,,,  ,73,,,,,,,,,,
5,11.699,11.747,11.827,21475.99,54328.94,0.37,0.53,0.06,0.128,0.039,4665.66,5018.04,9.342,11.696,11.81,12.001,4665.66,5018.04,1.69,26273,,,  ,73,,,,,,,,,,
6,12.09,12.319,13.343,3237.71,98765.58,0.67,0.08,0.11,1.253,1.007,5296,4562.51,11.81,12.001,14.412,15.952,5002.79,4562.51,3.55,8160,,,  ,41,,,,,,,,,,
7,16.105,16.137,16.315,1996.91,12891.35,0.09,0.05,0.01,0.21,0.262,3176,3028,15.99,16.124,19.139,19.903,3176,2919.24,1.2,5134,,,  ,41.1,,,,,,,,,,
8,19.871,20.005,20.323,2787.86,31025.29,0.21,0.07,0.03,0.452,0.162,1998,1678,19.139,19.903,20.577,21.582,1998,1508.24,1.01,4641,,,  ,73,,,,,,,,,,
9,21.58,21.773,22.638,4047.7,121441.39,0.83,0.1,0.13,1.059,0.672,2312.48,2925,20.577,21.582,22.581,23.268,2312.48,2694.77,5.7,6430,,,  ,69.1,,,,,,,,,,
10,23.262,23.3,23.466,2717.75,15454.6,0.11,0.07,0.02,0.204,0.777,2239,2539,22.581,23.268,23.79,24.14,2239,2539,0.23,5013,,,  ,73.1,,,,,,,,,,
11,24.134,24.267,24.521,4944.5,59191.73,0.4,0.12,0.07,0.387,0.219,2470,2877.96,23.79,24.14,25.482,26.258,2291.18,2877.96,2.02,7438,,,  ,57,,,,,,,,,,
12,26.239,26.297,26.348,1811.7,6955.54,0.05,0.04,0.01,0.108,0.851,1446,1290,25.482,26.258,26.71,27.232,1446,1225.55,0.05,3141,,,  ,73.1,,,,,,,,,,
13,28.24,28.364,28.752,6418.77,85021.98,0.58,0.16,0.09,0.512,0.196,2010.62,1980.22,27.295,28.065,28.746,29.026,2010.62,1980.22,3.83,8422,,,  ,57.1,,,,,,,,,,
14,29.026,29.051,29.079,1782.76,3407.4,0.02,0.04,0,0.053,0.042,2014,1832.14,28.746,29.026,29.077,30.012,1845.73,1832.14,1,3622,,,  ,73,,,,,,,,,,
15,29.995,30.088,30.451,24637.15,196766.01,1.34,0.61,0.22,0.456,0.096,1653.66,1930,29.077,30.012,30.381,30.476,1653.66,1674.08,4.08,26295,,,  ,55.1,,,,,,,,,,
16,30.481,30.521,30.582,3573.17,10131.03,0.07,0.09,0.01,0.101,0.04,3153.07,2742.11,30.381,30.476,30.604,30.979,3153.07,2742.11,1.33,6564,,,  ,41.1,,,,,,,,,,
17,31.005,31.036,31.176,202398,1236940.88,8.43,4.98,1.37,0.171,0.108,62860,124514,30.604,30.979,31.164,31.189,62860,62860,5.33,265258,,,  ,55.1,,,,,,,,,,
18,31.189,31.214,31.264,33659.03,75987.97,0.52,0.83,0.08,0.075,0.036,130903,97120.21,31.164,31.189,31.59,31.628,130903,97120.21,0.46,153077,,,  ,55.1,,,,,,,,,,
19,31.628,31.679,31.847,426305.88,1335858.45,9.1,10.49,1.47,0.219,0.046,37377.91,29424.89,31.59,31.628,32.652,32.843,37377.91,29424.89,1.58,461841,,,  ,57.1,,,,,,,,,,
20,32.843,32.894,33.04,6380.05,37289.72,0.25,0.16,0.04,0.197,0.094,8013.24,8074.19,32.652,32.843,32.964,33.059,8013.24,8074.19,2.93,14409,,,  ,57.1,,,,,,,,,,
21,33.053,33.123,33.212,9584.02,46341.5,0.32,0.24,0.05,0.159,0.078,8283,9083,32.964,33.059,33.174,33.276,8078.28,8127.61,2.38,17684,,,  ,55.1,,,,,,,,,,
22,33.263,33.32,33.414,23588.83,84476.86,0.58,0.58,0.09,0.151,0.055,9487,8452.53,33.174,33.276,33.416,33.486,8323.14,8452.53,1.38,31961,,,  ,57.1,,,,,,,,,,
23,33.492,33.549,33.743,47842.44,292829.14,2,1.18,0.32,0.251,0.093,8330.06,8625.03,33.416,33.486,34.109,34.345,8330.06,8625.03,3.12,56240,,,  ,57.1,,,,,,,,,,
24,34.37,34.453,34.523,88822.92,342912.31,2.34,2.19,0.38,0.153,0.057,10511,17882,34.109,34.345,34.516,34.535,5341.9,5953.34,1.67,94496,,,  ,43.1,,,,,,,,,,
25,34.523,34.574,34.712,48515.83,190730.91,1.3,1.19,0.21,0.189,0.058,17882,6710.2,34.516,34.535,34.682,34.771,5953.34,6710.2,1.21,54673,,,  ,43.1,,,,,,,,,,
26,34.796,34.873,35.032,923522,3117577.25,21.24,22.73,3.44,0.235,0.047,8862,24120,34.682,34.771,35.235,35.362,7518.23,8208.26,1.38,931264,,,  ,57.1,,,,,,,,,,
27,35.358,35.413,35.56,26089.35,126301.73,0.86,0.64,0.14,0.202,0.075,7490.31,7031,35.235,35.362,35.712,35.973,7490.31,6751,2.08,33376,,,  ,57.1,,,,,,,,,,
28,35.98,36.03,36.187,7123.48,46618.43,0.32,0.18,0.05,0.208,0.171,5776,6627.06,35.712,35.973,36.183,36.266,5738.84,6627.06,3.19,13080,,,  ,57,,,,,,,,,,
29,36.323,36.387,36.52,56620.61,213609.97,1.46,1.39,0.24,0.197,0.054,8239,6747,36.183,36.266,36.533,36.597,6807.28,6630.94,2.03,63371,,,  ,57.1,,,,,,,,,,
30,36.602,36.66,36.832,42873.91,214115.03,1.46,1.06,0.24,0.23,0.069,6655.35,7328,36.533,36.597,36.781,36.864,6655.35,6206.76,2.32,49416,,,  ,57.1,,,,,,,,,,
31,36.832,36.87,36.963,3991.74,17884.99,0.12,0.1,0.02,0.131,0.107,7328,5951.83,36.781,36.864,36.966,37.118,6206.76,5951.83,0.78,10124,,,  ,43.1,,,,,,,,,,
32,37.347,37.449,37.525,141531,585279.76,3.99,3.48,0.65,0.178,0.054,10332,40312,37.15,37.252,37.513,37.532,4619,4619,1.19,146150,,,  ,57.1,,,,,,,,,,
33,37.525,37.57,37.704,105506,419581.69,2.86,2.6,0.46,0.178,0.058,40312,9448,37.513,37.532,37.672,37.716,4619,4619,1.35,110125,,,  ,57.1,,,,,,,,,,
34,37.755,37.837,37.996,2446423.37,7308459.19,49.8,60.21,8.07,0.242,0.042,18620,32082,37.672,37.716,38.162,38.225,8324.82,9891.11,0.86,2455284,,,  ,57.1,,,,,,,,,,
35,38.235,38.295,38.458,77783.71,373341.58,2.54,1.91,0.41,0.223,0.068,14454.32,12158.4,38.162,38.225,38.48,38.671,14454.32,12158.4,2.06,91616,,,  ,57.1,,,,,,,,,,
36,38.817,38.989,39.078,8214.77,75865.15,0.52,0.2,0.08,0.261,0.185,8906,6911,38.48,38.671,39.078,39.18,8906,6911,0.22,15807,,,  ,43.1,,,,,,,,,,
37,39.186,39.237,39.402,74995.76,300875.78,2.05,1.85,0.33,0.216,0.056,8026.89,7768,39.078,39.18,39.447,39.549,8026.89,7454.55,2.52,82889,,,  ,57.1,,,,,,,,,,
38,39.542,39.593,39.638,4470.43,15219.46,0.1,0.11,0.02,0.095,0.053,5866,7450,39.447,39.549,39.606,39.644,5651.16,6197.62,1.11,10413,,,  ,69,,,,,,,,,,
39,39.638,39.657,39.714,4082.24,12116.59,0.08,0.1,0.01,0.076,0.062,7450,7032,39.606,39.644,39.714,39.86,6117.85,6965.66,2.52,10412,,,  ,57,,,,,,,,,,
40,39.918,39.981,40.032,19157.26,60949.54,0.42,0.47,0.07,0.115,0.051,10819,13083,39.714,39.86,40.019,40.045,9226.32,10497.95,1.4,29090,,,  ,55.1,,,,,,,,,,
41,40.032,40.083,40.134,38881.83,140046.18,0.95,0.96,0.15,0.102,0.085,13083,31126,40.019,40.045,40.115,40.147,10497.95,11628.19,1.53,49945,,,  ,55.1,,,,,,,,,,
42,40.134,40.306,40.484,655181.27,4006885.37,27.3,16.13,4.42,0.35,0.092,31126,25010,40.115,40.147,40.465,40.503,11628.19,15513.78,0.64,668717,,,  ,57.1,,,,,,,,,,
43,40.509,40.605,40.757,3034558.54,9862140.17,67.2,74.69,10.88,0.248,0.046,31381,47604,40.465,40.503,40.885,40.948,17902.75,20842.99,0.79,3053592,,,  ,57.1,,,,,,,,,,
44,40.951,40.999,41.228,53816.58,256038.53,1.74,1.32,0.28,0.277,0.063,25692.82,13554,40.885,40.948,41.139,41.26,25692.82,9152.15,1.82,76622,,,  ,57.1,,,,,,,,,,
45,41.261,41.394,41.483,17955.93,89916.72,0.61,0.44,0.1,0.221,0.062,16545.94,18221,41.139,41.26,41.438,41.508,16545.94,16069.15,0.9,34217,,,  ,57.1,,,,,,,,,,
46,41.483,41.591,41.801,52240.14,469737.34,3.2,1.29,0.52,0.318,0.156,18221,14855,41.438,41.508,41.794,41.858,15968.73,14504.34,2.05,67711,,,  ,57.1,,,,,,,,,,
47,41.849,41.903,42.048,34609.52,139139.35,0.95,0.85,0.15,0.2,0.058,13927.48,12096.11,41.794,41.858,42.132,42.259,13927.48,12096.11,2.04,48045,,,  ,57.1,,,,,,,,,,
48,42.249,42.291,42.322,2830.36,5762.77,0.04,0.07,0.01,0.074,0.168,9372.23,9749,42.132,42.259,42.297,42.399,9372.23,9325.47,0.29,12176,,,  ,207,,,,,,,,,,
49,42.476,42.539,42.564,163100.11,466008.61,3.18,4.01,0.51,0.089,0.055,28918.94,145174,42.291,42.399,42.558,42.571,28918.94,29188.18,0.68,192211,,,  ,55.1,,,,,,,,,,
50,42.564,42.634,42.698,875644.26,3289419.82,22.41,21.55,3.63,0.134,0.053,145174,175643,42.558,42.571,42.691,42.704,29188.18,29593.95,0.92,905045,,,  ,55.1,,,,,,,,,,
51,42.774,42.87,42.908,4063029.36,14187601.16,96.67,100,15.66,0.134,0.053,200039,985655,42.691,42.704,42.908,42.914,29825.79,30231.56,0.67,4093145,,,  ,57.1,,,,,,,,,,
52,42.908,42.952,43.073,2393241.13,8237202.56,56.12,58.9,9.09,0.165,0.049,985655,116390,42.908,42.914,43.092,43.111,30231.56,30733.97,1.33,2423608,,,  ,57.1,,,,,,,,,,
53,43.099,43.175,43.334,1140569.85,4244461.84,28.92,28.07,4.68,0.235,0.048,97674,63587,43.092,43.111,43.455,43.499,30811.26,31526.22,1.41,1171613,,,  ,57.1,,,,,,,,,,
54,43.48,43.538,43.652,37527.45,186542.13,1.27,0.92,0.21,0.172,0.081,42514,32492.25,43.455,43.499,43.639,43.735,31970.62,32492.25,1.07,69672,,,  ,57.1,,,,,,,,,,
55,43.735,43.856,43.964,63962.29,383884.57,2.62,1.57,0.42,0.229,0.096,34614.43,40962,43.639,43.735,43.951,44.008,34614.43,40675.54,0.93,101773,,,  ,55.1,,,,,,,,,,
56,43.989,44.097,44.263,61660.08,413377.43,2.82,1.52,0.46,0.274,0.096,40629,32291,43.951,44.008,44.581,44.867,38550.89,31440.95,1.12,97400,,,  ,57.1,,,,,,,,,,
57,44.944,45.052,45.185,1811671.75,8623598.57,58.76,44.59,9.52,0.242,0.055,89606,254617,44.581,44.867,45.179,45.198,18427.25,18427.25,2.24,1830099,,,  ,55.1,,,,,,,,,,
58,45.185,45.325,45.522,2783124.22,14676760.64,100,68.5,16.2,0.337,0.058,254617,131478,45.179,45.198,45.535,45.58,34049.45,48202.54,0.93,2823048,,,  ,57.1,,,,,,,,,,
59,45.554,45.599,45.764,64292.73,428523.42,2.92,1.58,0.47,0.21,0.124,116825,59939,45.535,45.58,45.841,45.936,70147.38,59115.08,1.79,132100,,,  ,57.1,,,,,,,,,,
60,45.917,45.961,46.042,8008.82,34826.87,0.24,0.2,0.04,0.125,0.131,50901,44566.66,45.841,45.936,46.07,46.171,50061.28,44566.66,0.5,56119,,,  ,57.1,,,,,,,,,,
61,46.381,46.528,46.776,33268.72,386338.98,2.63,0.82,0.43,0.394,0.179,57152,46889,46.07,46.171,46.986,47.278,56716.81,46002.46,0.5,86011,,,  ,257.2,,,,,,,,,,
62,47.304,47.399,47.546,107073.19,810594.79,5.52,2.64,0.89,0.242,0.114,39176,68291,46.986,47.278,47.533,47.59,38419.02,38370.34,2.89,145473,,,  ,55.1,,,,,,,,,,
63,47.546,47.622,47.921,42430.03,485055.18,3.3,1.04,0.54,0.375,0.204,68291,38882,47.533,47.59,49.053,49.766,38370.34,38294.77,2.69,80785,,,  ,57.1,,,,,,,,,,
64,49.683,49.81,49.938,7708.47,64902.85,0.44,0.19,0.07,0.254,0.828,27182,28061,49.053,49.766,50.727,50.898,27182,28061,0.17,35330,,,  ,207,,,,,,,,,,
65,51.14,51.248,51.433,5999.97,56227.78,0.38,0.15,0.06,0.293,0.697,25409,25106,50.727,50.898,51.318,51.802,25409,25106,0.35,31297,,,  ,207,,,,,,,,,,
66,51.797,52.005,52.222,6689.09,91709.6,0.62,0.16,0.1,0.425,0.396,27331.29,28127,51.318,51.802,52.4,53.017,27331.29,27499.71,1.22,34103,,,  ,207,,,,,,,,,,
67,53.144,53.411,53.749,9458.75,187181.15,1.28,0.23,0.21,0.604,0.441,27712,29895,52.4,53.017,53.71,54.028,27577.24,29309.88,1.5,37802,,,  ,207,,,,,,,,,,
68,54.607,54.665,54.798,9553.96,55673.55,0.38,0.24,0.06,0.191,0.131,34062,35786,53.71,54.028,54.747,54.964,33374.74,35435.5,3.42,43547,,,  ,207,,,,,,,,,,
69,54.933,55.199,55.727,28921.61,590134.59,4.02,0.71,0.65,0.794,0.292,34792.06,35253,54.747,54.964,56.802,57.502,34792.06,34548.49,2.02,63632,,,  ,207,,,,,,,,,,
,,,,,,,,,,,,,,,,,,,,,,,,,,,,,,,,,,
 + TIC Scan DR_337.D ,,,,,,,,,,,,,,,,,,,,,,,,,,,,,,,,,,
Peak ,Start,RT,End,Height,Area,Area %,Height %,Area Sum %,Width,FWHM,Start Y,End Y,B1 Start,B1 End,B2 Start,B2 End,Start BL Y,End BL Y,Symmetry,Max Y,SNR,Height % (Norm),Baseline,Base Peak,k',Label,Cpd,Type,Plates,Plates/M,Resolution,Saturated,Tailing factor,Flags (Tgt)
1,4.093,4.119,4.182,16983.32,40510.55,0.19,0.29,0.03,0.089,0.034,32331,27236,4.093,4.1,4.99,5.213,29794.06,26992.97,1.61,45977,,,  ,281,,,,,,,,,,
2,5.175,5.219,5.455,3091.32,28844.12,0.14,0.05,0.02,0.28,0.333,8775,7629,4.99,5.213,5.665,6.084,8775,7629,0.89,11684,,,  ,43,,,,,,,,,,
3,6.059,6.104,6.135,1930.91,5047.64,0.02,0.03,0,0.076,0.455,7699,7559,5.665,6.084,6.212,6.485,7405.59,7559,0.07,9426,,,  ,57,,,,,,,,,,
4,6.47,6.511,6.581,2570.59,9252.75,0.04,0.04,0.01,0.11,0.055,7066.15,7103,6.212,6.485,6.6,6.867,7066.15,6891.75,1.76,9573,,,  ,41,,,,,,,,,,
5,7.395,7.446,7.635,14066.86,68472.08,0.33,0.24,0.05,0.24,0.054,5771.81,5523.81,7.007,7.401,10.557,11.702,5771.81,5523.81,4.23,19786,,,  ,73,,,,,,,,,,
6,11.686,11.747,11.829,20423.54,54930.34,0.26,0.34,0.04,0.144,0.041,3483.15,3511,10.557,11.702,12.51,13.089,3483.15,3483.88,1.49,23907,,,  ,73.1,,,,,,,,,,
7,13.07,13.089,13.655,1454.04,25448.19,0.12,0.02,0.02,0.585,1.111,2325,2293,12.51,13.083,14.718,15.939,2325,2293,0.97,3778,,,  ,57.1,,,,,,,,,,
8,15.939,15.965,16.073,3504.14,9680.8,0.05,0.06,0.01,0.134,0.035,2692,2714,14.718,15.939,15.996,16.162,2550.06,2543.78,4.59,6053,,,  ,73,,,,,,,,,,
9,16.073,16.162,16.302,2151.42,13628.11,0.07,0.04,0.01,0.229,0.127,2714,2601,15.996,16.155,19.018,19.89,2543.78,2533,1.57,4691,,,  ,73.1,,,,,,,,,,
10,19.886,19.934,20.144,3837.37,29269.85,0.14,0.06,0.02,0.259,0.106,1975.09,1963,19.018,19.89,20.176,20.851,1975.09,1898.27,4.12,5798,,,  ,73.1,,,,,,,,,,
11,23.23,23.287,23.344,3617,13488.8,0.06,0.06,0.01,0.115,0.061,1612,1554,23.014,23.236,23.344,23.529,1612,1554,1.07,5200,,,  ,73.1,,,,,,,,,,
12,23.504,23.561,23.745,1596.1,11931.44,0.06,0.03,0.01,0.242,0.143,1436,1634,23.344,23.529,23.739,24.165,1436,1634,3.62,3079,,,  ,41.1,,,,,,,,,,
13,24.159,24.305,24.96,5188.97,122643.21,0.59,0.09,0.09,0.802,0.413,1480,1639,23.739,24.165,25.902,26.239,1480,1639,5.15,6698,,,  ,57,,,,,,,,,,
14,26.238,26.271,26.336,2565.95,6432.43,0.03,0.04,0,0.099,0.03,1618.35,1611.56,25.902,26.239,26.615,27.206,1618.35,1611.56,1.45,4182,,,  ,73,,,,,,,,,,
15,27.206,27.213,27.308,1280.05,3863.47,0.02,0.02,0,0.102,0.537,1337,1528,26.615,27.206,27.435,27.836,1337,1528,0.27,2629,,,  ,41,,,,,,,,,,
16,28.245,28.383,28.669,8603.91,99734.82,0.48,0.15,0.08,0.424,0.182,2766.78,3060,28.065,28.218,28.898,29.013,2766.78,2940.07,2.38,11427,,,  ,57.1,,,,,,,,,,
17,29.003,29.038,29.082,3272.06,6458.05,0.03,0.06,0,0.079,0.028,1930.86,1796.49,28.898,29.013,29.299,29.433,1930.86,1796.49,1.61,5143,,,  ,73.1,,,,,,,,,,
18,29.617,29.662,29.755,1255.19,4164.21,0.02,0.02,0,0.137,0.149,1759,1669.78,29.299,29.433,29.738,29.993,1656.51,1669.78,0.83,2916,,,  ,44,,,,,,,,,,
19,29.999,30.063,30.432,33792.32,225903.7,1.09,0.57,0.17,0.433,0.081,1863,1867,29.738,29.993,30.4,30.444,1656.68,1656.68,5.26,35449,,,  ,57.1,,,,,,,,,,
20,30.438,30.495,30.597,6045.88,22661.55,0.11,0.1,0.02,0.159,0.063,2084.86,2239,30.4,30.444,30.68,30.953,2084.86,2068.88,1.56,8125,,,  ,43.1,,,,,,,,,,
21,30.96,31.023,31.163,361359.05,2448081.7,11.76,6.1,1.89,0.203,0.107,2760.99,158669,30.68,30.953,31.151,31.17,2760.99,19062.98,3.33,369193,,,  ,55.1,,,,,,,,,,
22,31.163,31.202,31.284,181185.25,835894.09,4.01,3.06,0.65,0.121,0.09,158669,102727,31.151,31.17,31.272,31.303,51962.71,49337.2,2,232319,,,  ,55.1,,,,,,,,,,
23,31.284,31.316,31.488,70675.47,357983.69,1.72,1.19,0.28,0.204,0.086,102727,45337,31.272,31.303,31.488,31.564,49337.2,44915.5,2.29,119322,,,  ,55.1,,,,,,,,,,
24,31.618,31.672,31.87,688327.78,2148509.6,10.32,11.61,1.66,0.251,0.045,41415.32,30417,31.59,31.615,32.658,32.811,41415.32,29560.9,1.55,727201,,,  ,57.1,,,,,,,,,,
25,32.824,32.875,33.017,14511.7,68646.16,0.33,0.24,0.05,0.193,0.067,8395,8793.46,32.658,32.811,33.015,33.066,8070.44,8793.46,2.87,22773,,,  ,57,,,,,,,,,,
26,33.062,33.097,33.156,4218.19,12973.47,0.06,0.07,0.01,0.094,0.056,8602.93,8759.69,33.015,33.066,33.161,33.193,8602.93,8759.69,1.66,12880,,,  ,55.1,,,,,,,,,,
27,33.256,33.32,33.398,46701.72,149950.75,0.72,0.79,0.12,0.142,0.048,9294,9101.17,33.161,33.193,33.435,33.466,9005.09,9101.17,1.17,55750,,,  ,57.1,,,,,,,,,,
28,33.473,33.524,33.867,89232.38,544054.78,2.61,1.51,0.42,0.394,0.086,8895.88,8503,33.435,33.466,33.842,33.918,8895.88,8358.08,3.54,98059,,,  ,57.1,,,,,,,,,,
29,33.867,33.937,33.969,3777.31,12514.13,0.06,0.06,0.01,0.102,0.053,8503,7210,33.842,33.918,33.982,34.071,7374.26,7111.6,0.32,10971,,,  ,73,,,,,,,,,,
30,34.363,34.446,34.522,168387.36,616238.7,2.96,2.84,0.48,0.159,0.052,15796,27069,34.141,34.281,34.516,34.529,6464.54,8283.73,1.7,175798,,,  ,57.1,,,,,,,,,,
31,34.522,34.567,34.673,73706.64,258999.3,1.24,1.24,0.2,0.15,0.052,27069,10032.76,34.516,34.529,34.682,34.758,14476.34,10032.76,1.11,86867,,,  ,55.1,,,,,,,,,,
32,34.797,34.872,35.031,1853618.73,5661205.73,27.19,31.26,4.37,0.235,0.044,13815.58,31018,34.682,34.758,35.273,35.35,13815.58,15404.33,1.01,1867947,,,  ,57.1,,,,,,,,,,
33,35.352,35.407,35.522,26522.64,112160.25,0.54,0.45,0.09,0.17,0.064,9140.41,8707,35.273,35.35,35.521,35.553,9140.41,8707,1.88,35523,,,  ,57.1,,,,,,,,,,
34,35.55,35.585,35.674,4750.26,21413.77,0.1,0.08,0.02,0.124,0.069,8633.97,8512,35.521,35.553,35.725,35.839,8633.97,8318.43,2.56,13296,,,  ,149,,,,,,,,,,
35,35.94,36.005,36.088,13306.28,64012.31,0.31,0.22,0.05,0.148,0.078,7615.49,10051,35.725,35.839,36.062,36.119,7615.49,7786.65,2,20997,,,  ,57.1,,,,,,,,,,
36,36.088,36.145,36.183,6335.95,22870.25,0.11,0.11,0.02,0.095,0.103,10051,7961,36.062,36.119,36.183,36.221,7786.65,7897.34,0.44,14189,,,  ,43.1,,,,,,,,,,
37,36.208,36.266,36.317,6981.74,27415.61,0.13,0.12,0.02,0.108,0.074,7926.58,10386,36.183,36.221,36.304,36.323,7926.58,8052.3,1.18,14975,,,  ,57,,,,,,,,,,
38,36.317,36.38,36.537,149187.91,545861.46,2.62,2.52,0.42,0.221,0.053,10386,8308.43,36.304,36.323,36.526,36.577,8052.3,8308.43,1.6,157314,,,  ,57.1,,,,,,,,,,
39,36.575,36.641,36.817,75669.37,374063.47,1.8,1.28,0.29,0.242,0.074,7997.25,8567.87,36.526,36.577,36.781,36.845,7997.25,8567.87,2.13,83823,,,  ,57.1,,,,,,,,,,
40,36.82,36.876,36.94,5101.94,19167.69,0.09,0.09,0.01,0.12,0.067,8225.91,8438.2,36.781,36.845,36.953,37.01,8225.91,8438.2,1.11,13428,,,  ,57.1,,,,,,,,,,
41,37.11,37.131,37.16,3615.4,4759.08,0.02,0.06,0,0.051,0.023,9562.3,9933.99,37.048,37.099,37.169,37.214,9562.3,9933.99,1.54,13333,,,  ,55.1,,,,,,,,,,
42,37.228,37.252,37.296,3453.6,7421.19,0.04,0.06,0.01,0.068,0.038,10429.57,11191,37.169,37.214,37.277,37.322,10429.57,10932.51,2.6,14059,,,  ,55,,,,,,,,,,
43,37.347,37.449,37.519,236949.95,945084.15,4.54,4,0.73,0.172,0.052,16253,71419,37.277,37.322,37.513,37.525,12667.67,14941.32,1.19,250965,,,  ,57.1,,,,,,,,,,
44,37.519,37.57,37.665,193834.22,688960.49,3.31,3.27,0.53,0.146,0.053,71419,16873.42,37.513,37.525,37.678,37.71,14941.32,16873.42,0.94,209449,,,  ,57.1,,,,,,,,,,
45,37.742,37.875,37.996,5928758.15,20819611.38,100,100,16.07,0.254,0.053,26535,60166,37.678,37.71,38.168,38.232,16797.19,19386.92,0.34,5946915,,,  ,57.1,,,,,,,,,,
46,38.233,38.295,38.461,86375.48,428021.3,2.06,1.46,0.33,0.228,0.067,23501.29,16693,38.168,38.232,38.569,38.626,23501.29,16236.41,1.94,107882,,,  ,57.1,,,,,,,,,,
47,38.613,38.658,38.715,4443.58,15671.3,0.08,0.07,0.01,0.102,0.134,11576,13456,38.569,38.626,38.747,38.823,11576,13456,4.04,16842,,,  ,57.1,,,,,,,,,,
48,38.817,38.893,39.069,11605.37,104828.4,0.5,0.2,0.08,0.252,0.172,12755,10433.72,38.747,38.823,39.084,39.167,12280.35,10433.72,2.01,23326,,,  ,57.1,,,,,,,,,,
49,39.167,39.237,39.428,171749.87,660047.9,3.17,2.9,0.51,0.261,0.052,8626,11974,39.084,39.167,39.485,39.542,8091.6,9860.62,2.05,180316,,,  ,57.1,,,,,,,,,,
50,39.641,39.676,39.699,3616.64,6976.18,0.03,0.06,0.01,0.058,0.033,12335.42,12237.38,39.606,39.644,39.777,39.847,12335.42,12237.38,0.7,15893,,,  ,57.1,,,,,,,,,,
51,39.842,39.892,39.911,14047.5,35427.62,0.17,0.24,0.03,0.069,0.065,10364.5,19432,39.777,39.847,39.898,39.93,10364.5,10364.5,0.89,24412,,,  ,43.1,,,,,,,,,,
52,39.911,39.975,40.032,61715.5,228387.51,1.1,1.04,0.18,0.121,0.054,19432,26787,39.898,39.93,40.019,40.038,10364.5,10364.5,0.83,72080,,,  ,55.1,,,,,,,,,,
53,40.032,40.083,40.134,70242.5,278663.2,1.34,1.18,0.22,0.102,0.083,26787,48911,40.019,40.038,40.121,40.14,10364.5,10364.5,0.9,80607,,,  ,55.1,,,,,,,,,,
54,40.134,40.248,40.274,493094.5,2218040.19,10.65,8.32,1.71,0.14,0.077,48911,463136,40.121,40.14,40.267,40.274,10364.5,10364.5,0.26,503459,,,  ,57.1,,,,,,,,,,
55,40.274,40.306,40.484,873587.5,3434590.26,16.5,14.73,2.65,0.21,0.068,463136,32218,40.267,40.274,40.471,40.49,10364.5,10364.5,2.19,883952,,,  ,57.1,,,,,,,,,,
56,40.509,40.624,40.744,4988621.2,16964053.9,81.48,84.14,13.09,0.235,0.05,41673,77317,40.471,40.49,40.897,40.948,23491.03,27908.05,0.51,5014261,,,  ,57.1,,,,,,,,,,
57,40.952,41.005,41.096,59732.46,243656.79,1.17,1.01,0.19,0.145,0.064,34482.82,31261.17,40.897,40.948,41.158,41.247,34482.82,31261.17,1.53,93022,,,  ,57.1,,,,,,,,,,
58,41.317,41.381,41.446,18034.07,59675.83,0.29,0.3,0.05,0.128,0.05,28045.83,25984.35,41.158,41.247,41.451,41.489,28045.83,25984.35,0.86,45064,,,  ,57.1,,,,,,,,,,
59,41.494,41.591,41.777,47694.03,394664.7,1.9,0.8,0.3,0.284,0.139,25218.07,20663.2,41.451,41.489,41.794,41.851,25218.07,20663.2,1.89,71353,,,  ,57.1,,,,,,,,,,
60,41.856,41.909,42.029,59234.89,224528.84,1.08,1,0.17,0.174,0.057,19745.95,17682.37,41.794,41.851,42.144,42.252,19745.95,17682.37,1.38,78350,,,  ,57.1,,,,,,,,,,
61,42.411,42.539,42.564,233392.5,876940.06,4.21,3.94,0.68,0.153,0.063,17332,194581,42.316,42.386,42.564,42.57,13059.5,13059.5,0.36,246452,,,  ,55.1,,,,,,,,,,
62,42.564,42.628,42.691,920937.5,3670758.72,17.63,15.53,2.83,0.127,0.058,194581,204316,42.564,42.57,42.685,42.698,13059.5,13059.5,1.1,933997,,,  ,55.1,,,,,,,,,,
63,42.691,42.723,42.768,262701.5,1082852.63,5.2,4.43,0.84,0.076,0.095,204316,238144,42.685,42.698,42.755,42.78,13059.5,13059.5,1.5,275761,,,  ,55.1,,,,,,,,,,
64,42.768,42.869,42.908,4430491,15214329.33,73.08,74.73,11.74,0.14,0.051,238144,1006014,42.755,42.78,42.908,42.914,36381.66,44862.63,0.67,4473041,,,  ,57.1,,,,,,,,,,
65,42.908,42.952,43.067,2318021,7222682.54,34.69,39.1,5.57,0.16,0.047,1006014,123947.05,42.908,42.914,43.092,43.105,152702,123947.05,1.03,2462714,,,  ,57.1,,,,,,,,,,
66,43.113,43.181,43.337,1975434,6161183.94,29.59,33.32,4.75,0.225,0.044,115806.44,75380.78,43.092,43.105,43.442,43.493,115806.44,75380.78,1.05,2078937,,,  ,57.1,,,,,,,,,,
67,43.48,43.531,43.63,31241.73,138855.49,0.67,0.53,0.11,0.15,0.062,54412,39859.04,43.442,43.493,43.626,43.728,53856.98,39859.04,0.73,80351,,,  ,57.1,,,,,,,,,,
68,43.728,43.855,43.97,70660.65,503086.34,2.42,1.19,0.39,0.242,0.122,39956,45273,43.626,43.728,43.945,44.002,39283.09,36828.71,1.31,108652,,,  ,55.1,,,,,,,,,,
69,43.97,44.097,44.259,71082.03,507625.59,2.44,1.2,0.39,0.289,0.096,45273,33898.82,43.945,44.002,44.307,44.371,36828.71,33898.82,0.79,106619,,,  ,57.1,,,,,,,,,,
70,44.363,44.403,44.479,13149.2,42313.36,0.2,0.22,0.03,0.116,0.049,28578.89,25623,44.307,44.371,44.523,44.74,28578.89,25406.86,1.43,40650,,,  ,57.1,,,,,,,,,,
71,44.924,45.052,45.115,1924479.12,7723558.34,37.1,32.46,5.96,0.191,0.054,56810,378268,44.753,44.861,45.109,45.122,20624.04,20635.81,0.84,1945111,,,  ,55.1,,,,,,,,,,
72,45.115,45.141,45.192,412610.62,1596027,7.67,6.96,1.23,0.076,0.089,378268,274630,45.109,45.122,45.185,45.198,20635.81,20640.51,1.8,433248,,,  ,55.1,,,,,,,,,,
73,45.192,45.331,45.491,4135106.4,17774785.93,85.38,69.75,13.72,0.299,0.049,274630,163443,45.185,45.198,45.535,45.554,35112.27,47609.88,0.73,4176069,,,  ,57.1,,,,,,,,,,
74,45.548,45.599,45.742,117112.09,557702.6,2.68,1.98,0.43,0.195,0.067,119273,69877.71,45.535,45.554,45.84,45.917,91859.91,69877.71,1.3,203220,,,  ,57.1,,,,,,,,,,
75,45.898,45.955,46.036,13627.41,57030.84,0.27,0.23,0.04,0.138,0.069,56215.41,48744.7,45.84,45.917,46.057,46.133,56215.41,48744.7,0.39,66761,,,  ,57.1,,,,,,,,,,
76,46.148,46.235,46.368,22798.47,130987.09,0.63,0.38,0.1,0.22,0.079,48856.39,51386,46.057,46.133,46.311,46.394,48856.39,48617.94,2.02,71561,,,  ,55,,,,,,,,,,
77,46.368,46.559,46.904,39523.28,614727.79,2.95,0.67,0.47,0.536,0.26,51386,48282.43,46.311,46.394,46.954,47.056,48537.61,48282.43,1.46,87970,,,  ,257.2,,,,,,,,,,
78,47.049,47.081,47.132,7641.88,21956.94,0.11,0.13,0.02,0.083,0.049,43140,42116,46.954,47.056,47.119,47.259,43140,42116,1.54,50388,,,  ,207,,,,,,,,,,
79,47.273,47.355,47.539,145069.07,933032.28,4.48,2.45,0.72,0.266,0.082,47500.69,72291,47.119,47.259,47.488,47.545,47500.69,47131.44,3.3,192457,,,  ,55.1,,,,,,,,,,
80,47.539,47.647,47.87,56733.91,542853.66,2.61,0.96,0.42,0.331,0.174,72291,47444,47.488,47.545,48.016,48.271,47131.44,46671.54,0.9,103715,,,  ,57.1,,,,,,,,,,
81,49.098,49.168,49.266,11292.89,48666.73,0.23,0.19,0.04,0.168,0.064,33160,33442.75,48.85,49.104,49.435,49.689,32641.4,33442.75,1.49,44268,,,  ,207.1,,,,,,,,,,
82,49.696,49.753,49.886,7693.7,48610.73,0.23,0.13,0.04,0.19,0.127,32716,31485.53,49.435,49.689,50.491,51.146,32043.19,31485.53,1.9,39569,,,  ,207,,,,,,,,,,
83,51.089,51.216,51.401,6038.17,57381.21,0.28,0.1,0.04,0.312,0.805,27695,27060,50.491,51.146,51.598,51.789,27695,27060,0.27,33474,,,  ,207.1,,,,,,,,,,
84,53.087,53.418,53.965,16466.95,395440.29,1.9,0.28,0.31,0.877,0.454,28736.37,33726,52.514,53.017,54.003,54.512,28736.37,33260.8,2.35,46906,,,  ,207,,,,,,,,,,
85,54.512,54.614,54.811,19472.5,161394.92,0.78,0.33,0.12,0.299,0.132,34265,35627,54.003,54.512,54.804,54.983,33897.04,34985.37,2.11,53740,,,  ,207,,,,,,,,,,
86,54.971,55.339,55.689,16811.98,396662.35,1.91,0.28,0.31,0.718,0.401,34989.84,37289,54.804,54.983,55.841,56.376,34989.84,37224.83,1.12,52947,,,  ,207,,,,,,,,,,
87,57.102,57.597,57.865,10499.85,231082.62,1.11,0.18,0.18,0.763,0.449,34344.72,35028,56.923,57.101,57.928,57.992,34344.72,34913.41,0.67,45214,,,  ,207,,,,,,,,,,
,,,,,,,,,,,,,,,,,,,,,,,,,,,,,,,,,,
 + TIC Scan DR_338.D ,,,,,,,,,,,,,,,,,,,,,,,,,,,,,,,,,,
Peak ,Start,RT,End,Height,Area,Area %,Height %,Area Sum %,Width,FWHM,Start Y,End Y,B1 Start,B1 End,B2 Start,B2 End,Start BL Y,End BL Y,Symmetry,Max Y,SNR,Height % (Norm),Baseline,Base Peak,k',Label,Cpd,Type,Plates,Plates/M,Resolution,Saturated,Tailing factor,Flags (Tgt)
1,4.093,4.119,4.507,52581.42,378540.43,1.68,0.83,0.3,0.414,0.058,38033,19837,4.093,4.1,5.525,6.065,16192.99,13747.52,12.08,68624,,,  ,281,,,,,,,,,,
2,6.46,6.504,6.6,3484.09,16629.48,0.07,0.06,0.01,0.14,0.083,7711,7778,6.174,6.466,6.924,7.401,7627.59,7553.15,2.14,11088,,,  ,41.1,,,,,,,,,,
3,7.389,7.44,7.65,21114.61,106854.84,0.47,0.33,0.09,0.261,0.052,7046,6574,6.924,7.401,9.164,10.557,6725.06,6383.33,4.67,27773,,,  ,73.1,,,,,,,,,,
4,11.696,11.747,11.829,22797.76,66050.4,0.29,0.36,0.05,0.134,0.042,4778,4789,9.164,10.557,15.208,15.939,4526.06,4789,1.56,27424,,,  ,341,,,,,,,,,,
5,15.94,15.971,15.996,2098.11,3484.6,0.02,0.03,0,0.056,0.026,3633.84,3900,15.208,15.939,15.99,16.098,3633.84,3787.9,0.91,5816,,,  ,73,,,,,,,,,,
6,16.066,16.168,16.245,1839.45,12060.65,0.05,0.03,0.01,0.178,0.255,3899,4240,15.99,16.098,18.828,19.877,3696.25,3950.5,0.67,5681,,,  ,73,,,,,,,,,,
7,19.873,19.928,20.093,4685.7,23031.66,0.1,0.07,0.02,0.22,0.076,2415.73,2358.21,18.828,19.877,20.024,20.952,2415.73,2358.21,1.96,7087,,,  ,73.1,,,,,,,,,,
8,23.217,23.268,23.325,4896.6,14671.91,0.07,0.08,0.01,0.108,0.046,2271,2376,22.199,23.217,23.313,23.478,2271,2376,1.19,7217,,,  ,73,,,,,,,,,,
9,23.453,23.529,23.631,2455.71,14490.9,0.06,0.04,0.01,0.178,0.133,2169,2319,23.313,23.478,23.682,24.102,2169,2319,1.33,4689,,,  ,41.1,,,,,,,,,,
10,24.095,24.21,24.56,5908.9,88166.51,0.39,0.09,0.07,0.464,0.324,2311,3013,23.682,24.102,25.476,26.207,2311,3013,3.46,8393,,,  ,43.1,,,,,,,,,,
11,26.208,26.271,26.316,2714.19,7742.56,0.03,0.04,0.01,0.108,0.039,1808.73,1883,25.476,26.207,26.615,27.155,1808.73,1808.86,0.7,4523,,,  ,73,,,,,,,,,,
12,27.073,27.206,27.289,1570.41,10616.93,0.05,0.02,0.01,0.216,0.659,1379,1503,26.615,27.155,27.289,27.811,1379,1503,0.14,3026,,,  ,44,,,,,,,,,,
13,27.824,27.995,28.052,2251.08,16889.47,0.08,0.04,0.01,0.229,0.179,3078.75,3489.53,27.289,27.811,28.04,28.173,3078.75,3489.53,0.37,5638,,,  ,57.1,,,,,,,,,,
14,28.192,28.339,28.549,12727.52,114886.09,0.51,0.2,0.09,0.356,0.138,4545,5237,28.04,28.173,28.778,29.007,4346.8,4966.84,1.77,17329,,,  ,57.1,,,,,,,,,,
15,28.994,29.032,29.076,2652.38,5564.84,0.02,0.04,0,0.082,0.041,2101.52,1949.42,28.778,29.007,29.077,29.516,2101.52,1949.42,0.74,4683,,,  ,73,,,,,,,,,,
16,29.49,29.579,29.738,2451.57,19479.1,0.09,0.04,0.02,0.248,0.167,1848,1631,29.077,29.516,29.713,29.974,1664.43,1631,1.76,4104,,,  ,57,,,,,,,,,,
17,29.974,30.037,30.34,57269.8,323238.02,1.44,0.91,0.26,0.365,0.073,2154.43,2635.67,29.713,29.974,30.336,30.438,2154.43,2635.67,3.31,59507,,,  ,57.1,,,,,,,,,,
18,30.432,30.476,30.596,6783.57,24725.79,0.11,0.11,0.02,0.164,0.055,2508.77,2220.76,30.336,30.438,30.648,30.922,2508.77,2220.76,2.01,9215,,,  ,43.1,,,,,,,,,,
19,30.933,30.992,31.144,743005.48,4151630.44,18.45,11.79,3.31,0.211,0.075,4328.35,180231,30.648,30.922,31.132,31.151,4328.35,30887.11,4.21,754656,,,  ,55.1,,,,,,,,,,
20,31.144,31.189,31.265,455581.63,1553819.55,6.91,7.23,1.24,0.121,0.047,180231,129492,31.132,31.151,31.252,31.278,77252.53,70521.19,1.56,530354,,,  ,55.1,,,,,,,,,,
21,31.265,31.31,31.446,189989.98,721892.02,3.21,3.01,0.58,0.181,0.054,129492,60463.44,31.252,31.278,31.513,31.551,70521.19,60463.44,1.11,258031,,,  ,55.1,,,,,,,,,,
22,31.541,31.564,31.602,8526.63,15678.67,0.07,0.14,0.01,0.062,0.029,50301.94,49549,31.513,31.551,31.583,31.609,50301.94,47930.37,1.06,57922,,,  ,55.1,,,,,,,,,,
23,31.602,31.685,31.806,2224865.66,6260808.04,27.82,35.29,4.99,0.204,0.042,49549,54244,31.583,31.609,32.601,32.805,47930.37,40115.95,0.67,2269621,,,  ,57.1,,,,,,,,,,
24,32.81,32.868,33.013,17737.45,87003.55,0.39,0.28,0.07,0.203,0.071,11471.4,12068.09,32.601,32.805,33.002,33.034,11471.4,12068.09,1.94,29380,,,  ,57,,,,,,,,,,
25,33.029,33.085,33.162,16299.72,64277,0.29,0.26,0.05,0.133,0.062,11431.96,11716.58,33.002,33.034,33.161,33.206,11431.96,11716.58,1.42,27851,,,  ,43.1,,,,,,,,,,
26,33.244,33.307,33.402,85329.49,280069.01,1.24,1.35,0.22,0.158,0.051,11741.3,11616.61,33.161,33.206,33.422,33.46,11741.3,11616.61,1.54,97021,,,  ,57.1,,,,,,,,,,
27,33.467,33.524,33.726,101126.37,540636.99,2.4,1.6,0.43,0.259,0.079,11382.92,10710.41,33.422,33.46,34.115,34.268,11382.92,10710.41,2.67,112362,,,  ,57.1,,,,,,,,,,
28,34.37,34.433,34.51,421095.32,1370946.53,6.09,6.68,1.09,0.14,0.047,32928,44341,34.115,34.268,34.503,34.516,8195.34,11025.15,1.7,430577,,,  ,57.1,,,,,,,,,,
29,34.51,34.567,34.681,240980.81,808415.67,3.59,3.82,0.64,0.172,0.05,44341,14576.6,34.503,34.516,34.682,34.752,15275.33,14576.6,0.78,256023,,,  ,55.1,,,,,,,,,,
30,34.79,34.885,35.006,3451744.58,10504094.21,46.68,54.75,8.37,0.216,0.046,21751,49189,34.682,34.752,35.273,35.356,14016.27,12559.14,0.61,3465118,,,  ,57.1,,,,,,,,,,
31,35.358,35.407,35.521,29920.26,125173.36,0.56,0.47,0.1,0.163,0.062,12061.73,9954.97,35.273,35.356,35.528,35.617,12061.73,9954.97,1.85,41350,,,  ,57.1,,,,,,,,,,
32,35.598,35.661,35.719,4621.02,15839.14,0.07,0.07,0.01,0.121,0.155,8575,7684,35.528,35.617,35.725,35.929,8575,7684,0.35,12727,,,  ,43.1,,,,,,,,,,
33,35.946,35.992,36.06,14030.56,49370.38,0.22,0.22,0.04,0.115,0.069,8909.78,14665.34,35.725,35.929,36.049,36.088,8909.78,14665.34,3.02,25262,,,  ,57.1,,,,,,,,,,
34,36.081,36.107,36.187,8504.27,33388.33,0.15,0.13,0.03,0.106,0.086,13475,10107.84,36.049,36.088,36.183,36.215,9314.21,10107.84,1.35,18009,,,  ,57.1,,,,,,,,,,
35,36.224,36.272,36.317,10542.48,39838.53,0.18,0.17,0.03,0.092,0.068,13642.22,17628,36.183,36.215,36.304,36.323,13642.22,12822.87,1.1,23761,,,  ,55,,,,,,,,,,
36,36.317,36.374,36.516,189783.91,669736.86,2.98,3.01,0.53,0.2,0.052,17628,11048.74,36.304,36.323,36.52,36.59,12822.87,11048.74,1.83,202098,,,  ,57.1,,,,,,,,,,
37,36.59,36.647,36.781,64604.21,301410.81,1.34,1.02,0.24,0.19,0.072,11369.74,10427.96,36.52,36.59,36.781,36.845,11369.74,10427.96,1.86,75692,,,  ,57.1,,,,,,,,,,
38,36.828,36.876,36.927,6007.23,21050.68,0.09,0.1,0.02,0.1,0.06,8834.26,8494,36.781,36.845,36.953,37.01,8834.26,8214.24,1.05,14538,,,  ,57.1,,,,,,,,,,
39,37.093,37.137,37.169,6112.8,16709.21,0.07,0.1,0.01,0.076,0.042,8201,9026,37.055,37.099,37.182,37.22,8201,9026,0.82,14795,,,  ,55,,,,,,,,,,
40,37.36,37.443,37.513,526652.72,1858524.38,8.26,8.35,1.48,0.153,0.049,29001,99465,37.182,37.22,37.506,37.519,11192.73,12020.78,1.58,538294,,,  ,57.1,,,,,,,,,,
41,37.513,37.564,37.684,515257.3,1745287.5,7.76,8.17,1.39,0.172,0.048,99465,22134,37.506,37.519,37.678,37.703,12020.78,12952.22,1,527554,,,  ,57.1,,,,,,,,,,
42,37.748,37.875,37.996,6304504.4,22501239.15,100,100,17.94,0.248,0.053,43013,63003,37.678,37.703,38.168,38.232,17206.71,20929.22,0.36,6323620,,,  ,57.1,,,,,,,,,,
43,38.227,38.302,38.461,103928.8,509016.32,2.26,1.65,0.41,0.233,0.069,22187.1,18261,38.168,38.232,38.55,38.632,22187.1,17754.04,1.72,124705,,,  ,57.1,,,,,,,,,,
44,38.81,38.887,39.089,15750.09,133368.06,0.59,0.25,0.11,0.279,0.16,13542.05,11007.67,38.664,38.83,39.097,39.179,13542.05,11007.67,2.83,28591,,,  ,57.1,,,,,,,,,,
45,39.182,39.237,39.405,115304.29,471507.41,2.1,1.83,0.38,0.222,0.058,11219.17,10360.4,39.097,39.179,39.466,39.561,11219.17,10360.4,2.18,126314,,,  ,57.1,,,,,,,,,,
46,39.63,39.669,39.79,5227.28,23259.77,0.1,0.08,0.02,0.16,0.039,9514.04,9099,39.466,39.561,39.758,39.847,9514.04,8764.68,2.94,14558,,,  ,57.1,,,,,,,,,,
47,39.816,39.892,39.924,12701.5,45470.65,0.2,0.2,0.04,0.108,0.072,8813,17049,39.758,39.847,39.905,39.937,8008.5,8008.5,0.78,20710,,,  ,55,,,,,,,,,,
48,39.924,39.975,40.032,62317.5,216775.14,0.96,0.99,0.17,0.108,0.052,17049,23319,39.905,39.937,40.026,40.045,8008.5,8008.5,1,70326,,,  ,55.1,,,,,,,,,,
49,40.032,40.089,40.134,52831.5,227095.21,1.01,0.84,0.18,0.102,0.091,23319,43086,40.026,40.045,40.121,40.146,8008.5,8008.5,0.9,60840,,,  ,55.1,,,,,,,,,,
50,40.134,40.248,40.274,770542.5,2768278.87,12.3,12.22,2.21,0.14,0.058,43086,617874,40.121,40.146,40.274,40.28,8008.5,8008.5,0.4,778551,,,  ,57.1,,,,,,,,,,
51,40.274,40.306,40.484,771482.5,3379868.6,15.02,12.24,2.69,0.21,0.063,617874,33615,40.274,40.28,40.471,40.49,8008.5,8008.5,2.98,779491,,,  ,57.1,,,,,,,,,,
52,40.515,40.605,40.764,3535546.39,11280566.68,50.13,56.08,8.99,0.248,0.045,48190,50496,40.471,40.49,40.891,40.942,19383.91,23071.4,0.79,3556254,,,  ,57.1,,,,,,,,,,
53,40.945,41.005,41.139,67646.72,315891.58,1.4,1.07,0.25,0.194,0.067,25588.94,20741,40.891,40.942,41.158,41.26,25588.94,20635.69,1.68,91690,,,  ,57.1,,,,,,,,,,
54,41.263,41.387,41.476,15197.89,79921.33,0.36,0.24,0.06,0.213,0.075,19755.13,20014,41.158,41.26,41.438,41.508,19755.13,19306.15,0.53,34692,,,  ,57,,,,,,,,,,
55,41.476,41.597,41.786,42957.42,379894.48,1.69,0.68,0.3,0.31,0.158,20014,17860.12,41.438,41.508,41.801,41.858,18691.9,17860.12,1.87,61325,,,  ,57.1,,,,,,,,,,
56,41.855,41.909,42.03,31796.06,121913.04,0.54,0.5,0.1,0.174,0.055,16766.34,15001,41.801,41.858,42.119,42.259,16766.34,14860.3,1.74,47977,,,  ,57.1,,,,,,,,,,
57,42.254,42.303,42.346,2353.45,5888.24,0.03,0.04,0,0.092,0.052,10803.27,10366.53,42.119,42.259,42.31,42.386,10803.27,10366.53,0.8,12925,,,  ,57,,,,,,,,,,
58,42.437,42.539,42.564,153804.54,500724.7,2.23,2.44,0.4,0.127,0.059,18623,124055,42.303,42.386,42.564,42.57,13639.72,15039.39,0.54,168564,,,  ,55.1,,,,,,,,,,
59,42.564,42.634,42.691,605872.84,2299166.31,10.22,9.61,1.83,0.127,0.054,124055,137479,42.564,42.57,42.685,42.698,15039.39,16438.88,0.91,621682,,,  ,55.1,,,,,,,,,,
60,42.749,42.863,42.901,3428077.59,12072895.72,53.65,54.38,9.62,0.153,0.051,182351,840304,42.685,42.698,42.901,42.908,30374.55,37290.11,0.68,3463639,,,  ,57.1,,,,,,,,,,
61,42.901,42.939,43.072,1993002.13,6390482.45,28.4,31.61,5.09,0.171,0.048,840304,103755.04,42.901,42.908,43.092,43.105,132196.23,103755.04,1.44,2118851,,,  ,57.1,,,,,,,,,,
62,43.112,43.168,43.341,1082081.86,3638715.1,16.17,17.16,2.9,0.229,0.048,97177.78,59041.27,43.092,43.105,43.448,43.499,97177.78,59041.27,1.54,1169841,,,  ,57.1,,,,,,,,,,
63,43.499,43.537,43.639,26521.58,107815.19,0.48,0.42,0.09,0.14,0.057,43774,31338,43.448,43.499,43.639,43.741,43774,31338,1.51,66903,,,  ,57.1,,,,,,,,,,
64,43.739,43.849,43.945,39556.28,247351.44,1.1,0.63,0.2,0.205,0.11,32116.27,35764,43.639,43.741,43.932,44.021,32116.27,35119.82,0.98,73280,,,  ,55.1,,,,,,,,,,
65,43.995,44.104,44.215,48959.42,290211.45,1.29,0.78,0.23,0.22,0.095,36833,39078.67,43.932,44.021,44.294,44.384,35864.2,39078.67,1.38,86406,,,  ,57.1,,,,,,,,,,
66,44.931,45.045,45.185,1034355.5,5255182.25,23.36,16.41,4.19,0.254,0.059,41869,191080,44.555,44.873,45.172,45.192,18369.5,18369.5,2.01,1052725,,,  ,55.1,,,,,,,,,,
67,45.185,45.325,45.522,2862191.06,14128231.63,62.79,45.4,11.26,0.337,0.055,191080,115841,45.172,45.192,45.541,45.567,31870.63,43008.3,0.97,2898685,,,  ,57.1,,,,,,,,,,
68,45.554,45.611,45.77,68701.23,431547.15,1.92,1.09,0.34,0.216,0.117,101454,52434.6,45.541,45.567,46.05,46.165,60946.59,52434.6,1.51,127387,,,  ,57.1,,,,,,,,,,
69,46.248,46.547,46.986,127793.95,1996355.9,8.87,2.03,1.59,0.739,0.216,59534,51205.22,46.05,46.165,47.106,47.297,58770.57,51205.22,1.19,183502,,,  ,257.2,,,,,,,,,,
70,47.301,47.374,47.52,83925.14,544661.33,2.42,1.33,0.43,0.219,0.095,48202.6,63371,47.106,47.297,47.501,47.565,48202.6,46217.41,3.53,131470,,,  ,55.1,,,,,,,,,,
71,47.52,47.609,47.857,41594.64,429805.03,1.91,0.66,0.34,0.337,0.154,63371,43587,47.501,47.565,48.054,48.353,46217.41,43158.35,1.61,87004,,,  ,57.1,,,,,,,,,,
72,49.693,49.779,50.09,7704.42,83817.36,0.37,0.12,0.07,0.397,0.145,33000.22,32532,49.301,49.702,50.268,51.14,33000.22,31826.53,2.43,40452,,,  ,207,,,,,,,,,,
73,51.141,51.223,51.331,8768.47,49241.88,0.22,0.14,0.04,0.19,0.115,30509.72,31807,50.268,51.14,51.541,52.031,30509.72,31189.43,1.84,39571,,,  ,207,,,,,,,,,,
74,53.22,53.57,53.717,6428.92,110364.33,0.49,0.1,0.09,0.496,0.34,28259,30561,52.451,53.214,53.672,54.13,28012.77,29814.35,0.75,35712,,,  ,207,,,,,,,,,,
75,54.515,54.607,54.81,25859.61,212966.59,0.95,0.41,0.17,0.295,0.134,33736.75,36820.5,54.245,54.512,54.766,54.906,33736.75,36820.5,2.57,60562,,,  ,207,,,,,,,,,,
76,54.907,55.199,55.803,61013.68,1349959.07,6,0.97,1.08,0.897,0.324,39729.81,38466,54.766,54.906,56.198,56.942,39729.81,38145.05,1.72,100227,,,  ,257.2,,,,,,,,,,
77,57.209,57.566,57.928,15092.11,375099.73,1.67,0.24,0.3,0.719,0.498,35915,39632,56.198,56.942,57.903,57.992,35761.74,39242.87,1.44,52579,,,  ,207,,,,,,,,,,
,,,,,,,,,,,,,,,,,,,,,,,,,,,,,,,,,,
 + TIC Scan DR_339.D ,,,,,,,,,,,,,,,,,,,,,,,,,,,,,,,,,,
Peak ,Start,RT,End,Height,Area,Area %,Height %,Area Sum %,Width,FWHM,Start Y,End Y,B1 Start,B1 End,B2 Start,B2 End,Start BL Y,End BL Y,Symmetry,Max Y,SNR,Height % (Norm),Baseline,Base Peak,k',Label,Cpd,Type,Plates,Plates/M,Resolution,Saturated,Tailing factor,Flags (Tgt)
1,4.093,4.125,4.257,37308,129461.35,0.21,0.29,0.03,0.163,0.048,41818,24799,4.093,4.1,4.24,4.329,24799,24799,2.33,62107,,,  ,281,,,,,,,,,,
2,4.279,4.341,4.396,5128,15112.09,0.02,0.04,0,0.117,0.054,23732.55,21554.41,4.24,4.329,5.009,5.181,23732.55,21554.41,0.29,27696,,,  ,43.1,,,,,,,,,,
3,5.137,5.219,5.391,4308.75,28215.63,0.05,0.03,0.01,0.254,0.101,10047,9777,5.009,5.181,5.862,5.957,10047,9777,1.63,14268,,,  ,43,,,,,,,,,,
4,6.053,6.097,6.174,4058.8,17037.06,0.03,0.03,0,0.121,0.085,8330,8925,5.862,5.957,6.167,6.263,8330,8925,1.82,12608,,,  ,57.1,,,,,,,,,,
5,6.256,6.32,6.441,3248.06,22351.27,0.04,0.02,0.01,0.185,0.168,9257,9631,6.167,6.263,6.333,6.46,9055.55,9251,2.25,12371,,,  ,41.1,,,,,,,,,,
6,6.441,6.511,6.606,8552.09,42591.53,0.07,0.07,0.01,0.165,0.079,9631,9594,6.333,6.46,6.651,6.816,9195,9336.6,1.35,17807,,,  ,43.1,,,,,,,,,,
7,6.812,6.899,6.988,3143.76,13444.42,0.02,0.02,0,0.176,0.1,8806.79,8556,6.651,6.816,7.058,7.395,8806.79,8336.01,0.8,11718,,,  ,57.1,,,,,,,,,,
8,7.392,7.44,7.631,18796.54,81468.16,0.13,0.14,0.02,0.238,0.047,7434.66,7332,7.058,7.395,9.329,9.845,7434.66,7052.15,4.18,26155,,,  ,73,,,,,,,,,,
9,11.7,11.74,11.831,18143.56,48161.64,0.08,0.14,0.01,0.131,0.04,4961.58,5070.92,11.098,11.702,11.829,12.033,4961.58,5070.92,1.65,23139,,,  ,73.1,,,,,,,,,,
10,15.935,15.971,16.011,1981.22,4273.95,0.01,0.02,0,0.076,0.041,3222.58,3258.54,15.138,15.939,15.997,16.054,3222.58,3258.54,1.33,5221,,,  ,57,,,,,,,,,,
11,16.047,16.105,16.327,2016.39,16991.43,0.03,0.02,0,0.28,0.206,3431,3485,15.997,16.054,16.773,17.205,3323.19,3335,3.92,5342,,,  ,73,,,,,,,,,,
12,19.865,19.928,20.036,4944.7,22940.84,0.04,0.04,0.01,0.172,0.079,2604,2457.75,19.235,19.865,20.062,20.285,2441.15,2457.75,1.22,7392,,,  ,73,,,,,,,,,,
13,20.545,20.749,20.832,1606.29,10500.5,0.02,0.01,0,0.286,0.538,2311,2267,20.062,20.285,21.309,21.856,2311,2267,0.17,3886,,,  ,43,,,,,,,,,,
14,23.2,23.262,23.402,4882.51,20826.9,0.03,0.04,0.01,0.202,0.05,2491.18,2641,22.81,23.205,23.338,23.434,2491.18,2495.46,2.86,7375,,,  ,73,,,,,,,,,,
15,23.421,23.478,23.598,2412.97,12757.44,0.02,0.02,0,0.177,0.122,2613,2509.79,23.338,23.434,23.765,23.968,2532.29,2509.79,0.85,4938,,,  ,41.1,,,,,,,,,,
16,24.02,24.121,24.744,15339.66,232677.52,0.38,0.12,0.06,0.724,0.21,2456.79,3608,23.765,23.968,24.725,24.967,2456.79,3607.48,6.99,17956,,,  ,41.1,,,,,,,,,,
17,26.219,26.265,26.292,1446.1,3334.47,0.01,0.01,0,0.074,0.037,2484.94,2567.97,25.66,26.074,26.297,26.386,2484.94,2567.97,0.62,3983,,,  ,73.1,,,,,,,,,,
18,26.962,27.028,27.232,2881.69,22574.69,0.04,0.02,0.01,0.269,0.132,2302.91,2501,26.729,26.958,27.334,27.677,2302.91,2341.4,3.08,5194,,,  ,44,,,,,,,,,,
19,27.743,27.792,27.855,11227.89,48868.38,0.08,0.09,0.01,0.112,0.082,5799.61,11610,27.334,27.677,27.823,27.855,5799.61,6747.17,1.44,17438,,,  ,55.1,,,,,,,,,,
20,27.855,27.887,27.966,9200.44,34590.54,0.06,0.07,0.01,0.111,0.071,11610,7680.5,27.823,27.855,28.008,28.078,6747.17,7680.5,1.14,16216,,,  ,55.1,,,,,,,,,,
21,28.103,28.256,28.593,70537.18,494759.82,0.81,0.54,0.13,0.49,0.077,7798,6422,28.008,28.078,28.918,29,6041.27,4461.3,1.65,76086,,,  ,57.1,,,,,,,,,,
22,29.472,29.548,29.719,9761.67,65866.26,0.11,0.07,0.02,0.247,0.087,3365.84,3632,29.223,29.312,29.707,29.783,3365.84,3551.08,2.71,13184,,,  ,43.1,,,,,,,,,,
23,29.936,29.999,30.146,109530.83,545422.02,0.89,0.84,0.14,0.209,0.072,4002.05,11911,29.707,29.783,30.133,30.158,4002.05,4342.04,2.96,113635,,,  ,57.1,,,,,,,,,,
24,30.146,30.19,30.347,15473.56,75953.05,0.12,0.12,0.02,0.202,0.08,11911,4670.17,30.133,30.158,30.356,30.413,4342.04,4670.17,1.94,19888,,,  ,57,,,,,,,,,,
25,30.41,30.457,30.565,14528.01,47993.55,0.08,0.11,0.01,0.156,0.046,4353.13,4284,30.356,30.413,30.648,30.814,4353.13,4211.73,1.84,18838,,,  ,43.1,,,,,,,,,,
26,30.917,30.985,31.138,2187947.94,9728062.75,15.91,16.79,2.53,0.221,0.056,10247.54,265828,30.648,30.814,31.125,31.138,10247.54,37616.5,3.36,2206641,,,  ,55.1,,,,,,,,,,
27,31.138,31.195,31.265,1482222.69,4698601.15,7.69,11.37,1.22,0.127,0.046,265828,199762,31.125,31.138,31.259,31.265,97621.85,89230.15,0.69,1576068,,,  ,55.1,,,,,,,,,,
28,31.265,31.31,31.449,635246.67,1983317.83,3.24,4.87,0.51,0.183,0.045,199762,77143.15,31.259,31.265,31.513,31.533,89230.15,77143.15,0.94,721540,,,  ,55.1,,,,,,,,,,
29,31.533,31.571,31.602,31157.33,83188.98,0.14,0.24,0.02,0.07,0.048,71877,82778,31.513,31.533,31.59,31.609,71607.14,66912.19,1.01,100204,,,  ,55.1,,,,,,,,,,
30,31.602,31.723,31.844,6763805.36,24550711.71,40.16,51.9,6.37,0.242,0.057,82778,74831,31.59,31.609,32.054,32.105,66912.19,50693.97,0.34,6822609,,,  ,57.1,,,,,,,,,,
31,32.102,32.131,32.18,5310.4,14974.42,0.02,0.04,0,0.079,0.045,33264.15,29090.3,32.054,32.105,32.181,32.232,33264.15,29090.3,0.9,37038,,,  ,55.1,,,,,,,,,,
32,32.227,32.258,32.32,12302.74,37009.1,0.06,0.09,0.01,0.093,0.046,27596.75,23886.93,32.181,32.232,32.589,32.748,27596.75,23886.93,1.63,38678,,,  ,57.1,,,,,,,,,,
33,32.753,32.799,32.837,56118.04,187582.99,0.31,0.43,0.05,0.084,0.06,15277.63,60158,32.589,32.748,32.824,32.837,15277.63,15737.39,1.06,71646,,,  ,57.1,,,,,,,,,,
34,32.837,32.856,32.939,49898.89,163523.67,0.27,0.38,0.04,0.102,0.059,60158,22842,32.824,32.837,32.926,32.945,15737.39,16296.01,2.8,65741,,,  ,43.1,,,,,,,,,,
35,32.939,32.977,33.008,13687.56,39448.27,0.06,0.11,0.01,0.07,0.055,22842,21589,32.926,32.945,33.002,33.021,16296.01,16679.94,0.87,30193,,,  ,43.1,,,,,,,,,,
36,33.008,33.047,33.117,23825.53,85243.68,0.14,0.18,0.02,0.109,0.055,21589,17276.61,33.002,33.021,33.117,33.142,16679.94,17276.61,1.39,40715,,,  ,43.1,,,,,,,,,,
37,33.141,33.18,33.238,16736.31,51783.28,0.08,0.13,0.01,0.097,0.054,17191.48,18595,33.117,33.142,33.231,33.244,17191.48,17779.51,1.45,34167,,,  ,55.1,,,,,,,,,,
38,33.238,33.295,33.378,307076.58,866382.56,1.42,2.36,0.22,0.14,0.044,18595,18634.38,33.231,33.244,33.384,33.416,17779.51,18634.38,1.27,325205,,,  ,57.1,,,,,,,,,,
39,33.417,33.467,33.689,485214.04,2224975.8,3.64,3.72,0.58,0.272,0.062,18871.88,20530.3,33.384,33.416,33.702,33.753,18871.88,20530.3,3.35,504389,,,  ,57.1,,,,,,,,,,
40,34.022,34.065,34.119,7346.61,20058.93,0.03,0.06,0.01,0.097,0.042,12364.2,11532.18,33.956,34.033,34.115,34.16,12364.2,11532.18,1.06,19344,,,  ,55.1,,,,,,,,,,
41,34.151,34.185,34.23,4847.55,12592.78,0.02,0.04,0,0.079,0.05,11252.1,10713,34.115,34.16,34.224,34.255,11252.1,10571.54,1.25,15803,,,  ,55,,,,,,,,,,
42,34.306,34.357,34.37,113495.67,214990.38,0.35,0.87,0.06,0.064,0.037,14108,114018,34.224,34.255,34.37,34.376,10647.33,10647.33,0.53,124143,,,  ,67.1,,,,,,,,,,
43,34.37,34.44,34.504,1387572.84,4276258.75,7,10.65,1.11,0.134,0.045,114018,102947,34.37,34.376,34.497,34.51,17301.52,23879.33,0.89,1408320,,,  ,57.1,,,,,,,,,,
44,34.504,34.554,34.675,827428.33,2532005.17,4.14,6.35,0.66,0.172,0.045,102947,33758,34.497,34.51,34.675,34.713,33276.67,33276.67,1.16,860705,,,  ,55.1,,,,,,,,,,
45,34.79,34.93,35.013,8920837.74,33091679.18,54.13,68.45,8.59,0.223,0.057,60067,93900,34.675,34.713,35.292,35.324,31372.89,26129.39,0.25,8948915,,,  ,57.1,,,,,,,,,,
46,35.332,35.394,35.547,109870.91,453679.22,0.74,0.84,0.12,0.215,0.06,22325.09,18751,35.292,35.324,35.528,35.585,22325.09,18582.68,1.59,131117,,,  ,57.1,,,,,,,,,,
47,35.56,35.636,35.681,6906.94,28023.53,0.05,0.05,0.01,0.121,0.12,18396,16095,35.528,35.585,35.731,35.795,18094.71,15815.35,0.35,23562,,,  ,43.1,,,,,,,,,,
48,35.807,35.833,35.865,3575.23,6800.87,0.01,0.03,0,0.058,0.041,15459.6,15783,35.731,35.795,35.846,35.903,15459.6,15526.04,1.36,19065,,,  ,57.1,,,,,,,,,,
49,35.89,35.98,36.062,55667.4,281720.32,0.46,0.43,0.07,0.172,0.079,15893,25115,35.846,35.903,36.056,36.069,15555.06,15750.89,1.29,71324,,,  ,57.1,,,,,,,,,,
50,36.062,36.094,36.177,26762.84,114498.02,0.19,0.21,0.03,0.115,0.072,25115,22982,36.056,36.069,36.164,36.189,15750.89,15881.45,2.5,42550,,,  ,57.1,,,,,,,,,,
51,36.177,36.228,36.304,29588.52,129525.02,0.21,0.23,0.03,0.127,0.064,22982,23858,36.164,36.189,36.279,36.304,15881.45,16026.5,1.2,45528,,,  ,55.1,,,,,,,,,,
52,36.304,36.374,36.495,614511.71,1909707.58,3.12,4.72,0.5,0.191,0.045,23858,21381,36.279,36.304,36.514,36.539,16026.5,16244.11,1.02,630618,,,  ,57.1,,,,,,,,,,
53,36.539,36.597,36.8,291189.83,1366150.22,2.23,2.23,0.35,0.261,0.07,17837,18076,36.514,36.539,36.787,36.819,16294.88,16592.28,3.12,307550,,,  ,57.1,,,,,,,,,,
54,36.8,36.857,36.937,20293.45,69788.38,0.11,0.16,0.02,0.137,0.053,18076,16748.77,36.787,36.819,36.94,36.985,16592.28,16748.77,1.24,36951,,,  ,57.1,,,,,,,,,,
55,36.99,37.029,37.074,16161.35,45149.2,0.07,0.12,0.01,0.084,0.045,16171.77,20875,36.94,36.985,37.061,37.08,16171.77,16303.51,1.5,32395,,,  ,57.1,,,,,,,,,,
56,37.074,37.125,37.182,32892.64,101039.61,0.17,0.25,0.03,0.108,0.049,20875,17206,37.061,37.08,37.169,37.201,16303.51,16473.2,0.68,49276,,,  ,55.1,,,,,,,,,,
57,37.182,37.246,37.277,16695,53685.4,0.09,0.13,0.01,0.095,0.093,17206,26808,37.169,37.201,37.265,37.309,16473.2,16622.89,1.49,33268,,,  ,55.1,,,,,,,,,,
58,37.36,37.449,37.513,1599157.63,5312827.26,8.69,12.27,1.38,0.153,0.045,91201,231225,37.265,37.309,37.506,37.513,16752.65,16992.17,1.11,1616050,,,  ,57.1,,,,,,,,,,
59,37.513,37.564,37.685,1420344.97,4621355.74,7.56,10.9,1.2,0.172,0.046,231225,44516,37.506,37.513,37.672,37.697,16992.17,17261.64,0.91,1437417,,,  ,57.1,,,,,,,,,,
60,37.729,37.926,38.009,13032965.09,61131146.21,100,100,15.87,0.28,0.075,75805,134037,37.672,37.697,38.181,38.225,17331.5,17770.65,0.16,13050606,,,  ,57.1,,,,,,,,,,
61,38.206,38.295,38.493,373410.23,1902399.28,3.11,2.87,0.49,0.286,0.066,42898,30000,38.181,38.225,38.473,38.524,18080.04,18529.18,2.17,391630,,,  ,57.1,,,,,,,,,,
62,38.493,38.537,38.601,15337.96,72609.09,0.12,0.12,0.02,0.108,0.105,30000,24016,38.473,38.524,38.582,38.607,18529.18,18698.84,1.1,33937,,,  ,57.1,,,,,,,,,,
63,38.601,38.645,38.792,19051.29,169638.47,0.28,0.15,0.04,0.191,0.195,24016,28394,38.582,38.607,38.772,38.811,18698.84,18998.24,2.6,37820,,,  ,57.1,,,,,,,,,,
64,38.792,38.881,38.957,55789.03,321472.89,0.53,0.43,0.08,0.165,0.13,28394,52660,38.772,38.811,38.912,38.976,18998.24,19257.75,0.88,74927,,,  ,57.1,,,,,,,,,,
65,38.957,38.995,39.09,40443.38,169221.12,0.28,0.31,0.04,0.133,0.114,52660,19466.03,38.912,38.976,39.103,39.141,19257.75,19466.03,0.79,59761,,,  ,57.1,,,,,,,,,,
66,39.154,39.23,39.428,410282.5,1524705.35,2.49,3.15,0.4,0.274,0.05,20187,23513,39.103,39.141,39.46,39.53,18958.55,19750.24,1.69,429462,,,  ,57.1,,,,,,,,,,
67,39.53,39.568,39.619,8867,24007.22,0.04,0.07,0.01,0.089,0.044,19997,20478,39.46,39.53,39.599,39.625,19739,19739,1.36,28606,,,  ,69.1,,,,,,,,,,
68,39.619,39.663,39.777,18597.38,83148.49,0.14,0.14,0.02,0.159,0.055,20478,18875,39.599,39.625,39.778,39.822,19340.17,18875,2.25,37807,,,  ,57.1,,,,,,,,,,
69,39.843,39.879,39.918,32837.35,95679.59,0.16,0.25,0.02,0.074,0.054,29008.87,42395,39.778,39.822,39.905,39.924,29008.87,29392.57,1.39,62033,,,  ,55.1,,,,,,,,,,
70,39.918,39.968,40.026,131158.82,437686.81,0.72,1.01,0.11,0.108,0.051,42395,48698,39.905,39.924,40.019,40.032,29392.57,29950.65,1.27,160814,,,  ,55.1,,,,,,,,,,
71,40.026,40.083,40.128,114289.98,457068.38,0.75,0.88,0.12,0.102,0.08,48698,94853,40.019,40.032,40.128,40.134,29950.65,30475.79,0.8,144536,,,  ,55.1,,,,,,,,,,
72,40.128,40.261,40.287,1725474.91,7225562.77,11.82,13.24,1.88,0.159,0.069,94853,1437273,40.128,40.134,40.287,40.293,30475.79,31296.4,0.34,1756640,,,  ,57.1,,,,,,,,,,
73,40.287,40.318,40.471,2309076.44,8259648.44,13.51,17.72,2.14,0.185,0.058,1437273,67533,40.287,40.293,40.471,40.49,31296.4,32248.32,2.16,2340537,,,  ,57.1,,,,,,,,,,
74,40.503,40.649,40.77,8829092.62,35650322.09,58.32,67.74,9.26,0.267,0.062,80796,116187,40.471,40.49,40.916,40.942,32412.47,33791.07,0.35,8862260,,,  ,57.1,,,,,,,,,,
75,40.935,41.005,41.19,257471.48,1230229.06,2.01,1.98,0.32,0.254,0.066,61008,37100,40.916,40.942,41.158,41.222,34644.44,35957.43,1.07,292477,,,  ,57.1,,,,,,,,,,
76,41.209,41.374,41.476,64258.65,424356.75,0.69,0.49,0.11,0.267,0.073,38304,48536,41.158,41.222,41.444,41.489,36055.89,37434.49,0.88,101168,,,  ,57.1,,,,,,,,,,
77,41.476,41.578,41.775,152094.27,1335733.99,2.19,1.17,0.35,0.299,0.158,48536,38976.28,41.444,41.489,41.801,41.839,37434.49,38976.28,1.99,190054,,,  ,57.1,,,,,,,,,,
78,41.852,41.896,41.979,146807.06,453836.5,0.74,1.13,0.12,0.127,0.048,39374.02,40026.77,41.801,41.839,42.157,42.227,39374.02,40026.77,1.78,186408,,,  ,57.1,,,,,,,,,,
79,42.259,42.284,42.35,5970.96,16092.64,0.03,0.05,0,0.091,0.057,24222.2,24022.46,42.157,42.227,42.341,42.386,24222.2,24022.46,2.55,30138,,,  ,57.1,,,,,,,,,,
80,42.418,42.539,42.571,494241.5,1869061.44,3.06,3.79,0.49,0.153,0.06,35565,386622,42.341,42.386,42.564,42.571,24548.5,24548.5,0.41,518790,,,  ,55.1,,,,,,,,,,
81,42.571,42.641,42.691,1932051.5,7445068.01,12.18,14.82,1.93,0.121,0.057,386622,374289,42.564,42.571,42.691,42.698,24548.5,24548.5,0.75,1956600,,,  ,55.1,,,,,,,,,,
82,42.691,42.723,42.768,538659.5,2123402.21,3.47,4.13,0.55,0.076,0.083,374289,451701,42.691,42.698,42.768,42.774,24548.5,24548.5,1.6,563208,,,  ,55.1,,,,,,,,,,
83,42.768,42.901,42.94,9218939.58,38717853.16,63.34,70.74,10.05,0.172,0.063,451701,2316186,42.768,42.774,42.94,42.946,63205.08,73193.63,0.5,9289913,,,  ,97.1,,,,,,,,,,
84,42.94,42.99,43.111,6623249.42,21049545.53,34.43,50.82,5.47,0.172,0.048,2316186,191986,42.94,42.946,43.099,43.118,111366.55,109439.12,0.75,6734045,,,  ,57.1,,,,,,,,,,
85,43.111,43.2,43.359,4137094.32,13844268.95,22.65,31.74,3.59,0.248,0.048,191986,127061,43.099,43.118,43.448,43.48,109439.12,106654.94,0.79,4245534,,,  ,57.1,,,,,,,,,,
86,43.493,43.544,43.594,87643.38,282376.92,0.46,0.67,0.07,0.101,0.054,105155.7,104021.88,43.448,43.48,43.646,43.709,105155.7,104021.88,1.03,192228,,,  ,57.1,,,,,,,,,,
87,43.749,43.779,43.811,87192.68,239737.4,0.39,0.67,0.06,0.062,0.055,102282.86,174920,43.646,43.709,43.798,43.817,102282.86,101586.3,1.4,189136,,,  ,43.1,,,,,,,,,,
88,43.811,43.856,43.919,146052.42,523295.49,0.86,1.12,0.14,0.108,0.081,174920,100373.1,43.798,43.817,43.938,43.983,101586.3,100373.1,0.86,247139,,,  ,55.1,,,,,,,,,,
89,43.99,44.097,44.276,188069.64,1198417.23,1.96,1.44,0.31,0.285,0.09,91790.93,56193,43.938,43.983,44.333,44.365,91790.93,55751.75,1.05,266315,,,  ,57.1,,,,,,,,,,
90,44.365,44.409,44.481,22739.01,79306.81,0.13,0.17,0.02,0.117,0.058,47522,42667.1,44.333,44.365,44.619,44.702,47017.33,42667.1,0.95,68097,,,  ,57.1,,,,,,,,,,
91,44.696,44.753,44.81,12098.26,47073.92,0.08,0.09,0.01,0.114,0.073,34680.52,33445,44.619,44.702,44.804,44.854,34680.52,30423.95,0.42,44656,,,  ,57.1,,,,,,,,,,
92,44.937,45.071,45.122,4259784.5,16990731.76,27.79,32.68,4.41,0.185,0.054,181164,729285,44.804,44.854,45.115,45.128,33682.5,33682.5,0.65,4293467,,,  ,55.1,,,,,,,,,,
93,45.122,45.147,45.198,876162.5,3217927.55,5.26,6.72,0.84,0.076,0.083,729285,525549,45.115,45.128,45.192,45.198,33682.5,33682.5,1.6,909845,,,  ,55.1,,,,,,,,,,
94,45.198,45.376,45.497,8924422.85,44311666.65,72.49,68.48,11.51,0.299,0.063,525549,296282,45.192,45.198,45.535,45.554,76357.9,111855.61,0.39,9021929,,,  ,57.1,,,,,,,,,,
95,45.548,45.599,45.711,268195.19,990989.97,1.62,2.06,0.26,0.163,0.054,221227,127149.31,45.535,45.554,45.783,45.885,165198.2,127149.31,0.89,421546,,,  ,57.1,,,,,,,,,,
96,45.841,45.942,46.012,56711.2,236725.64,0.39,0.44,0.06,0.172,0.063,104231,90102,45.783,45.885,46.044,46.114,104042.8,89741.58,0.31,152279,,,  ,57.1,,,,,,,,,,
97,46.132,46.21,46.33,66215.76,328519.69,0.54,0.51,0.09,0.198,0.066,95395.12,97221,46.044,46.114,46.311,46.343,95395.12,92981.13,1.65,160668,,,  ,55.1,,,,,,,,,,
98,46.33,46.54,46.694,49799.26,636844.84,1.04,0.38,0.17,0.363,0.226,97221,88560.45,46.311,46.343,46.998,47.043,92981.13,88560.45,0.51,140225,,,  ,57.1,,,,,,,,,,
99,47.024,47.081,47.128,7550.43,23975.36,0.04,0.06,0.01,0.104,0.056,55536,55691,46.998,47.043,47.126,47.221,55472.95,55691,0.86,63143,,,  ,57.1,,,,,,,,,,
100,47.228,47.336,47.488,419979.93,2299646.75,3.76,3.22,0.6,0.26,0.065,58222.35,125977,47.126,47.221,47.476,47.501,58222.35,67297.04,2.58,481951,,,  ,55.1,,,,,,,,,,
101,47.495,47.558,47.596,126679.01,425858.92,0.7,0.97,0.11,0.101,0.067,130032.35,197428,47.476,47.501,47.59,47.603,130032.35,112012.45,0.75,245491,,,  ,57.1,,,,,,,,,,
102,47.596,47.622,47.745,116684.57,498720.99,0.82,0.9,0.13,0.149,0.071,197428,85485.1,47.59,47.603,48.061,48.163,112012.45,85485.1,2.27,224163,,,  ,57.1,,,,,,,,,,
103,48.167,48.252,48.392,8631.52,54984.6,0.09,0.07,0.01,0.225,0.128,56082.43,54311,48.061,48.163,48.309,48.417,56082.43,53437.8,1.05,63716,,,  ,207,,,,,,,,,,
104,48.392,48.436,48.519,6358.13,33351.06,0.05,0.05,0.01,0.127,0.2,54311,51943.67,48.309,48.417,48.913,49.066,53437.8,51943.67,0.62,59272,,,  ,207,,,,,,,,,,
105,49.072,49.079,49.085,7021.14,2678.56,0,0.05,0,0.013,0.006,43869,42894,48.913,49.066,49.085,49.104,43869,42894,0.87,50402,,,  ,207,,,,,,,,,,
106,49.637,49.709,49.944,29878.68,222587.64,0.36,0.23,0.06,0.307,0.093,43137.38,44401,49.48,49.632,49.88,49.963,43137.38,42626.79,3.32,72897,,,  ,207,,,,,,,,,,
107,49.944,50.014,50.109,7825.99,38284.07,0.06,0.06,0.01,0.165,0.114,44401,41359,49.88,49.963,50.536,50.797,42143.23,41303.62,0.66,49614,,,  ,207,,,,,,,,,,
108,51.069,51.153,51.407,45932.53,350126.27,0.57,0.35,0.09,0.339,0.107,39407.07,44253,50.886,51.064,51.331,51.452,39407.07,40932.93,3.7,85719,,,  ,207,,,,,,,,,,
109,51.407,51.471,51.605,10426.73,64312.09,0.11,0.08,0.02,0.197,0.125,44253,39874,51.331,51.452,51.643,52.031,39217.54,39384.09,0.95,49698,,,  ,207,,,,,,,,,,
110,51.986,52.043,52.082,4460.35,17447.77,0.03,0.03,0,0.095,0.42,37869,37351,51.643,52.031,52.775,52.826,37547.39,36967.72,0.09,41660,,,  ,207,,,,,,,,,,
111,53.036,53.424,53.863,25751.56,651939.69,1.07,0.2,0.17,0.827,0.463,36721,41374,52.775,52.826,54.289,54.423,36076.22,40807.87,1.82,64048,,,  ,207,,,,,,,,,,
112,54.442,54.563,54.83,114844.69,1044572.43,1.71,0.88,0.27,0.388,0.125,43814,53607,54.289,54.423,54.786,54.849,43616.19,45208.93,2.35,158957,,,  ,55.1,,,,,,,,,,
113,54.83,54.964,56.713,89558.87,2882722.38,4.72,0.69,0.75,1.883,0.478,53607,38326,54.786,54.849,56.955,57.139,40366.86,37791.2,4.92,129743,,,  ,57.1,,,,,,,,,,
,,,,,,,,,,,,,,,,,,,,,,,,,,,,,,,,,,
 + TIC Scan DR_341.D ,,,,,,,,,,,,,,,,,,,,,,,,,,,,,,,,,,
Peak ,Start,RT,End,Height,Area,Area %,Height %,Area Sum %,Width,FWHM,Start Y,End Y,B1 Start,B1 End,B2 Start,B2 End,Start BL Y,End BL Y,Symmetry,Max Y,SNR,Height % (Norm),Baseline,Base Peak,k',Label,Cpd,Type,Plates,Plates/M,Resolution,Saturated,Tailing factor,Flags (Tgt)
1,4.093,4.119,4.221,32628.79,99357.21,0.23,0.31,0.05,0.127,0.045,38248,24087,4.093,4.106,4.952,5.207,27351.01,23527,2.36,59215,,,  ,281,,,,,,,,,,
2,6.046,6.116,6.237,4511.39,25145.16,0.06,0.04,0.01,0.191,0.094,6969,7287,5.658,6.053,6.314,6.466,6969,7287,1.71,11597,,,  ,43.1,,,,,,,,,,
3,6.46,6.524,6.691,8626.85,42294.55,0.1,0.08,0.02,0.231,0.072,7307,6918.97,6.314,6.466,6.632,6.823,7099.9,6918.97,1.52,15677,,,  ,43.1,,,,,,,,,,
4,6.818,6.931,7.025,2856.57,19441.25,0.04,0.03,0.01,0.207,0.34,6744.6,6534.85,6.632,6.823,7.02,7.402,6744.6,6534.85,0.31,9487,,,  ,57.1,,,,,,,,,,
5,7.394,7.446,7.637,17898.79,74063.47,0.17,0.17,0.04,0.243,0.046,6093.9,6150,7.02,7.402,9.437,10.71,6093.9,5880.7,4.53,23947,,,  ,355,,,,,,,,,,
6,11.705,11.753,11.868,20718.69,65064.81,0.15,0.2,0.03,0.163,0.042,9484.2,9949,9.437,10.71,13.515,13.598,9484.2,9659.07,1.48,30255,,,  ,73.1,,,,,,,,,,
7,15.946,15.971,16.022,3213.02,6985.35,0.02,0.03,0,0.076,0.034,4111,4138,14.521,15.933,15.997,16.06,3902.61,4062.72,2.08,7169,,,  ,73.1,,,,,,,,,,
8,16.022,16.073,16.238,2653.95,17980.5,0.04,0.03,0.01,0.216,0.23,4138,4552,15.997,16.06,16.957,17.091,4007.33,4473.58,5.49,6771,,,  ,41.1,,,,,,,,,,
9,19.858,19.935,20.052,5025.49,27200.41,0.06,0.05,0.01,0.194,0.083,2855,2720.32,19.757,19.839,20.049,20.253,2728.87,2720.32,1.61,7751,,,  ,73,,,,,,,,,,
10,21.506,21.773,21.977,2687.69,43989,0.1,0.03,0.02,0.471,0.492,2648,3144,21.023,21.506,22.906,23.224,2585.03,2989,1.52,5502,,,  ,69,,,,,,,,,,
11,23.23,23.268,23.37,4725.97,14650.7,0.03,0.05,0.01,0.14,0.046,2849,2992,22.906,23.224,23.72,24.07,2797.98,2856.84,1.42,7540,,,  ,73.1,,,,,,,,,,
12,24.08,24.165,24.401,4566.85,48421.54,0.11,0.04,0.03,0.321,0.218,2657.06,3365,23.72,24.07,24.426,24.63,2657.06,3219.16,4.1,7374,,,  ,41.1,,,,,,,,,,
13,26.227,26.265,26.309,2404.28,6297.14,0.01,0.02,0,0.083,0.05,2028,1842,25.438,26.169,27.162,27.779,2028,1730.53,1.16,4295,,,  ,73,,,,,,,,,,
14,27.785,27.83,28.072,5956.99,40024.7,0.09,0.06,0.02,0.287,0.136,2177.34,2434,27.162,27.779,28.059,28.192,2177.34,2378.07,5.62,8166,,,  ,43.1,,,,,,,,,,
15,28.215,28.288,28.67,47156.11,348942.24,0.8,0.45,0.18,0.454,0.089,3086.3,3952,28.059,28.192,28.803,29.013,3086.3,2752.16,5.06,50189,,,  ,57.1,,,,,,,,,,
16,29.013,29.039,29.076,2123.43,3901.93,0.01,0.02,0,0.063,0.254,2383,2167.7,28.803,29.013,29.261,29.376,2296.43,2167.7,0.12,4368,,,  ,73,,,,,,,,,,
17,29.497,29.573,29.834,2978.19,25759.36,0.06,0.03,0.01,0.337,0.139,1708,1557,29.261,29.376,29.726,29.974,1708,1557,4.01,4652,,,  ,41.1,,,,,,,,,,
18,29.965,30.063,30.33,43730.56,288176.32,0.66,0.42,0.15,0.365,0.089,2034.2,3060,29.726,29.974,30.356,30.457,2034.2,2445.98,1.81,45875,,,  ,57.1,,,,,,,,,,
19,30.451,30.496,30.571,4608.42,17793.64,0.04,0.04,0.01,0.119,0.067,2409.08,2537.05,30.356,30.457,30.648,30.769,2409.08,2537.05,1.85,7065,,,  ,57.1,,,,,,,,,,
20,30.941,31.024,31.138,343227.5,1867643.01,4.3,3.3,0.99,0.197,0.074,1991,107537,30.877,30.947,31.132,31.151,1667.5,1667.5,2.6,344895,,,  ,55.1,,,,,,,,,,
21,31.138,31.202,31.278,765273.5,2575901.85,5.93,7.36,1.36,0.14,0.044,107537,102208,31.132,31.151,31.265,31.278,1667.5,1667.5,1.09,766941,,,  ,55.1,,,,,,,,,,
22,31.278,31.316,31.533,250945.5,1314417.23,3.02,2.41,0.7,0.254,0.06,102208,32674,31.265,31.278,31.513,31.552,1667.5,1667.5,4.62,252613,,,  ,55.1,,,,,,,,,,
23,31.533,31.583,31.609,47310.5,181632.35,0.42,0.45,0.1,0.076,0.102,32674,39471,31.513,31.552,31.603,31.615,1667.5,1667.5,0.45,48978,,,  ,55,,,,,,,,,,
24,31.609,31.711,31.832,4447385.18,13908994.73,32,42.76,7.36,0.223,0.048,39471,58875,31.603,31.615,32.099,32.143,11003.45,13986.02,0.43,4459752,,,  ,57.1,,,,,,,,,,
25,32.158,32.181,32.232,3190.52,8129.74,0.02,0.03,0,0.075,0.036,21206.68,19683,32.099,32.143,32.201,32.245,21206.68,18464.6,1.06,23526,,,  ,43.1,,,,,,,,,,
26,32.232,32.271,32.358,13471.25,51430.94,0.12,0.13,0.03,0.126,0.056,19683,13848.01,32.201,32.245,32.608,32.779,18464.6,13848.01,0.94,30533,,,  ,57.1,,,,,,,,,,
27,32.799,32.875,33.143,28455.49,173025.4,0.4,0.27,0.09,0.344,0.076,7727,8186.26,32.608,32.779,33.148,33.206,7706.09,8186.26,3.03,36268,,,  ,57.1,,,,,,,,,,
28,33.256,33.314,33.427,155153.69,501128.82,1.15,1.49,0.27,0.171,0.048,10863.64,11308.03,33.148,33.206,33.441,33.46,10863.64,11308.03,1.5,166167,,,  ,57.1,,,,,,,,,,
29,33.462,33.53,33.711,110357.72,601255.31,1.38,1.06,0.32,0.249,0.082,10328.71,11240.24,33.441,33.46,33.963,34.046,10328.71,11240.24,2.25,120937,,,  ,57.1,,,,,,,,,,
30,34.046,34.084,34.14,5710.4,17392.24,0.04,0.05,0.01,0.095,0.056,6671,5586.07,33.963,34.046,34.23,34.268,6471.12,5586.07,1.13,11825,,,  ,41,,,,,,,,,,
31,34.3,34.37,34.383,89426.5,187795.3,0.43,0.86,0.1,0.083,0.041,5726,78543,34.23,34.268,34.383,34.389,4693.5,4693.5,0.5,94120,,,  ,67.1,,,,,,,,,,
32,34.383,34.44,34.516,1142950.15,3532173.43,8.13,10.99,1.87,0.134,0.045,78543,81820,34.383,34.389,34.51,34.516,9190.28,14456.27,1.35,1154397,,,  ,57.1,,,,,,,,,,
33,34.516,34.561,34.693,459183.25,1571957.56,3.62,4.41,0.83,0.176,0.05,81820,20039.75,34.51,34.516,34.682,34.752,20039.75,20039.75,1.19,479223,,,  ,55.1,,,,,,,,,,
34,34.803,34.923,35.044,7182198.19,25410306.24,58.45,69.05,13.45,0.242,0.054,40024,60725,34.682,34.752,35.292,35.343,20588.51,19017.12,0.33,7202001,,,  ,57.1,,,,,,,,,,
35,35.35,35.407,35.553,90196.24,387858.29,0.89,0.87,0.21,0.203,0.063,16944.09,15547.54,35.292,35.343,35.553,35.636,16944.09,15547.54,2,106749,,,  ,57.1,,,,,,,,,,
36,35.598,35.661,35.705,4504.87,13088.66,0.03,0.04,0.01,0.107,0.092,13622,11487.05,35.553,35.636,35.757,35.827,13220,11487.05,0.3,16694,,,  ,57.1,,,,,,,,,,
37,35.952,36.005,36.075,24594.5,97507.76,0.22,0.24,0.05,0.123,0.064,14443.5,20825,35.757,35.827,36.062,36.094,14443.5,14443.5,2.02,39038,,,  ,57.1,,,,,,,,,,
38,36.075,36.126,36.176,12954.79,41543.57,0.1,0.12,0.02,0.101,0.053,20825,17102.76,36.062,36.094,36.196,36.24,17690.21,17102.76,0.64,30349,,,  ,57.1,,,,,,,,,,
39,36.318,36.38,36.52,315210.88,1083014.53,2.49,3.03,0.57,0.202,0.049,16148.21,14439,36.196,36.24,36.552,36.59,16148.21,14149.2,1.72,330742,,,  ,57.1,,,,,,,,,,
40,36.597,36.648,36.791,62971.18,288228.78,0.66,0.61,0.15,0.194,0.072,13390.04,11475.71,36.552,36.59,36.8,36.832,13390.04,11475.71,2.23,75864,,,  ,57.1,,,,,,,,,,
41,36.836,36.87,36.934,7399.62,23589.48,0.05,0.07,0.01,0.098,0.053,11031.6,10372,36.8,36.832,36.953,37.01,11031.6,10066.27,1.83,18094,,,  ,57.1,,,,,,,,,,
42,37.013,37.048,37.093,4000.72,11644.5,0.03,0.04,0.01,0.08,0.05,9227.71,8924,36.953,37.01,37.08,37.106,9227.71,8339.09,1.03,12833,,,  ,55,,,,,,,,,,
43,37.093,37.144,37.201,9104.61,26484.99,0.06,0.09,0.01,0.108,0.045,8924,7360,37.08,37.106,37.188,37.226,8339.09,7141.37,0.65,16880,,,  ,55,,,,,,,,,,
44,37.373,37.456,37.519,1429628.62,4757804.79,10.94,13.74,2.52,0.146,0.048,63861,202772,37.188,37.226,37.513,37.519,14327.55,15551.46,1.28,1444648,,,  ,57.1,,,,,,,,,,
45,37.519,37.57,37.691,1296370.82,4218214.17,9.7,12.46,2.23,0.172,0.046,202772,42083,37.513,37.519,37.678,37.71,15551.46,16988.09,0.98,1312348,,,  ,57.1,,,,,,,,,,
46,37.761,37.914,37.996,10401681.16,43472222.54,100,100,23.01,0.235,0.065,71100,132467,37.678,37.71,38.194,38.232,23768.8,29199.87,0.23,10428973,,,  ,57.1,,,,,,,,,,
47,38.241,38.302,38.448,265605.31,1127396.31,2.59,2.55,0.6,0.207,0.06,38696.89,34315.02,38.194,38.232,38.582,38.626,38696.89,34315.02,1.88,303017,,,  ,57.1,,,,,,,,,,
48,38.633,38.658,38.817,5156.32,29518.54,0.07,0.05,0.02,0.184,0.132,21259.17,19216,38.582,38.626,38.785,38.817,21259.17,18404.54,5.06,26029,,,  ,57,,,,,,,,,,
49,38.817,38.9,39.091,32365.66,266467.21,0.61,0.31,0.14,0.274,0.155,19216,15288,38.785,38.817,39.129,39.18,18321.9,15055.74,2.03,49700,,,  ,57.1,,,,,,,,,,
50,39.188,39.243,39.439,187516.74,752920.47,1.73,1.8,0.4,0.251,0.055,14855.31,12885.95,39.129,39.18,39.472,39.568,14855.31,12885.95,2.19,201938,,,  ,57.1,,,,,,,,,,
51,39.641,39.676,39.746,9283.24,27128.19,0.06,0.09,0.01,0.105,0.048,13080.76,13412,39.472,39.568,39.784,39.848,13080.76,13237.93,2.03,22416,,,  ,57.1,,,,,,,,,,
52,39.865,39.905,39.937,11952.95,33286.72,0.08,0.11,0.02,0.072,0.058,14426.93,20323,39.784,39.848,39.918,39.937,14426.93,14923.57,0.87,26656,,,  ,55.1,,,,,,,,,,
53,39.937,39.988,40.045,54493.66,188367.25,0.43,0.52,0.1,0.108,0.051,20323,27598,39.918,39.937,40.032,40.045,14923.57,15673.13,1.14,69770,,,  ,55.1,,,,,,,,,,
54,40.045,40.089,40.14,60375.23,237808.8,0.55,0.58,0.13,0.095,0.083,27598,52347,40.032,40.045,40.128,40.147,15673.13,16334.55,1,76357,,,  ,55.1,,,,,,,,,,
55,40.147,40.268,40.293,1612645.63,5774245.4,13.28,15.5,3.06,0.146,0.062,54992,1093586,40.128,40.147,40.293,40.299,16378.67,17392.76,0.4,1629862,,,  ,57.1,,,,,,,,S,,
56,40.293,40.312,40.49,1178278.98,4454253.42,10.25,11.33,2.36,0.197,0.052,1093586,49149,40.293,40.299,40.484,40.503,17392.76,18759.61,4.83,1195804,,,  ,57.1,,,,,,,,,,
57,40.522,40.63,40.751,6098011.89,20808460.04,47.87,58.63,11.02,0.229,0.049,64523,101154,40.484,40.503,40.923,40.948,31000.82,36607.09,0.56,6131660,,,  ,57.1,,,,,,,,,,
58,40.95,41.006,41.145,149800.89,669745.65,1.54,1.44,0.35,0.196,0.067,42845.51,33804,40.923,40.948,41.184,41.26,42845.51,33286.52,1.91,189917,,,  ,57.1,,,,,,,,,,
59,41.276,41.387,41.489,22488.04,128191.58,0.29,0.22,0.07,0.213,0.076,30756.51,27671,41.184,41.26,41.457,41.514,30756.51,25096.15,0.56,50287,,,  ,57.1,,,,,,,,,,
60,41.505,41.604,41.754,43035.64,335681.57,0.77,0.41,0.18,0.249,0.133,29143,28482.07,41.457,41.514,41.807,41.864,29143,28482.07,1.72,71917,,,  ,57.1,,,,,,,,,,
61,41.853,41.922,42.068,46424.25,206446.03,0.47,0.45,0.11,0.215,0.06,17654.29,15776,41.807,41.864,42.119,42.252,17654.29,15384.02,1.74,63351,,,  ,57.1,,,,,,,,,,
62,42.267,42.303,42.335,3438.23,8077.73,0.02,0.03,0,0.069,0.04,14051.97,13883,42.119,42.252,42.342,42.405,14051.97,13529.7,0.83,17210,,,  ,57.1,,,,,,,,,,
63,42.443,42.545,42.571,205449,662683.25,1.52,1.98,0.35,0.127,0.058,20520,162754,42.342,42.405,42.571,42.577,13777,13777,0.53,219226,,,  ,55.1,,,,,,,,,,
64,42.571,42.634,42.704,823034,3274841.56,7.53,7.91,1.73,0.134,0.056,162754,179706,42.571,42.577,42.698,42.717,13777,13777,1.3,836811,,,  ,55.1,,,,,,,,,,
65,42.774,42.87,42.908,3759050.49,12934143.63,29.75,36.14,6.85,0.134,0.051,222151,1040227,42.698,42.717,42.908,42.914,38523.45,46427.54,0.7,3803220,,,  ,57.1,,,,,,,,,,
66,42.908,42.946,43.092,1926725.67,6778554.65,15.59,18.52,3.59,0.185,0.056,1040227,100757,42.908,42.914,43.092,43.111,110967.6,93344.14,1.61,2034046,,,  ,57.1,,,,,,,,,,
67,43.092,43.188,43.347,1805987.66,6218168.1,14.3,17.36,3.29,0.254,0.047,100757,79220,43.092,43.111,43.461,43.487,93344.14,69035.87,1.09,1890216,,,  ,57.1,,,,,,,,,,
68,43.502,43.55,43.627,51016.33,195151.31,0.45,0.49,0.1,0.125,0.06,55768.68,48782.1,43.461,43.487,43.671,43.754,55768.68,48782.1,1.35,104065,,,  ,57.1,,,,,,,,,,
69,43.767,43.862,43.977,40716.41,274373.47,0.63,0.39,0.15,0.21,0.116,41268,36275,43.671,43.754,43.97,44.034,40955.29,29216.94,0.95,76336,,,  ,57.1,,,,,,,,,,
70,43.977,44.11,44.282,40347.69,332254.34,0.76,0.39,0.18,0.305,0.114,36275,26081,43.97,44.034,44.32,44.396,31626.61,25575.74,0.9,69327,,,  ,57.1,,,,,,,,,,
71,44.387,44.409,44.473,3958.16,11257.5,0.03,0.04,0.01,0.086,0.12,23310.07,21683,44.32,44.396,44.581,44.721,23310.07,21312.52,0.48,26744,,,  ,57.1,,,,,,,,,,
72,44.956,45.052,45.198,866413.52,4536648.84,10.44,8.33,2.4,0.242,0.06,64479,184451,44.759,44.874,45.173,45.198,21387.32,26034.38,2.34,889635,,,  ,55.1,,,,,,,,,,
73,45.198,45.332,45.523,1899568.02,10045814.57,23.11,18.26,5.32,0.324,0.063,184451,113115,45.173,45.198,45.548,45.58,56466.12,94325.88,1.01,1971623,,,  ,57.1,,,,,,,,,,
74,45.564,45.618,45.695,32043.26,122737.22,0.28,0.31,0.06,0.131,0.065,97458.61,77228.11,45.548,45.58,45.872,45.923,97458.61,77228.11,0.7,121149,,,  ,57.1,,,,,,,,,,
75,45.913,45.974,46.037,8133.04,33255.88,0.08,0.08,0.02,0.124,0.076,45161.93,43164.6,45.872,45.923,46.089,46.216,45161.93,43164.6,0.93,52305,,,  ,57.1,,,,,,,,,,
76,46.203,46.254,46.369,8828.41,47856.22,0.11,0.08,0.03,0.166,0.087,35839,33946.12,46.089,46.216,46.369,46.547,35220.94,33946.12,1.02,43659,,,  ,207,,,,,,,,,,
77,46.61,46.738,46.934,6712,62353.42,0.14,0.06,0.03,0.324,0.3,31976,29053.46,46.369,46.547,47.037,47.304,31820.13,29053.46,0.27,37444,,,  ,207,,,,,,,,,,
78,47.323,47.406,47.539,37640.83,261226.46,0.6,0.36,0.14,0.216,0.105,28118.21,40703,47.037,47.304,47.507,47.571,28118.21,29130.77,2.14,66146,,,  ,207,,,,,,,,,,
79,47.539,47.66,47.883,26193.17,286397.81,0.66,0.25,0.15,0.344,0.228,40703,31300,47.507,47.571,47.934,48.245,29130.77,30739.5,1.41,55890,,,  ,207,,,,,,,,,,
80,49.702,49.804,49.887,4600.99,21593.93,0.05,0.04,0.01,0.185,0.958,24391,25502,49.162,49.594,50.459,51.159,24391,25502,0.49,29605,,,  ,207,,,,,,,,,,
81,51.16,51.242,51.318,7850.6,39690.42,0.09,0.08,0.02,0.158,0.102,25227.42,25641,50.459,51.159,51.388,51.617,25227.42,25448.01,0.95,33192,,,  ,207,,,,,,,,,,
82,54.506,54.639,54.805,18455.27,139409.09,0.32,0.18,0.07,0.298,0.136,25349.1,28504,53.997,54.302,54.773,54.957,25349.1,28083.57,2.11,45023,,,  ,207,,,,,,,,,,
83,54.945,55.008,55.097,6552.43,35635.87,0.08,0.06,0.02,0.153,0.107,27051,28718,54.773,54.957,55.078,55.415,27051,28718,3.62,34298,,,  ,207,,,,,,,,,,
,,,,,,,,,,,,,,,,,,,,,,,,,,,,,,,,,,
 + TIC Scan DR_342.D ,,,,,,,,,,,,,,,,,,,,,,,,,,,,,,,,,,
Peak ,Start,RT,End,Height,Area,Area %,Height %,Area Sum %,Width,FWHM,Start Y,End Y,B1 Start,B1 End,B2 Start,B2 End,Start BL Y,End BL Y,Symmetry,Max Y,SNR,Height % (Norm),Baseline,Base Peak,k',Label,Cpd,Type,Plates,Plates/M,Resolution,Saturated,Tailing factor,Flags (Tgt)
1,4.093,4.125,4.194,24173.2,64554.26,0.18,0.28,0.03,0.101,0.038,37226,25561.4,4.093,4.106,4.24,4.316,30846.57,25561.4,1.35,53355,,,  ,281,,,,,,,,,,
2,4.297,4.322,4.43,4880.31,21295.68,0.06,0.06,0.01,0.133,0.11,20253,17324.02,4.24,4.316,4.882,5.194,18998.16,17324.02,0.99,23559,,,  ,57.1,,,,,,,,,,
3,6.034,6.116,6.224,5336.91,31386.76,0.09,0.06,0.02,0.191,0.093,8278,7812,5.531,5.868,6.224,6.46,8278,7812,1.32,13413,,,  ,57.1,,,,,,,,,,
4,6.453,6.523,6.613,10089.61,46074.89,0.13,0.12,0.02,0.159,0.075,8068,7587,6.224,6.46,6.619,6.822,7855.31,7444.08,1.38,17764,,,  ,57.1,,,,,,,,,,
5,6.82,6.918,6.975,3594.97,19940.42,0.06,0.04,0.01,0.155,0.133,7105.85,7101,6.619,6.822,7.001,7.401,7105.85,6811.74,0.58,10515,,,  ,57.1,,,,,,,,,,
6,7.395,7.44,7.637,14638.17,61928.93,0.18,0.17,0.03,0.242,0.051,6336,5953,7.001,7.401,9.603,11.708,6111.91,5867.19,3.73,20705,,,  ,73.1,,,,,,,,,,
7,11.71,11.747,11.807,18266.08,46260.73,0.13,0.21,0.02,0.097,0.04,5016.44,5284.27,9.603,11.708,11.804,12.217,5016.44,5284.27,1.71,23383,,,  ,73.1,,,,,,,,,,
8,12.154,12.313,12.675,1927.99,38733.39,0.11,0.02,0.02,0.522,0.814,5236,4521,11.804,12.217,15.246,15.946,5236,4521,0.74,6946,,,  ,41.1,,,,,,,,,,
9,15.926,15.971,16.321,3774.05,30140.61,0.09,0.04,0.02,0.394,0.186,2988,3157,15.246,15.946,19.203,19.852,2982.69,3055.85,8.79,6765,,,  ,73,,,,,,,,,,
10,19.852,19.928,20.024,5179.8,24517.81,0.07,0.06,0.01,0.172,0.079,2422.91,2515,19.203,19.852,20.024,20.437,2422.91,2477.6,1.66,7627,,,  ,355,,,,,,,,,,
11,20.456,20.488,20.647,1612.66,8474.43,0.02,0.02,0,0.191,1.041,1852,2118,20.024,20.437,21.086,21.474,1852,2118,1.3,3509,,,  ,57.2,,,,,,,,,,
12,21.461,21.57,21.729,2756.68,22758.13,0.06,0.03,0.01,0.267,0.614,1809,3139,21.086,21.474,22.288,22.937,1809,3139,7.78,5104,,,  ,41.1,,,,,,,,,,
13,23.187,23.255,23.322,5022.5,16685.99,0.05,0.06,0.01,0.134,0.044,3040.6,3095.55,22.95,23.185,23.599,23.987,3040.6,3095.55,1.14,8091,,,  ,73,,,,,,,,,,
14,24,24.057,24.451,43579.48,422161.09,1.19,0.5,0.21,0.452,0.131,2972,7196,23.599,23.987,25.59,25.959,2972,7196,8.03,47087,,,  ,55.1,,,,,,,,,,
15,26.22,26.265,26.314,1985.5,5197.79,0.01,0.02,0,0.094,0.045,2042,1995.82,25.985,26.226,26.309,26.589,1991.42,1995.82,1.16,3979,,,  ,73.1,,,,,,,,,,
16,28.148,28.3,28.51,12295.2,96453.3,0.27,0.14,0.05,0.363,0.105,5021,5037,27.957,28.116,28.86,28.994,4766.21,4770,1.23,17063,,,  ,57.1,,,,,,,,,,
17,28.975,29.026,29.096,2373.42,8367.52,0.02,0.03,0,0.121,0.068,1759,1986,28.86,28.994,29.089,29.337,1759,1986,1.43,4228,,,  ,73.1,,,,,,,,,,
18,29.369,29.554,29.643,1889.98,14151.44,0.04,0.02,0.01,0.274,0.176,2315,2335,29.089,29.337,29.637,29.936,2175.93,2254.65,0.51,4119,,,  ,41,,,,,,,,,,
19,29.936,30.012,30.152,73812.42,387448.97,1.1,0.84,0.19,0.216,0.077,2627,9611,29.637,29.936,30.133,30.165,2436.79,2453.2,2.87,76255,,,  ,55.1,,,,,,,,,,
20,30.152,30.203,30.361,11626.93,65830.3,0.19,0.13,0.03,0.209,0.111,9611,2469.05,30.133,30.165,30.355,30.419,2453.2,2469.05,1.76,14084,,,  ,57,,,,,,,,,,
21,30.406,30.457,30.54,6174,21703.92,0.06,0.07,0.01,0.134,0.056,2481,2466,30.355,30.419,30.565,30.75,2415.35,2414.43,1.71,8589,,,  ,43.1,,,,,,,,,,
22,30.729,30.769,30.775,1267.04,1759.08,0,0.01,0,0.047,0.209,2087.37,2275,30.565,30.75,30.775,30.877,2087.37,2138.98,0.08,3399,,,  ,44,,,,,,,,,,
23,30.917,30.992,31.151,3688269.11,14153675.78,40.05,42.08,7.05,0.234,0.047,10509.49,257574,30.775,30.877,31.144,31.176,10509.49,38240,2.02,3707661,,,  ,55.1,,,,,,,,,,
24,31.163,31.189,31.284,182958.31,863499.08,2.44,2.09,0.43,0.121,0.087,256054,147991,31.144,31.176,31.272,31.291,92419.9,84268.21,2.29,273662,,,  ,55.1,,,,,,,,,,
25,31.284,31.303,31.475,75162.66,326145.13,0.92,0.86,0.16,0.191,0.072,147991,72241,31.272,31.291,31.59,31.615,84268.21,71398.38,2.78,158144,,,  ,55.1,,,,,,,,,,
26,31.619,31.672,31.778,699274.92,2003957.86,5.67,7.98,1,0.159,0.044,61662.69,50944.64,31.59,31.615,32.041,32.111,61662.69,50944.64,1.17,757373,,,  ,57.1,,,,,,,,,,
27,32.115,32.149,32.187,3500.71,7435.38,0.02,0.04,0,0.072,0.117,26763.26,23742.34,32.041,32.111,32.188,32.258,26763.26,23742.34,0.28,28809,,,  ,55.1,,,,,,,,,,
28,32.819,32.862,32.988,9541.56,46165.92,0.13,0.11,0.02,0.169,0.075,10878.51,10648.58,32.665,32.817,32.97,33.034,10878.51,10648.58,2.92,20361,,,  ,43.1,,,,,,,,,,
29,33.022,33.091,33.263,28288.31,143739.32,0.41,0.32,0.07,0.241,0.074,10614.28,12024,32.97,33.034,33.174,33.263,10614.28,10772.33,1.73,38948,,,  ,55.1,,,,,,,,,,
30,33.263,33.307,33.403,48195.47,161388.75,0.46,0.55,0.08,0.14,0.051,12024,11107,33.174,33.263,33.416,33.466,10772.33,10864.1,1.68,58997,,,  ,57.1,,,,,,,,,,
31,33.469,33.524,33.727,89343.58,533884.68,1.51,1.02,0.27,0.258,0.091,10809.16,11175,33.416,33.466,33.975,34.058,10809.16,11135.7,3.3,100222,,,  ,57.1,,,,,,,,,,
32,34.37,34.446,34.522,156570.43,551464.45,1.56,1.79,0.27,0.153,0.051,16514,24229,34.223,34.274,34.516,34.535,7395.91,9529,2.1,165033,,,  ,57.1,,,,,,,,,,
33,34.522,34.573,34.701,75738.5,277595.83,0.79,0.86,0.14,0.178,0.053,24229,10129,34.516,34.535,34.694,34.758,10059.5,10059.5,1.09,85798,,,  ,57.1,,,,,,,,,,
34,34.802,34.879,35,1836595.24,5672700.21,16.05,20.95,2.83,0.197,0.045,15259,37800,34.694,34.758,35.267,35.35,10584,9963.44,0.89,1846939,,,  ,57.1,,,,,,,,,,
35,35.345,35.407,35.566,67484.34,311680.86,0.88,0.77,0.16,0.221,0.068,8184.21,8738.57,35.267,35.35,35.56,35.629,8184.21,8738.57,2.43,75823,,,  ,57.1,,,,,,,,,,
36,35.618,35.655,35.706,3736.56,10663.96,0.03,0.04,0.01,0.088,0.046,8420.64,8234.03,35.56,35.629,35.75,35.827,8420.64,8234.03,1.05,12078,,,  ,43.1,,,,,,,,,,
37,35.955,36.005,36.075,10040.52,35070.07,0.1,0.11,0.02,0.12,0.064,7747.04,10854.75,35.75,35.827,36.062,36.107,7747.04,10854.75,1.9,19076,,,  ,57.1,,,,,,,,,,
38,36.119,36.145,36.164,2632,4122.35,0.01,0.03,0,0.045,0.035,11825,11644,36.062,36.107,36.183,36.228,11569.49,11381.39,0.55,14094,,,  ,57.1,,,,,,,,,,
39,36.231,36.278,36.329,10901.01,37745.12,0.11,0.12,0.02,0.098,0.062,11107.94,15114,36.183,36.228,36.304,36.336,11107.94,10783.28,1.31,21853,,,  ,55,,,,,,,,,,
40,36.329,36.38,36.526,142130.49,494026.06,1.4,1.62,0.25,0.197,0.05,15114,10131.73,36.304,36.336,36.558,36.59,10783.28,10131.73,1.9,152745,,,  ,57.1,,,,,,,,,,
41,36.593,36.647,36.8,60859.45,290653.25,0.82,0.69,0.14,0.207,0.074,9909.35,9586,36.558,36.59,36.794,36.838,9909.35,9222.24,2.36,70588,,,  ,57.1,,,,,,,,,,
42,36.828,36.889,36.951,7115.08,24496.98,0.07,0.08,0.01,0.124,0.057,9130.39,8720.62,36.794,36.838,36.965,37.016,9130.39,8720.62,0.73,16042,,,  ,57.1,,,,,,,,,,
43,37.341,37.449,37.525,289299.51,1215705.9,3.44,3.3,0.61,0.184,0.054,15370,82028,37.182,37.233,37.519,37.525,9729.9,13096.47,1.08,301003,,,  ,57.1,,,,,,,,,,
44,37.525,37.57,37.697,192835.5,755505.76,2.14,2.2,0.38,0.172,0.06,82028,15557,37.519,37.525,37.678,37.716,14078.5,14078.5,1.32,206914,,,  ,57.1,,,,,,,,,,
45,37.754,37.869,37.952,4933667.9,15881072.89,44.93,56.29,7.91,0.197,0.048,33298,88580,37.678,37.716,38.168,38.212,15840.23,15941.62,0.38,4949567,,,  ,57.1,,,,,,,,,,
46,38.206,38.295,38.496,209530.78,1016479.3,2.88,2.39,0.51,0.289,0.066,17514,16221.23,38.168,38.212,38.581,38.626,16072.43,16221.23,2.33,225649,,,  ,57.1,,,,,,,,,,
47,38.81,39.008,39.109,22360.34,208232.66,0.59,0.26,0.1,0.299,0.181,14982.23,9627,38.766,38.81,39.103,39.167,14982.23,9321.74,0.27,33608,,,  ,57.1,,,,,,,,,,
48,39.175,39.243,39.427,151816.57,601726.55,1.7,1.73,0.3,0.252,0.054,9702.49,10104.52,39.103,39.167,39.447,39.555,9702.49,10104.52,1.86,161628,,,  ,57.1,,,,,,,,,,
49,39.636,39.676,39.772,8824.7,29807.55,0.08,0.1,0.01,0.136,0.052,10439.63,10656.57,39.447,39.555,39.771,39.816,10439.63,10656.57,1.97,19327,,,  ,57.1,,,,,,,,,,
50,39.847,39.892,39.93,13025.97,42387.77,0.12,0.15,0.02,0.083,0.063,11079,20389,39.771,39.816,39.917,39.937,10793.91,10942.7,1.19,23900,,,  ,55.1,,,,,,,,,,
51,39.93,39.981,40.032,48421.73,167326.99,0.47,0.55,0.08,0.102,0.053,20389,25823,39.917,39.937,40.019,40.045,10942.7,11125.82,1,59456,,,  ,55.1,,,,,,,,,,
52,40.032,40.089,40.127,67895.15,268931.61,0.76,0.77,0.13,0.095,0.081,25823,59526,40.019,40.045,40.115,40.14,11125.82,11297.52,0.73,79124,,,  ,55.1,,,,,,,,,,
53,40.127,40.255,40.28,774968.53,3665843.79,10.37,8.84,1.83,0.153,0.079,59526,756913,40.115,40.14,40.267,40.28,11297.52,11572.25,0.26,786495,,,  ,57.1,,,,,,,,,,
54,40.28,40.318,40.477,1812749.08,6540714.49,18.51,20.68,3.26,0.197,0.053,756913,47774,40.267,40.28,40.477,40.503,11572.25,11927.08,1.32,1824390,,,  ,57.1,,,,,,,,,,
55,40.515,40.624,40.745,4755346.44,15878320.25,44.92,54.26,7.91,0.229,0.048,55390,84087,40.477,40.503,40.878,40.948,29296.75,35016.36,0.57,4787344,,,  ,57.1,,,,,,,,,,
56,40.943,40.999,41.136,126701.75,557407.67,1.58,1.45,0.28,0.193,0.064,39706.83,30247.01,40.878,40.948,41.164,41.247,39706.83,30247.01,1.96,163668,,,  ,57.1,,,,,,,,,,
57,41.325,41.381,41.448,28550.09,94342.47,0.27,0.33,0.05,0.123,0.052,36858.84,33984.95,41.164,41.247,41.451,41.489,36858.84,33984.95,1.3,64100,,,  ,57.1,,,,,,,,,,
58,41.484,41.591,41.794,133957.8,1073478.24,3.04,1.53,0.53,0.31,0.126,33126.12,26498,41.451,41.489,41.82,41.858,33126.12,25865.21,2.01,164591,,,  ,57.1,,,,,,,,,,
59,41.86,41.915,42.046,46241.29,179694.51,0.51,0.53,0.09,0.186,0.058,24110.55,17407.92,41.82,41.858,42.151,42.252,24110.55,17407.92,1.32,68377,,,  ,57.1,,,,,,,,,,
60,42.424,42.545,42.57,403195,1390795.55,3.93,4.6,0.69,0.146,0.06,21386,307463,42.303,42.399,42.57,42.577,13714,13714,0.4,416909,,,  ,55.1,,,,,,,,,,
61,42.57,42.64,42.704,1670446,6519040.34,18.44,19.06,3.25,0.134,0.055,307463,329027,42.57,42.577,42.698,42.71,13714,13714,1,1684160,,,  ,55.1,,,,,,,,,,
62,42.761,42.908,42.939,8764576.09,35344257.74,100,100,17.61,0.178,0.059,385688,2162996,42.698,42.71,42.939,42.946,17103.25,18031.75,0.42,8782442,,,  ,57.1,,,,,,,,,,
63,42.939,42.984,43.105,5333746.87,17827839.11,50.44,60.86,8.88,0.165,0.049,2162996,182756,42.939,42.946,43.105,43.124,35147.23,34329.75,1.11,5368674,,,  ,57.1,,,,,,,,,,
64,43.118,43.188,43.334,1841300.08,6689921.39,18.93,21.01,3.33,0.216,0.047,172246,106647,43.105,43.124,43.455,43.493,34266.81,33197.76,1.21,1875221,,,  ,57.1,,,,,,,,,,
65,43.474,43.544,43.671,98687.91,670845.02,1.9,1.13,0.33,0.197,0.118,80518,52176,43.455,43.493,43.652,43.722,32505.98,31531.24,2,130848,,,  ,57.1,,,,,,,,,,
66,43.671,43.798,43.817,125351.68,542139.69,1.53,1.43,0.27,0.146,0.068,52176,143754,43.652,43.722,43.805,43.824,31531.24,30808,0.17,156254,,,  ,55.1,,,,,,,,,,
67,43.817,43.856,43.964,177959.64,891993.95,2.52,2.03,0.44,0.146,0.092,143754,71613,43.805,43.824,43.951,43.989,30808,30084.83,2.62,208579,,,  ,55.1,,,,,,,,,,
68,43.964,44.097,44.358,176087.48,1553858.41,4.4,2.01,0.77,0.394,0.105,71613,36543,43.951,43.989,44.326,44.377,30084.83,28135.28,1.24,205512,,,  ,57.1,,,,,,,,,,
69,44.358,44.403,44.535,14553.83,82382.42,0.23,0.17,0.04,0.177,0.131,36543,27262.27,44.326,44.377,44.606,44.721,28135.28,27262.27,1.35,42469,,,  ,57.1,,,,,,,,,,
70,44.714,44.753,44.808,4220.19,11920.06,0.03,0.05,0.01,0.093,0.159,26651,25912.68,44.606,44.721,44.803,44.854,26374.44,25912.68,0.35,30406,,,  ,57.1,,,,,,,,,,
71,44.95,45.071,45.134,3909256,15505303.35,43.87,44.6,7.73,0.185,0.052,206517,658050,44.803,44.854,45.128,45.141,25162,25162,0.87,3934418,,,  ,55.1,,,,,,,,,,
72,45.134,45.153,45.198,687620,2231560.49,6.31,7.85,1.11,0.064,0.076,658050,464742,45.128,45.141,45.192,45.204,25162,25162,2,712782,,,  ,55.1,,,,,,,,,,
73,45.198,45.357,45.516,6233423.47,30554321.29,86.45,71.12,15.23,0.318,0.057,464742,204572,45.192,45.204,45.548,45.567,54132.35,79184.72,0.51,6300082,,,  ,57.1,,,,,,,,,,
74,45.561,45.605,45.745,123057.5,595478.84,1.68,1.4,0.3,0.184,0.092,171449,91746,45.548,45.567,45.802,45.904,96110.51,91131.09,1.63,217966,,,  ,57.1,,,,,,,,,,
75,45.885,45.949,46.031,33034.09,136889.68,0.39,0.38,0.07,0.146,0.067,77724,66103,45.802,45.904,46.038,46.127,77724,66103,0.4,105706,,,  ,57.1,,,,,,,,,,
76,46.162,46.222,46.322,36464.91,155626.74,0.44,0.42,0.08,0.16,0.063,77828.71,72486.04,46.038,46.127,46.33,46.381,77828.71,72486.04,1.23,112289,,,  ,55.1,,,,,,,,,,
77,46.375,46.547,46.786,34600.81,418694.06,1.18,0.39,0.21,0.411,0.207,71708,56983.1,46.33,46.381,46.979,47.126,70719.34,56983.1,0.65,99578,,,  ,57.1,,,,,,,,,,
78,47.248,47.355,47.507,296661.14,1780002.46,5.04,3.38,0.89,0.26,0.073,45260.33,99291,47.138,47.246,47.495,47.526,45260.33,43845.84,2.5,341339,,,  ,55.1,,,,,,,,,,
79,47.507,47.584,48.143,93068.22,1036344.81,2.93,1.06,0.52,0.635,0.182,99291,40383.12,47.495,47.526,48.061,48.207,43845.84,40383.12,2.78,136498,,,  ,57.1,,,,,,,,,,
80,48.146,48.213,48.417,6283.4,52281.14,0.15,0.07,0.03,0.271,0.311,40365.35,39323,48.061,48.207,49.123,49.683,40365.35,38888.21,1.24,46281,,,  ,207,,,,,,,,,,
81,49.658,49.728,49.957,12259.48,89977.58,0.25,0.14,0.04,0.299,0.075,31768,33898,49.123,49.683,50.453,51.115,31768,33898,7.73,44526,,,  ,207,,,,,,,,,,
82,51.108,51.191,51.382,15089.35,107008.51,0.3,0.17,0.05,0.274,0.092,30757,30093,50.453,51.115,51.738,52.018,30133.21,29840.27,2.16,45134,,,  ,207.1,,,,,,,,,,
83,54.463,54.588,54.798,37325.28,322475.08,0.91,0.43,0.16,0.335,0.133,28398.93,34373.72,54.283,54.474,54.766,54.906,28398.93,34373.72,2.48,67957,,,  ,207,,,,,,,,,,
84,54.91,55.186,55.663,26026.98,587140.21,1.66,0.3,0.29,0.753,0.444,36543.28,33416.43,54.766,54.906,56.401,56.834,36543.28,33416.43,1.36,61423,,,  ,207,,,,,,,,,,
,,,,,,,,,,,,,,,,,,,,,,,,,,,,,,,,,,
 + TIC Scan DR_343.D ,,,,,,,,,,,,,,,,,,,,,,,,,,,,,,,,,,
Peak ,Start,RT,End,Height,Area,Area %,Height %,Area Sum %,Width,FWHM,Start Y,End Y,B1 Start,B1 End,B2 Start,B2 End,Start BL Y,End BL Y,Symmetry,Max Y,SNR,Height % (Norm),Baseline,Base Peak,k',Label,Cpd,Type,Plates,Plates/M,Resolution,Saturated,Tailing factor,Flags (Tgt)
1,4.093,4.125,4.214,44575.73,131179.81,0.33,0.48,0.06,0.121,0.042,42633,26683.96,4.093,4.1,4.952,5.194,30420.94,26683.96,1.65,74013,,,  ,281,,,,,,,,,,
2,6.055,6.129,6.212,5265.29,23951.04,0.06,0.06,0.01,0.157,0.082,8174.41,8510,5.537,6.059,6.32,6.46,8174.41,8297.37,1.12,13498,,,  ,57.1,,,,,,,,,,
3,6.456,6.524,6.625,11234.1,50868.03,0.13,0.12,0.02,0.17,0.071,7874.29,7558,6.32,6.46,6.625,6.823,7874.29,7531.06,1.32,18971,,,  ,43.1,,,,,,,,,,
4,6.823,6.924,7.001,4335.13,23310.37,0.06,0.05,0.01,0.178,0.121,7208,6939,6.625,6.823,7.058,7.401,7180.09,6883.93,0.63,11346,,,  ,57,,,,,,,,,,
5,7.395,7.446,7.605,22507.83,80131.07,0.2,0.24,0.04,0.21,0.041,6591.71,7936,7.058,7.401,9.291,10.512,6591.71,6241.94,3.11,29015,,,  ,73.1,,,,,,,,,,
6,11.705,11.753,11.826,27463.88,72622.78,0.18,0.29,0.03,0.121,0.04,5752.9,6367.9,10.538,11.473,11.817,12.001,5752.9,6367.9,1.3,33459,,,  ,73,,,,,,,,,,
7,15.932,15.977,16.022,4583.4,11753.32,0.03,0.05,0.01,0.09,0.049,3811.49,4291,14.788,15.933,16.009,16.06,3811.49,3879.27,1.27,8429,,,  ,73.1,,,,,,,,,,
8,16.022,16.117,16.244,2363.49,15550.46,0.04,0.03,0.01,0.222,0.125,4291,3960.02,16.009,16.06,17.403,17.498,3813.42,3960.02,1.15,6240,,,  ,281,,,,,,,,,,
9,19.861,19.915,20.035,6232.82,28659.86,0.07,0.07,0.01,0.174,0.075,2663.79,2792.11,19.534,19.852,20.036,20.246,2663.79,2792.11,2.17,8937,,,  ,73,,,,,,,,,,
10,21.525,21.652,21.881,2502.88,22372.75,0.06,0.03,0.01,0.356,0.299,3253,3630,21.366,21.461,22.772,23.192,3239.24,3493.72,1.95,5833,,,  ,41.1,,,,,,,,,,
11,23.196,23.262,23.338,6809.96,24447.74,0.06,0.07,0.01,0.142,0.052,2974.17,3370,22.772,23.192,23.332,23.453,2974.17,3226.09,1.17,9901,,,  ,73.1,,,,,,,,,,
12,23.431,23.485,23.535,1778.55,5054.09,0.01,0.02,0,0.104,0.054,3050.14,3104,23.332,23.453,23.688,23.962,3050.14,2962.77,0.98,4784,,,  ,41,,,,,,,,,,
13,24.006,24.07,24.502,33862.2,338377.37,0.85,0.36,0.15,0.496,0.143,2723,5836,23.688,23.962,24.464,24.566,2690.41,5821.39,7.9,36954,,,  ,55.1,,,,,,,,,,
14,24.566,24.604,24.712,1934.58,10407.36,0.03,0.02,0,0.146,0.181,6447,5574,24.464,24.566,26.093,26.137,6288.16,5372.94,0.58,7984,,,  ,57.1,,,,,,,,,,
15,26.221,26.265,26.309,2316.72,5938.95,0.01,0.02,0,0.089,0.049,2177.51,2284,26.093,26.137,26.367,26.506,2177.51,2189.1,0.96,4500,,,  ,73,,,,,,,,,,
16,26.495,26.646,26.677,1151.41,4836.29,0.01,0.01,0,0.181,0.184,2161.65,2075.16,26.367,26.506,26.875,27.066,2161.65,2075.16,0.15,3241,,,  ,57.1,,,,,,,,,,
17,27.753,27.944,27.995,2334.17,20157.62,0.05,0.03,0.01,0.242,0.168,1570,2822,27.327,27.773,28.097,28.148,1534.09,2822,0.93,4885,,,  ,41,,,,,,,,,,
18,28.199,28.288,28.573,20655.92,147547.59,0.37,0.22,0.07,0.374,0.1,4035,4660.66,28.097,28.148,28.867,28.949,3882.92,4660.66,3.78,24724,,,  ,57.1,,,,,,,,,,
19,28.969,29.039,29.083,2016.28,8850.93,0.02,0.02,0,0.115,0.094,2291,2482,28.867,28.949,29.242,29.369,2291,2482,0.56,4424,,,  ,73.1,,,,,,,,,,
20,29.957,30.025,30.298,70023.61,381040.09,0.96,0.75,0.17,0.341,0.071,2796.36,4113,29.624,29.929,30.355,30.425,2796.36,2831.98,2.61,72827,,,  ,55.1,,,,,,,,,,
21,30.434,30.47,30.52,5261.16,13541.81,0.03,0.06,0.01,0.086,0.042,3732.36,3272.02,30.355,30.425,30.75,30.884,3732.36,3272.02,1.49,8803,,,  ,41.1,,,,,,,,,,
22,30.916,30.992,31.163,2328137.97,10210864.21,25.77,24.99,4.52,0.247,0.05,4509.37,230452,30.75,30.884,31.163,31.17,4509.37,27417.65,3.23,2339625,,,  ,55.1,,,,,,,,,,
23,31.163,31.189,31.284,168130.21,794383.95,2,1.81,0.35,0.121,0.068,230452,135473,31.163,31.17,31.272,31.297,88240.23,79490.14,4.25,254528,,,  ,55.1,,,,,,,,,,
24,31.284,31.31,31.475,68968.31,316972.04,0.8,0.74,0.14,0.191,0.076,135473,66139,31.272,31.297,31.59,31.615,79490.14,65672.42,2,146616,,,  ,55.1,,,,,,,,,,
25,31.614,31.679,31.8,1099185.53,3205788.68,8.09,11.8,1.42,0.186,0.043,55467.52,45830,31.59,31.615,32.022,32.105,55467.52,41859.08,0.95,1149909,,,  ,57.1,,,,,,,,,,
26,32.108,32.15,32.213,10374.47,37782.22,0.1,0.11,0.02,0.105,0.065,26285.22,23193,32.022,32.105,32.2,32.258,26285.22,22869.28,1.16,35319,,,  ,41,,,,,,,,,,
27,32.213,32.27,32.315,7584.83,20322.96,0.05,0.08,0.01,0.102,0.047,23193,19668,32.2,32.258,32.728,32.824,22869.28,19548.43,0.48,28586,,,  ,57.1,,,,,,,,,,
28,32.822,32.881,32.945,6986.87,26401.08,0.07,0.08,0.01,0.123,0.06,9510.72,10774,32.728,32.824,32.945,33.034,9510.72,10614.69,1.69,17031,,,  ,57.1,,,,,,,,,,
29,33.032,33.091,33.199,23093.94,106726.44,0.27,0.25,0.05,0.167,0.074,10667.8,12311,32.945,33.034,33.18,33.263,10667.8,10668.54,1.81,33762,,,  ,55.1,,,,,,,,,,
30,33.25,33.314,33.409,64255.95,209107.1,0.53,0.69,0.09,0.159,0.049,12702,10975,33.18,33.263,33.454,33.479,10668.77,10669.47,1.35,74925,,,  ,57.1,,,,,,,,,,
31,33.484,33.536,33.721,55390.48,331737.24,0.84,0.59,0.15,0.237,0.09,10923.54,10341,33.454,33.479,34.007,34.045,10923.54,10014.5,2.93,66113,,,  ,57.1,,,,,,,,,,
32,34.033,34.084,34.154,2328.46,9240.96,0.02,0.02,0,0.121,0.081,5579,5373,34.007,34.045,34.147,34.287,5567.75,5189.57,1.27,7737,,,  ,55.1,,,,,,,,,,
33,34.364,34.453,34.523,163328.96,601179.41,1.52,1.75,0.27,0.159,0.052,16168,24889,34.147,34.287,34.516,34.529,6872.38,9111.1,1.52,171455,,,  ,97.1,,,,,,,,,,
34,34.523,34.573,34.674,74717.33,259212.32,0.65,0.8,0.11,0.151,0.052,24889,11496.98,34.516,34.529,34.688,34.752,17504.04,11496.98,0.9,90197,,,  ,97.1,,,,,,,,,,
35,34.796,34.879,35.038,2231576.01,6727731.44,16.98,23.96,2.98,0.242,0.043,16899,25757,34.688,34.752,35.267,35.331,9658.88,8919.63,0.92,2240982,,,  ,57.1,,,,,,,,,,
36,35.339,35.407,35.585,85010.59,400463.82,1.01,0.91,0.18,0.246,0.066,9943.89,9449,35.267,35.331,35.56,35.617,9943.89,9150.69,1.84,94736,,,  ,57.1,,,,,,,,,,
37,35.585,35.655,35.697,4876.1,15550.5,0.04,0.05,0.01,0.112,0.054,9449,8789.89,35.56,35.617,35.738,35.82,9150.69,8789.89,0.4,13801,,,  ,57,,,,,,,,,,
38,35.95,35.999,36.088,10172.91,44951.65,0.11,0.11,0.02,0.138,0.068,7804.92,9874,35.865,35.948,36.056,36.119,7804.92,7924.41,2.83,18020,,,  ,57.1,,,,,,,,,,
39,36.088,36.145,36.215,6008.89,27677.26,0.07,0.06,0.01,0.127,0.13,9874,9448,36.056,36.119,36.183,36.221,7924.41,8034.87,0.86,13983,,,  ,57.1,,,,,,,,,,
40,36.215,36.266,36.323,15986.95,70760.88,0.18,0.17,0.03,0.108,0.096,9448,17480,36.183,36.221,36.304,36.336,8034.87,8128.75,1.41,24066,,,  ,55.1,,,,,,,,,,
41,36.323,36.38,36.565,158604.53,572485.46,1.44,1.7,0.25,0.242,0.05,17480,9172,36.304,36.336,36.539,36.59,8128.75,8338.64,1.78,166783,,,  ,57.1,,,,,,,,,,
42,36.584,36.647,36.816,56032.57,275797.22,0.7,0.6,0.12,0.232,0.073,8502,8556.56,36.539,36.59,36.8,36.838,8355.2,8556.56,2.58,64443,,,  ,57,,,,,,,,,,
43,36.821,36.87,36.946,7845.27,29545.02,0.07,0.08,0.01,0.125,0.061,8561.04,8669.67,36.8,36.838,36.972,37.016,8561.04,8669.67,2.03,16449,,,  ,57.1,,,,,,,,,,
44,37.335,37.455,37.525,307934.54,1208291.43,3.05,3.31,0.54,0.191,0.05,13443,78646,37.169,37.233,37.513,37.525,10243.36,13594.01,0.9,320300,,,  ,57.1,,,,,,,,,,
45,37.525,37.57,37.684,199161,720619.08,1.82,2.14,0.32,0.159,0.056,78646,16442,37.513,37.525,37.684,37.716,16442,16442,1.04,215603,,,  ,57.1,,,,,,,,,,
46,37.754,37.869,37.99,5266801.3,16621299.6,41.94,56.54,7.36,0.235,0.047,33788,53775,37.684,37.716,38.174,38.219,18756.23,23513.52,0.41,5287872,,,  ,57.1,,,,,,,,,,
47,38.228,38.289,38.48,212127.36,995743.75,2.51,2.28,0.44,0.252,0.064,20879.63,18524.49,38.174,38.219,38.594,38.62,20879.63,18524.49,2.64,232442,,,  ,57.1,,,,,,,,,,
48,38.633,38.645,38.779,2441.12,15553.54,0.04,0.03,0.01,0.146,0.091,16804.75,15656,38.594,38.62,38.766,38.823,16804.75,15653.15,7.74,19151,,,  ,57.1,,,,,,,,,,
49,38.806,38.893,38.925,19253.34,71338.77,0.18,0.21,0.03,0.119,0.108,15532.74,28845,38.766,38.823,38.906,38.97,15532.74,14716.16,1.06,34187,,,  ,57.1,,,,,,,,,,
50,38.925,39.008,39.071,22706.15,125180.86,0.32,0.24,0.06,0.146,0.126,28845,13717.52,38.906,38.97,39.103,39.173,14716.16,13717.52,0.52,36857,,,  ,57.1,,,,,,,,,,
51,39.182,39.237,39.421,204167.95,754927.23,1.91,2.19,0.33,0.239,0.052,12914.71,11099.26,39.103,39.173,39.491,39.536,12914.71,11099.26,2.19,216664,,,  ,57.1,,,,,,,,,,
52,39.555,39.58,39.618,3778.81,6903.61,0.02,0.04,0,0.063,0.031,10083.75,10161.82,39.491,39.536,39.606,39.631,10083.75,10161.82,1.51,13894,,,  ,69.1,,,,,,,,,,
53,39.626,39.669,39.784,10645.08,45245.48,0.11,0.11,0.02,0.158,0.052,10171.6,10683,39.606,39.631,39.771,39.841,10171.6,10368.29,2.68,20871,,,  ,57.1,,,,,,,,,,
54,39.842,39.898,39.918,13688.84,37502.54,0.09,0.15,0.02,0.076,0.065,10875.65,21201,39.771,39.841,39.918,39.937,10875.65,11159.4,0.75,24777,,,  ,55.1,,,,,,,,,,
55,39.918,39.975,40.038,50202.82,192322.51,0.49,0.54,0.09,0.121,0.056,21201,24408,39.918,39.937,40.026,40.038,11159.4,11610.66,1.11,61576,,,  ,55.1,,,,,,,,,,
56,40.038,40.089,40.127,78855.4,288737.12,0.73,0.85,0.13,0.089,0.077,24408,64311,40.026,40.038,40.127,40.14,11610.66,11943.14,0.8,90656,,,  ,55.1,,,,,,,,,,
57,40.127,40.255,40.274,832364.9,3558338.97,8.98,8.94,1.58,0.146,0.077,64311,793678,40.127,40.14,40.274,40.28,11943.14,12489.34,0.26,844783,,,  ,57.1,,,,,,,,,,
58,40.274,40.325,40.484,1975165.65,7584195.09,19.14,21.21,3.36,0.21,0.054,793678,48545,40.274,40.28,40.484,40.503,12489.34,13273.08,1.22,1987845,,,  ,57.1,,,,,,,,,,
59,40.509,40.643,40.764,6190681.4,23030710.73,58.12,66.46,10.2,0.254,0.055,52919,91769,40.484,40.503,40.878,40.942,19632.23,22671.13,0.4,6211909,,,  ,57.1,,,,,,,,,,
60,40.916,41.005,41.158,150276.66,771532.82,1.95,1.61,0.34,0.242,0.071,47712,29132,40.878,40.942,41.158,41.234,29833.93,28621.76,0.74,179664,,,  ,57.1,,,,,,,,,,
61,41.23,41.381,41.463,51837.41,297146.59,0.75,0.56,0.13,0.234,0.07,28550.08,36360,41.158,41.234,41.451,41.489,28550.08,27022.54,0.87,79400,,,  ,57.1,,,,,,,,,,
62,41.463,41.591,41.843,163124.15,1432066.82,3.61,1.75,0.63,0.38,0.149,36360,24544.25,41.451,41.489,41.813,41.858,27022.54,24544.25,1.94,189316,,,  ,57.1,,,,,,,,,,
63,41.845,41.915,42.03,78927,303453.39,0.77,0.85,0.13,0.185,0.055,24084,22348,41.813,41.858,42.151,42.259,23530.64,21836.41,1.35,101815,,,  ,57.1,,,,,,,,,,
64,42.271,42.303,42.322,3827.55,6039.2,0.02,0.04,0,0.051,0.025,17257,17535,42.151,42.259,42.329,42.38,17248.76,17089.81,1.01,20977,,,  ,57.1,,,,,,,,,,
65,42.424,42.545,42.57,448299.39,1620011.81,4.09,4.81,0.72,0.146,0.061,25464,390417,42.329,42.38,42.57,42.577,17254.2,17301.91,0.39,465593,,,  ,55.1,,,,,,,,,,
66,42.57,42.647,42.704,2123673.2,8245149.47,20.81,22.8,3.65,0.134,0.057,390417,381671,42.57,42.577,42.698,42.704,17301.91,17345.48,0.75,2141000,,,  ,55.1,,,,,,,,,,
67,42.704,42.736,42.768,488942.15,1668219.93,4.21,5.25,0.74,0.064,0.083,381671,431027,42.698,42.704,42.755,42.78,17345.48,17366.22,1.17,506298,,,  ,55.1,,,,,,,,,,
68,42.768,42.914,42.946,9314540.8,39627237.65,100,100,17.55,0.178,0.065,431027,2421332,42.755,42.78,42.946,42.952,30246.48,35991.29,0.4,9349506,,,  ,97.1,,,,,,,,,,
69,42.946,42.99,43.124,5857185.49,19760383.84,49.87,62.88,8.75,0.178,0.051,2421332,188240,42.946,42.952,43.111,43.124,67573.33,65838.05,1.07,5924325,,,  ,57.1,,,,,,,,,,
70,43.124,43.194,43.347,2811367.7,9198609.67,23.21,30.18,4.07,0.223,0.044,188240,120362,43.111,43.124,43.461,43.499,65838.05,63668.94,1.11,2876524,,,  ,57.1,,,,,,,,,,
71,43.461,43.544,43.65,87677.25,444884.71,1.12,0.94,0.2,0.188,0.068,88913,60717.92,43.461,43.499,43.646,43.728,62553.37,60717.92,0.94,149425,,,  ,57.1,,,,,,,,,,
72,43.717,43.862,43.983,160526.03,1156604.22,2.92,1.72,0.51,0.266,0.125,60064.44,75530,43.646,43.728,43.951,43.996,60064.44,57471.39,1.15,219175,,,  ,55.1,,,,,,,,,,
73,43.983,44.097,44.261,151395.18,1056489.61,2.67,1.63,0.47,0.278,0.098,75530,54758.78,43.951,43.996,44.326,44.377,57471.39,54758.78,0.82,207751,,,  ,57.1,,,,,,,,,,
74,44.365,44.415,44.46,9812.52,28825.23,0.07,0.11,0.01,0.095,0.052,40343,36980.73,44.326,44.377,44.625,44.708,39865.89,36980.73,0.42,48135,,,  ,57.1,,,,,,,,,,
75,44.714,44.74,44.829,4231.6,20587.61,0.05,0.05,0.01,0.115,0.072,29400,26354,44.625,44.708,44.81,44.854,29255.59,25783.18,1.88,32716,,,  ,207,,,,,,,,,,
76,44.943,45.077,45.128,4134722,16605423.17,41.9,44.39,7.36,0.185,0.055,158233,713788,44.81,44.854,45.128,45.134,27979,27979,0.68,4162701,,,  ,55.1,,,,,,,,,,
77,45.128,45.153,45.198,759961,2728946.7,6.89,8.16,1.21,0.07,0.076,713788,476305,45.128,45.134,45.192,45.204,27979,27979,2,787940,,,  ,55.1,,,,,,,,,,
78,45.198,45.363,45.484,6747443.26,31365716.24,79.15,72.44,13.89,0.286,0.054,476305,276287,45.192,45.204,45.542,45.567,60563.76,82760.99,0.45,6820832,,,  ,57.1,,,,,,,,,,
79,45.561,45.605,45.748,145449.42,691115.36,1.74,1.56,0.31,0.188,0.097,174917,94750.25,45.542,45.567,45.802,45.898,98704.89,94750.25,1.43,243216,,,  ,57.1,,,,,,,,,,
80,45.894,45.949,45.998,32154.78,106896.83,0.27,0.35,0.05,0.104,0.053,85087.37,83681.76,45.802,45.898,46.07,46.108,85087.37,83681.76,0.9,116506,,,  ,57.1,,,,,,,,,,
81,46.154,46.216,46.286,50430.88,241897.54,0.61,0.54,0.11,0.132,0.098,78246.16,101591,46.07,46.108,46.26,46.318,78246.16,76222.43,1.86,127729,,,  ,55.1,,,,,,,,,,
82,46.286,46.528,46.909,118472.42,2036281.11,5.14,1.27,0.9,0.623,0.249,101591,66644.82,46.26,46.318,47.196,47.247,76222.43,66644.82,0.98,190979,,,  ,257.2,,,,,,,,,,
83,47.255,47.348,47.52,340793.88,1987819.39,5.02,3.66,0.88,0.265,0.07,60720.59,112555,47.196,47.247,47.495,47.526,60720.59,57123.39,2.91,400252,,,  ,55.1,,,,,,,,,,
84,47.52,47.571,47.958,102057.46,917445.76,2.32,1.1,0.41,0.438,0.177,112555,51175.55,47.495,47.526,48.099,48.188,57123.39,51175.55,2.45,158489,,,  ,57.1,,,,,,,,,,
85,48.443,48.5,48.506,4243.02,7699.44,0.02,0.05,0,0.063,0.196,44150.12,43702,48.29,48.462,49.371,49.416,44150.12,43457.24,0.03,47770,,,  ,207,,,,,,,,,,
86,49.677,49.759,50.167,13137.35,155208.47,0.39,0.14,0.07,0.49,0.33,35230,35101,49.371,49.416,50.618,50.879,34656.74,34454.78,4.93,47760,,,  ,207,,,,,,,,,,
87,51.104,51.191,51.382,12918,89297.33,0.23,0.14,0.04,0.278,0.093,31414.77,31694,50.962,51.108,51.318,51.452,31414.77,31338.97,2.02,44309,,,  ,207,,,,,,,,,,
88,51.395,51.465,51.611,5579.58,30008.73,0.08,0.06,0.01,0.216,0.245,31727,31561,51.318,51.452,51.751,51.872,31335.5,31276.53,0.99,36896,,,  ,207,,,,,,,,,,
89,51.833,52.056,52.221,5866.05,73072.98,0.18,0.06,0.03,0.388,0.371,31567,30861.32,51.751,51.872,52.826,52.979,31031.93,30861.32,0.7,36800,,,  ,207,,,,,,,,,,
90,53.125,53.456,53.816,14304.56,303491.93,0.77,0.15,0.13,0.69,0.393,29529.19,31857.69,52.826,52.979,53.806,54.086,29529.19,31857.69,1.26,44948,,,  ,207,,,,,,,,,,
91,54.085,54.226,54.257,5679.65,25583.97,0.06,0.06,0.01,0.172,0.083,32664.96,33132,53.806,54.086,54.346,54.455,32664.96,32882.56,0.26,38522,,,  ,207,,,,,,,,,,
92,54.48,54.595,54.817,46131.31,381835.86,0.96,0.5,0.17,0.337,0.119,34328,39873.33,54.346,54.455,54.792,54.887,33700.88,39873.33,2.32,81930,,,  ,55.1,,,,,,,,,,
93,54.895,55.199,55.931,62393.79,1392527.98,3.51,0.67,0.62,1.035,0.31,40368.35,36884,54.792,54.887,57.139,57.585,40368.35,36652.32,1.65,101672,,,  ,257.2,,,,,,,,,,
,,,,,,,,,,,,,,,,,,,,,,,,,,,,,,,,,,
 + TIC Scan DR_344.D ,,,,,,,,,,,,,,,,,,,,,,,,,,,,,,,,,,
Peak ,Start,RT,End,Height,Area,Area %,Height %,Area Sum %,Width,FWHM,Start Y,End Y,B1 Start,B1 End,B2 Start,B2 End,Start BL Y,End BL Y,Symmetry,Max Y,SNR,Height % (Norm),Baseline,Base Peak,k',Label,Cpd,Type,Plates,Plates/M,Resolution,Saturated,Tailing factor,Flags (Tgt)
1,4.093,4.125,4.507,37794.55,285126.44,1.18,0.59,0.19,0.414,0.066,38007,17710,4.093,4.106,5.741,6.053,16495.09,13952.29,9.47,54094,,,  ,281,,,,,,,,,,
2,6.042,6.116,6.228,3318.2,19009.15,0.08,0.05,0.01,0.187,0.111,7762.58,7733.11,5.741,6.053,6.212,6.472,7762.58,7733.11,1.49,11069,,,  ,57.1,,,,,,,,,,
3,6.46,6.523,6.624,5645.16,25734.09,0.11,0.09,0.02,0.164,0.077,7706,7386.66,6.212,6.472,6.702,6.822,7552,7386.66,1.12,13133,,,  ,43.1,,,,,,,,,,
4,7.401,7.452,7.647,14914.47,67645.11,0.28,0.23,0.04,0.246,0.049,6240,5898.77,6.988,7.408,10.926,11.708,6130.52,5898.77,3.55,20997,,,  ,73.1,,,,,,,,,,
5,11.709,11.753,11.848,20355.85,53816.12,0.22,0.32,0.04,0.139,0.039,4142.32,4461,10.926,11.708,12.052,12.548,4142.32,4265.7,1.44,24537,,,  ,73.1,,,,,,,,,,
6,15.942,15.977,16.024,3249.33,7050.39,0.03,0.05,0,0.082,0.035,3385.95,3459.22,15.335,15.939,16.009,16.104,3385.95,3459.22,1.49,6667,,,  ,73,,,,,,,,,,
7,16.055,16.136,16.283,1786.12,12751.94,0.05,0.03,0.01,0.228,0.222,3395.64,3513.9,16.009,16.104,16.645,16.734,3395.64,3513.9,1.14,5224,,,  ,73,,,,,,,,,,
8,19.871,19.941,20.087,4250.88,26005.74,0.11,0.07,0.02,0.216,0.102,2104,2330,19.515,19.877,20.119,20.437,2104,2330,2.12,6428,,,  ,73,,,,,,,,,,
9,21.666,21.754,21.967,1997.55,16311.66,0.07,0.03,0.01,0.302,0.478,2953.89,3674.15,21.22,21.601,22.314,22.396,2953.89,3674.15,4.96,5162,,,  ,69.1,,,,,,,,,,
10,23.236,23.287,23.484,3489.88,24066.01,0.1,0.05,0.02,0.248,0.092,2497,2639,22.874,23.045,23.962,24.108,2497,2639,4.16,6016,,,  ,73,,,,,,,,,,
11,24.111,24.197,24.585,5374.92,64070.88,0.27,0.08,0.04,0.474,0.194,3010.08,3140,23.962,24.108,24.502,24.738,3010.08,3054.28,4.19,8393,,,  ,41.1,,,,,,,,,,
12,24.585,24.738,24.903,1835.95,18025.02,0.07,0.03,0.01,0.318,0.33,3140,2891,24.502,24.731,25.635,26.214,2841.18,2722.15,0.7,4620,,,  ,57,,,,,,,,,,
13,26.233,26.271,26.322,2198.91,5792.35,0.02,0.03,0,0.089,0.056,2145,2097,25.635,26.214,26.322,26.614,1991.87,2004.06,1.38,4196,,,  ,73,,,,,,,,,,
14,27.842,27.963,27.982,1106.59,4966.9,0.02,0.02,0,0.14,0.099,1410,2353,27.505,27.785,28.135,28.224,1410,2353,1,3331,,,  ,41.1,,,,,,,,,,
15,28.261,28.345,28.635,10034,86666.17,0.36,0.16,0.06,0.374,0.14,2877.13,4018.12,28.135,28.224,28.905,28.981,2877.13,4018.12,4.56,13167,,,  ,57.1,,,,,,,,,,
16,29.019,29.045,29.099,1770.21,3373.02,0.01,0.03,0,0.08,0.04,2404,2245.54,28.905,28.981,29.115,29.554,2398.65,2245.54,1.38,4120,,,  ,73,,,,,,,,,,
17,29.999,30.075,30.387,33037.95,203782.77,0.85,0.52,0.13,0.388,0.079,2035,2477,29.115,29.554,30.406,30.463,2025.54,2373.77,3.93,35132,,,  ,55.1,,,,,,,,,,
18,30.461,30.508,30.594,4169.3,14564.13,0.06,0.07,0.01,0.133,0.053,2672.51,2390.43,30.406,30.463,30.89,30.947,2672.51,2390.43,1.36,6743,,,  ,41.1,,,,,,,,,,
19,30.963,31.017,31.163,408256.15,2488412.69,10.33,6.37,1.64,0.2,0.09,5258.04,139655,30.89,30.947,31.144,31.176,5258.04,33837.06,4.19,421202,,,  ,55.1,,,,,,,,,,
20,31.163,31.208,31.291,60861.46,211944.12,0.88,0.95,0.14,0.127,0.086,139655,91171,31.144,31.176,31.265,31.297,118021.94,87384.82,0.56,168160,,,  ,55.1,,,,,,,,,,
21,31.291,31.329,31.377,24907.52,67622.77,0.28,0.39,0.04,0.087,0.078,91171,66470.43,31.265,31.297,31.596,31.621,87384.82,66470.43,0.41,103102,,,  ,55.1,,,,,,,,,,
22,31.623,31.679,31.825,675323.86,1982160.61,8.23,10.53,1.3,0.202,0.041,38655.84,34468,31.596,31.621,32.079,32.13,38655.84,30113.39,1.59,711637,,,  ,57.1,,,,,,,,,,
23,32.154,32.168,32.213,2862.9,7423.46,0.03,0.04,0,0.059,0.035,21357.68,19694,32.079,32.13,32.213,32.264,21357.68,19672.09,2.61,23811,,,  ,55,,,,,,,,,,
24,32.847,32.913,33.014,5143.94,25079.2,0.1,0.08,0.02,0.167,0.07,7822.64,7813.52,32.728,32.843,33.021,33.066,7822.64,7813.52,1.6,12963,,,  ,57.1,,,,,,,,,,
25,33.066,33.123,33.263,8225.75,43329.87,0.18,0.13,0.03,0.197,0.077,7843.17,8287,33.021,33.066,33.186,33.231,7843.17,7898.8,1.58,16085,,,  ,43.1,,,,,,,,,,
26,33.263,33.326,33.434,36573.1,130957.54,0.54,0.57,0.09,0.171,0.051,8287,8025.62,33.186,33.231,33.441,33.492,7932.11,8025.62,1.44,44540,,,  ,57.1,,,,,,,,,,
27,33.496,33.549,33.74,48707.88,278222.81,1.15,0.76,0.18,0.244,0.086,8047.15,8448,33.441,33.492,33.969,34.071,8047.15,8157.36,3.21,56779,,,  ,57.1,,,,,,,,,,
28,34.058,34.09,34.122,1937.51,3221.41,0.01,0.03,0,0.064,0.082,4954,4633,33.969,34.071,34.141,34.281,4852.68,4608.3,0.28,6668,,,  ,41.1,,,,,,,,,,
29,34.37,34.452,34.529,141943.27,528862.19,2.19,2.21,0.35,0.159,0.054,14088,22803,34.141,34.281,34.516,34.535,5494.25,7420.32,1.74,148439,,,  ,57.1,,,,,,,,,,
30,34.529,34.58,34.713,70905.6,262936.47,1.09,1.11,0.17,0.184,0.055,22803,7681.4,34.516,34.535,34.707,34.764,7681.4,7681.4,0.98,78587,,,  ,43.1,,,,,,,,,,
31,34.802,34.879,35,1357988.34,4359874.56,18.09,21.18,2.86,0.197,0.045,10910,36455,34.707,34.764,35.279,35.343,9245.68,9095.79,1.1,1367176,,,  ,57.1,,,,,,,,,,
32,35.349,35.407,35.578,58397.79,275663.49,1.14,0.91,0.18,0.229,0.067,8426.04,8529.64,35.279,35.343,35.731,35.846,8426.04,8529.64,2.69,66850,,,  ,57.1,,,,,,,,,,
33,35.978,36.017,36.094,7029.58,26152.89,0.11,0.11,0.02,0.115,0.071,8095.45,8552,35.878,35.96,36.075,36.119,8095.45,8142.55,2.07,15141,,,  ,57.1,,,,,,,,,,
34,36.094,36.151,36.2,4758.34,15573.64,0.06,0.07,0.01,0.106,0.052,8552,7752.14,36.075,36.119,36.208,36.259,7666.49,7752.14,0.62,12471,,,  ,43.1,,,,,,,,,,
35,36.329,36.386,36.532,90232.35,340419,1.41,1.41,0.22,0.203,0.055,9858,7613.92,36.208,36.259,36.552,36.596,7725.05,7613.92,2.08,97926,,,  ,57.1,,,,,,,,,,
36,36.598,36.654,36.806,49967.57,258297.93,1.07,0.78,0.17,0.209,0.079,6602.51,8304,36.552,36.596,36.806,36.845,6602.51,7988.18,2.67,56942,,,  ,57.1,,,,,,,,,,
37,36.838,36.876,36.959,5406.98,21002.64,0.09,0.08,0.01,0.121,0.056,7892,6173,36.806,36.845,36.965,37.01,7892,6173,1.48,12756,,,  ,57,,,,,,,,,,
38,37.105,37.137,37.182,3100.51,7316.32,0.03,0.05,0,0.076,0.102,5920,5662,37.061,37.112,37.169,37.233,5920,5662,0.53,8913,,,  ,41,,,,,,,,,,
39,37.353,37.449,37.525,213100.85,871839.23,3.62,3.32,0.57,0.172,0.054,16146,59215,37.169,37.233,37.513,37.532,8235.71,10457.75,1.22,222571,,,  ,57.1,,,,,,,,,,
40,37.525,37.57,37.69,143614.5,539656.36,2.24,2.24,0.35,0.165,0.057,59215,12638.5,37.513,37.532,37.678,37.716,12638.5,12638.5,1.11,156253,,,  ,43.1,,,,,,,,,,
41,37.754,37.856,37.977,3757550.26,11594887.05,48.12,58.61,7.62,0.223,0.045,23904,52683,37.678,37.716,38.161,38.231,13831.53,15973.71,0.56,3772361,,,  ,57.1,,,,,,,,,,
42,38.225,38.295,38.474,130541.84,624187.37,2.59,2.04,0.41,0.249,0.065,15181.59,14256.13,38.161,38.231,38.594,38.626,15181.59,14256.13,2.44,145464,,,  ,57.1,,,,,,,,,,
43,38.645,38.664,38.785,2211.32,10191.57,0.04,0.03,0.01,0.14,0.058,13268,12318,38.594,38.626,38.759,38.829,13006.35,11952.63,2.45,15074,,,  ,57.1,,,,,,,,,,
44,38.818,38.893,38.931,11156.4,45796.97,0.19,0.17,0.03,0.114,0.081,12117.77,19436,38.759,38.829,38.899,38.938,12117.77,11189.37,0.61,22658,,,  ,43.1,,,,,,,,,,
45,38.931,38.995,39.078,13195.84,76922.83,0.32,0.21,0.05,0.146,0.139,19436,10244,38.899,38.938,39.103,39.167,11189.37,9992.92,0.71,23865,,,  ,57.1,,,,,,,,,,
46,39.184,39.243,39.44,125897.15,499845.78,2.07,1.96,0.33,0.257,0.054,9973.94,8691,39.103,39.167,39.466,39.542,9973.94,8264.24,2,135475,,,  ,57.1,,,,,,,,,,
47,39.637,39.682,39.773,5906.07,21093.28,0.09,0.09,0.01,0.136,0.052,8535,8674.97,39.466,39.542,39.771,39.847,8394.98,8674.97,1.99,14393,,,  ,57.1,,,,,,,,,,
48,39.822,39.898,39.93,12510.5,41663.34,0.17,0.2,0.03,0.108,0.065,7826.5,17089,39.771,39.847,39.911,39.936,7826.5,7826.5,0.78,20337,,,  ,43.1,,,,,,,,,,
49,39.93,39.987,40.032,48685.5,172592.79,0.72,0.76,0.11,0.102,0.056,17089,22755,39.911,39.936,40.026,40.045,7826.5,7826.5,0.75,56512,,,  ,55.1,,,,,,,,,,
50,40.032,40.089,40.134,74900.5,292792.46,1.22,1.17,0.19,0.102,0.078,22755,48908,40.026,40.045,40.127,40.14,7826.5,7826.5,0.8,82727,,,  ,55.1,,,,,,,,,,
51,40.134,40.255,40.274,604616.5,2498818.05,10.37,9.43,1.64,0.14,0.075,48908,569165,40.127,40.14,40.274,40.28,7826.5,7826.5,0.26,612443,,,  ,57.1,,,,,,,,,,
52,40.274,40.318,40.477,1163328.33,4336308.08,18,18.14,2.85,0.204,0.057,569165,37897,40.274,40.28,40.477,40.503,27111.4,35729.87,1.47,1192325,,,  ,57.1,,,,,,,,,,
53,40.522,40.624,40.744,4801849.99,15511922.67,64.38,74.9,10.19,0.223,0.048,48939,79660,40.477,40.503,40.91,40.942,36928.75,33827.72,0.59,4837361,,,  ,57.1,,,,,,,,,,
54,40.944,41.005,41.119,91456.17,384842.08,1.6,1.43,0.25,0.176,0.065,29722.99,27066.46,40.91,40.942,41.158,41.241,29722.99,27066.46,1.73,120248,,,  ,57.1,,,,,,,,,,
55,41.263,41.387,41.47,35042.21,176985.58,0.73,0.55,0.12,0.207,0.061,24378.19,26121,41.158,41.241,41.457,41.501,24378.19,21744.59,0.68,57840,,,  ,57.1,,,,,,,,,,
56,41.47,41.591,41.824,89410.88,787408.19,3.27,1.39,0.52,0.355,0.143,26121,17225.75,41.457,41.501,41.82,41.851,21744.59,17225.75,1.94,109616,,,  ,57.1,,,,,,,,,,
57,41.844,41.909,42.046,56395.01,217795.15,0.9,0.88,0.14,0.202,0.054,17454.36,15357.81,41.82,41.851,42.144,42.252,17454.36,15357.81,1.97,73179,,,  ,57.1,,,,,,,,,,
58,42.437,42.545,42.57,360032.8,1206710.86,5.01,5.62,0.79,0.134,0.059,23066,262251,42.329,42.386,42.57,42.577,11867.2,11867.2,0.48,371900,,,  ,55.1,,,,,,,,,,
59,42.57,42.64,42.704,1653110.8,6241609.05,25.9,25.78,4.1,0.134,0.053,262251,275137,42.57,42.577,42.698,42.71,11867.2,11867.2,1,1664978,,,  ,55.1,,,,,,,,,,
60,42.704,42.729,42.768,322090.8,1133583.6,4.7,5.02,0.74,0.064,0.083,275137,295918,42.698,42.71,42.761,42.78,11867.2,11867.2,1.6,333958,,,  ,55.1,,,,,,,,,,
61,42.768,42.895,42.927,6411380.71,24095398.89,100,100,15.83,0.159,0.056,295918,1556704,42.761,42.78,42.927,42.933,24106.98,28286.33,0.47,6438831,,,  ,57.1,,,,,,,,,,
62,42.927,42.971,43.105,3638683.78,12709512.13,52.75,56.75,8.35,0.178,0.053,1556704,139968,42.927,42.933,43.098,43.117,50949.75,50039.63,1.18,3689406,,,  ,57.1,,,,,,,,,,
63,43.105,43.187,43.346,1969472.9,6934887.53,28.78,30.72,4.56,0.242,0.047,139968,85697,43.098,43.117,43.442,43.493,50039.63,48804.49,1.13,2019090,,,  ,57.1,,,,,,,,,,
64,43.48,43.544,43.645,63991.12,303145.77,1.26,1,0.2,0.165,0.07,64988,47277.13,43.442,43.493,43.645,43.735,48121.91,47277.13,0.79,111788,,,  ,57.1,,,,,,,,,,
65,43.73,43.855,43.964,119654.74,709827.97,2.95,1.87,0.47,0.234,0.105,47129.79,60077,43.645,43.735,43.964,44.002,47129.79,59459.95,0.89,173407,,,  ,55.1,,,,,,,,,,
66,44.006,44.104,44.252,94509.17,572169.62,2.37,1.47,0.38,0.247,0.089,62094.45,44744.9,43.964,44.002,44.326,44.377,62094.45,44744.9,1.06,149712,,,  ,57.1,,,,,,,,,,
67,44.371,44.415,44.492,7993.33,31896.42,0.13,0.12,0.02,0.121,0.116,32846,26898,44.326,44.377,44.606,44.714,32846,26553.88,0.43,38521,,,  ,57.1,,,,,,,,,,
68,44.717,44.733,44.781,3839.01,7095.91,0.03,0.06,0,0.064,0.171,23763.21,23758.54,44.606,44.714,44.772,44.861,23763.21,23758.54,0.36,27601,,,  ,207,,,,,,,,,,
69,44.95,45.071,45.191,3278815.41,14208120.42,58.97,51.14,9.34,0.242,0.05,153867,366910,44.772,44.861,45.191,45.198,35241.93,44594.6,1.62,3318734,,,  ,55.1,,,,,,,,,,
70,45.191,45.35,45.471,5421749.17,23486640.19,97.47,84.56,15.43,0.28,0.05,366910,250104,45.191,45.198,45.541,45.56,44594.6,55424.49,0.53,5472497,,,  ,57.1,,,,,,,,,,
71,45.541,45.611,45.813,137513.57,916029.73,3.8,2.14,0.6,0.271,0.111,145801,68624.03,45.541,45.56,45.821,45.91,58131.96,68624.03,2.26,198353,,,  ,57.1,,,,,,,,,,
72,45.91,45.942,46.044,20486.27,89232.88,0.37,0.32,0.06,0.134,0.055,67021,53682,45.821,45.91,46.069,46.139,67021,53682,1.78,84331,,,  ,57.1,,,,,,,,,,
73,46.139,46.228,46.286,41920.33,235781.32,0.98,0.65,0.15,0.146,0.112,52144.67,87350,46.069,46.139,46.26,46.305,52144.67,52144.67,0.99,94065,,,  ,55.1,,,,,,,,,,
74,46.286,46.553,47.218,172000.96,3235830.8,13.43,2.68,2.13,0.933,0.26,87350,49528.9,46.26,46.305,47.215,47.259,51765.91,49528.9,1.22,223126,,,  ,257.2,,,,,,,,,,
75,47.278,47.367,47.526,221018.16,1404996.15,5.83,3.45,0.92,0.248,0.084,54702,92159,47.215,47.259,47.52,47.552,54558.92,51199.1,2.92,274371,,,  ,55.1,,,,,,,,,,
76,47.526,47.609,48.006,73858.76,764726.26,3.17,1.15,0.5,0.48,0.179,92159,44696.72,47.52,47.552,48.112,48.188,51199.1,44696.72,2.02,123938,,,  ,57.1,,,,,,,,,,
77,49.702,49.778,50.147,11647.65,120695.56,0.5,0.18,0.08,0.445,0.1,31436,30108,49.365,49.715,50.688,50.885,31436,29547.82,4.27,42760,,,  ,207,,,,,,,,,,
78,51.146,51.235,51.293,7091.59,30664.07,0.13,0.11,0.02,0.146,0.106,27609,28957,50.688,50.885,51.7,51.738,27368.38,28957,0.68,35427,,,  ,207,,,,,,,,,,
79,51.795,52.101,52.215,5956.29,79208.58,0.33,0.09,0.05,0.42,0.398,29605,29570,51.7,51.738,52.609,52.953,29304.1,29127.56,0.35,35132,,,  ,207,,,,,,,,,,
80,53.068,53.386,53.869,23784.89,542828.22,2.25,0.37,0.36,0.802,0.365,30070,32078,52.609,52.953,53.869,54.066,30065.09,31761.17,1.46,54523,,,  ,207,,,,,,,,,,
81,54.073,54.155,54.283,4321.53,27851.17,0.12,0.07,0.02,0.21,0.193,33432,34323,53.869,54.066,54.372,54.518,32950.73,33843.7,1.95,37624,,,  ,207,,,,,,,,,,
82,54.547,54.639,54.779,13746.63,102271.28,0.42,0.21,0.07,0.232,0.112,34999.36,36624,54.372,54.518,54.753,54.925,34999.36,36044.61,1.59,49160,,,  ,207,,,,,,,,,,
83,54.925,55.186,56.14,71918.12,1770598.42,7.35,1.12,1.16,1.215,0.3,38047,34981,54.753,54.925,56.872,57.12,37606.19,34600.09,2.66,108879,,,  ,257.2,,,,,,,,,,
84,57.324,57.648,57.934,12563.54,248947.34,1.03,0.2,0.16,0.611,0.406,36955,43132,56.872,57.12,57.896,57.992,36391.58,42495.72,1.33,52198,,,  ,207,,,,,,,,,,
,,,,,,,,,,,,,,,,,,,,,,,,,,,,,,,,,,
 + TIC Scan DR_345.D ,,,,,,,,,,,,,,,,,,,,,,,,,,,,,,,,,,
Peak ,Start,RT,End,Height,Area,Area %,Height %,Area Sum %,Width,FWHM,Start Y,End Y,B1 Start,B1 End,B2 Start,B2 End,Start BL Y,End BL Y,Symmetry,Max Y,SNR,Height % (Norm),Baseline,Base Peak,k',Label,Cpd,Type,Plates,Plates/M,Resolution,Saturated,Tailing factor,Flags (Tgt)
1,4.093,4.125,4.284,26053.21,99794.79,0.18,0.21,0.03,0.191,0.055,38510,22492,4.093,4.106,5.022,5.226,25146.56,21410.9,2.43,50577,,,  ,281,,,,,,,,,,
2,5.226,5.232,5.286,2100.47,3802.51,0.01,0.02,0,0.06,0.232,10973,10441.46,5.022,5.226,5.69,6.053,10639.51,10441.46,0.25,12719,,,  ,57.1,,,,,,,,,,
3,6.046,6.11,6.212,5266.98,28425.85,0.05,0.04,0.01,0.165,0.097,7883,8208,5.69,6.053,6.186,6.339,7883,8208,1.68,13275,,,  ,43.1,,,,,,,,,,
4,6.384,6.511,6.606,10374.35,54874.68,0.1,0.09,0.02,0.223,0.072,9274,8957,6.186,6.339,6.721,6.81,8643.45,8722.55,1.01,19063,,,  ,43.1,,,,,,,,,,
5,6.814,6.854,6.886,3220.25,8087.21,0.01,0.03,0,0.072,0.053,8817.24,9710,6.721,6.81,6.867,6.912,8817.24,8755.39,1.47,12003,,,  ,57.1,,,,,,,,,,
6,6.886,6.937,6.994,2973.39,10684.47,0.02,0.02,0,0.108,0.08,9710,8668,6.867,6.912,7.141,7.401,8755.39,8662.36,0.78,11685,,,  ,57.1,,,,,,,,,,
7,7.401,7.446,7.599,12003.3,49841.39,0.09,0.1,0.01,0.197,0.047,7421,7858,7.141,7.401,8.407,9.113,7401.22,6973.78,2.15,19308,,,  ,73.1,,,,,,,,,,
8,11.696,11.747,11.836,17209.73,47230.35,0.09,0.14,0.01,0.14,0.042,5368,5179,11.123,11.709,12.924,13.032,5368,5179,1.67,22509,,,  ,341,,,,,,,,,,
9,15.943,15.977,16.06,2395.27,6245.86,0.01,0.02,0,0.117,0.04,3630.62,3866,14.87,15.946,16.003,16.098,3630.62,3672.03,3.16,6038,,,  ,41,,,,,,,,,,
10,16.067,16.156,16.276,1793.02,11115.21,0.02,0.01,0,0.21,0.187,3867,3836,16.003,16.098,16.684,17.383,3670.31,3648.31,0.79,5454,,,  ,41.1,,,,,,,,,,
11,19.877,19.935,20.036,2912.71,13015.84,0.02,0.02,0,0.158,0.081,2606,2517.75,18.923,19.884,20.011,20.482,2524.85,2517.75,1.49,5435,,,  ,73,,,,,,,,,,
12,23.205,23.281,23.402,4599.65,24514.89,0.05,0.04,0.01,0.197,0.075,2250,2455,22.715,23.211,23.625,24.019,2250,2455,1.9,6929,,,  ,73.1,,,,,,,,,,
13,24.015,24.083,25.005,19731.41,324353.76,0.6,0.16,0.09,0.99,0.178,2421.37,2982,23.625,24.019,25.699,25.826,2421.37,2190.76,12.74,22137,,,  ,55,,,,,,,,,,
14,26.228,26.252,26.302,1953.88,3747.32,0.01,0.02,0,0.073,0.032,2261.06,2267.47,25.947,26.227,26.29,26.462,2261.06,2267.47,2.19,4217,,,  ,73,,,,,,,,,,
15,26.411,26.551,26.818,2165.5,25345.8,0.05,0.02,0.01,0.407,0.307,1723,1675,26.29,26.462,26.971,27.003,1723,1675,1.67,3872,,,  ,57.1,,,,,,,,,,
16,27.006,27.079,27.276,2314.11,18150.95,0.03,0.02,0.01,0.27,0.163,2236.83,2373,26.971,27.003,27.524,27.588,2236.83,2233.34,2.88,4550,,,  ,57,,,,,,,,,,
17,27.754,27.811,28.033,4215.04,36660.8,0.07,0.03,0.01,0.279,0.162,2942.37,3307,27.524,27.588,27.976,28.091,2942.37,3113.43,4.38,7192,,,  ,41,,,,,,,,,,
18,28.103,28.275,28.663,42785.94,366953,0.68,0.35,0.11,0.56,0.086,5105,5719,27.976,28.091,28.905,29.013,4035.51,3561.46,1.9,46676,,,  ,57.1,,,,,,,,,,
19,29.007,29.045,29.089,2277.92,5162.82,0.01,0.02,0,0.083,0.135,2923,3069,28.905,29.013,29.229,29.388,2923,2574.31,0.47,5040,,,  ,72.9,,,,,,,,,,
20,29.498,29.554,29.707,4253.91,22065.33,0.04,0.04,0.01,0.209,0.075,3280.21,3138,29.229,29.388,29.707,29.802,3280.21,3112.26,3.05,7489,,,  ,41,,,,,,,,,,
21,29.962,30.025,30.149,74712.47,363893.22,0.67,0.61,0.1,0.187,0.077,5102.98,10443.38,29.707,29.802,30.146,30.177,5102.98,10443.38,2.08,81598,,,  ,57.1,,,,,,,,,,
22,30.165,30.19,30.269,5193.47,17603.82,0.03,0.04,0.01,0.103,0.046,10594.62,7382.45,30.146,30.177,30.362,30.413,10594.62,7382.45,1.43,15013,,,  ,57.1,,,,,,,,,,
23,30.415,30.457,30.559,13046.14,45211.59,0.08,0.11,0.01,0.144,0.05,3836.82,3660,30.362,30.413,30.674,30.839,3836.82,3582.93,2.8,16809,,,  ,43.1,,,,,,,,,,
24,30.924,30.985,31.144,1682950.6,7878701.61,14.57,13.85,2.26,0.221,0.06,6387.35,221056,30.674,30.839,31.132,31.151,6387.35,30583.48,4.15,1696090,,,  ,55.1,,,,,,,,,,
25,31.144,31.195,31.272,631695.66,2162168.98,4,5.2,0.62,0.127,0.048,221056,151699,31.132,31.151,31.265,31.278,80175.88,73485.4,1.3,709195,,,  ,55.1,,,,,,,,,,
26,31.272,31.316,31.437,211536.35,758456.69,1.4,1.74,0.22,0.165,0.052,151699,65023,31.265,31.278,31.469,31.545,73485.4,64787.09,1.26,282680,,,  ,55.1,,,,,,,,,,
27,31.533,31.577,31.609,25131.67,65851.11,0.12,0.21,0.02,0.076,0.045,59636.5,67890,31.469,31.545,31.596,31.615,59636.5,55803.82,0.88,82548,,,  ,55.1,,,,,,,,,,
28,31.609,31.711,31.831,4614632.24,14963319.15,27.66,37.98,4.29,0.223,0.05,67890,64533,31.596,31.615,32.067,32.111,55803.82,44512.03,0.46,4665274,,,  ,57.1,,,,,,,,,,
29,32.105,32.15,32.22,7419.06,26318.67,0.05,0.06,0.01,0.114,0.06,26738.27,22819,32.067,32.111,32.207,32.239,26738.27,22759.05,0.85,32613,,,  ,43.1,,,,,,,,,,
30,32.226,32.27,32.34,12447.46,40097.39,0.07,0.1,0.01,0.115,0.051,22628,19128,32.207,32.239,32.62,32.76,22108.89,18654.49,0.76,33213,,,  ,57.1,,,,,,,,,,
31,32.768,32.818,33.01,40311.57,263074.47,0.49,0.33,0.08,0.243,0.1,12502.97,16354.47,32.62,32.76,33.002,33.028,12502.97,16354.47,4.93,53606,,,  ,57.1,,,,,,,,,,
32,33.028,33.066,33.129,15846.56,49797.48,0.09,0.13,0.01,0.102,0.047,16791,13520,33.002,33.028,33.129,33.161,16791,13520,1.34,31411,,,  ,43.1,,,,,,,,,,
33,33.253,33.301,33.394,271163.46,756991.34,1.4,2.23,0.22,0.142,0.043,16917.09,15755.72,33.237,33.25,33.397,33.422,16917.09,15755.72,1.39,287684,,,  ,57.1,,,,,,,,,,
34,33.425,33.486,33.721,374231.46,1842770.37,3.41,3.08,0.53,0.296,0.065,15502.51,15848,33.397,33.422,33.715,33.759,15502.51,13079.4,2.69,389240,,,  ,57.1,,,,,,,,,,
35,33.727,33.791,33.897,6615.12,34973.53,0.06,0.05,0.01,0.169,0.099,15207,11638.71,33.715,33.759,33.969,34.033,13027.22,11638.71,0.88,19121,,,  ,57.1,,,,,,,,,,
36,34.035,34.077,34.118,4297.52,9790.61,0.02,0.04,0,0.083,0.037,10128.56,9418.66,33.969,34.033,34.122,34.255,10128.56,9418.66,0.85,14066,,,  ,55.1,,,,,,,,,,
37,34.243,34.294,34.319,6468,13910.34,0.03,0.05,0,0.076,0.037,8324,11152,34.122,34.255,34.3,34.319,8246,8246,0.63,14714,,,  ,57.1,,,,,,,,,,
38,34.383,34.44,34.51,1130656.92,3456212.74,6.39,9.3,0.99,0.127,0.045,79267,81574,34.3,34.319,34.51,34.516,13143.88,17402.47,1.24,1145717,,,  ,57.1,,,,,,,,,,
39,34.51,34.567,34.686,446737,1451597.75,2.68,3.68,0.42,0.176,0.047,81574,24110,34.51,34.516,34.682,34.745,24110,24110,0.86,470847,,,  ,55.1,,,,,,,,,,
40,34.803,34.93,35.051,7656180.69,28522293.93,52.73,63.01,8.18,0.248,0.061,49243,58858,34.682,34.745,35.286,35.331,30503.76,43051.73,0.29,7693119,,,  ,57.1,,,,,,,,,,
41,35.333,35.401,35.566,115925.36,486793.48,0.9,0.95,0.14,0.233,0.058,18078.74,15812,35.286,35.331,35.547,35.579,18078.74,14383.9,1.6,132934,,,  ,57.1,,,,,,,,,,
42,35.566,35.642,35.712,10615.58,50853.32,0.09,0.09,0.01,0.146,0.087,15812,12123,35.547,35.579,35.75,35.801,14383.9,12061.96,0.57,23788,,,  ,57.1,,,,,,,,,,
43,35.796,35.833,35.883,4648.48,13606.37,0.03,0.04,0,0.087,0.065,11176.14,13874.83,35.75,35.801,35.859,35.909,11176.14,13874.83,2.53,16982,,,  ,57.1,,,,,,,,,,
44,35.904,35.973,36.069,54998,271731.33,0.5,0.45,0.08,0.165,0.074,14403,23504,35.859,35.909,36.062,36.075,14403,14403,1.87,69401,,,  ,57.1,,,,,,,,,,
45,36.069,36.107,36.17,19152,83341.68,0.15,0.16,0.02,0.102,0.091,23504,22510,36.062,36.075,36.164,36.183,14403,14403,1.71,33555,,,  ,57.1,,,,,,,,,,
46,36.17,36.228,36.31,54738,233411.36,0.43,0.45,0.07,0.14,0.062,22510,25328,36.164,36.183,36.298,36.317,14403,14403,1.4,69141,,,  ,55.1,,,,,,,,,,
47,36.31,36.374,36.523,537022.12,1630915.31,3.02,4.42,0.47,0.213,0.044,25328,16365.38,36.298,36.317,36.514,36.552,15705.98,16365.38,1.41,552925,,,  ,57.1,,,,,,,,,,
48,36.55,36.616,36.813,290016.5,1356164.77,2.51,2.39,0.39,0.263,0.067,16166.5,17428,36.514,36.552,36.794,36.826,16166.5,16166.5,2.13,306183,,,  ,57.1,,,,,,,,,,
49,36.819,36.87,36.922,15622.36,48936.94,0.09,0.13,0.01,0.103,0.054,17480,17969.26,36.794,36.826,36.953,36.991,17128.71,17969.26,1.09,33167,,,  ,57.1,,,,,,,,,,
50,37,37.029,37.067,6502.61,13923.33,0.03,0.05,0,0.067,0.043,15322.72,17107.48,36.953,36.991,37.067,37.093,15322.72,17107.48,2.24,22602,,,  ,57,,,,,,,,,,
51,37.093,37.125,37.176,15571.08,40790.38,0.08,0.13,0.01,0.083,0.042,16302,14731,37.067,37.093,37.176,37.214,16302,14731,1.43,31269,,,  ,55.1,,,,,,,,,,
52,37.366,37.455,37.519,1472344.35,4904251.47,9.07,12.12,1.41,0.153,0.046,84495,226397,37.176,37.214,37.519,37.525,25081.13,29148.69,1.3,1499798,,,  ,57.1,,,,,,,,,,
53,37.519,37.57,37.691,896514.91,2924839.78,5.41,7.38,0.84,0.172,0.046,226397,37371,37.519,37.525,37.678,37.697,29148.69,33724.13,1.01,927019,,,  ,57.1,,,,,,,,,,
54,37.742,37.926,38.009,12151559.73,54090840.93,100,100,15.52,0.267,0.069,64040,125936,37.678,37.697,38.181,38.232,31692.53,36782.72,0.18,12186767,,,  ,57.1,,,,,,,,,,
55,38.235,38.302,38.468,391941.55,1696278.3,3.14,3.23,0.49,0.232,0.06,42770.96,34763.72,38.181,38.232,38.588,38.613,42770.96,34763.72,1.8,432429,,,  ,57.1,,,,,,,,,,
56,38.633,38.658,38.709,6221.86,21864.58,0.04,0.05,0.01,0.076,0.072,30243.18,32232,38.588,38.613,38.664,38.741,30243.18,28051.68,3.28,35741,,,  ,57.1,,,,,,,,,,
57,38.709,38.741,38.798,8836.6,30421.4,0.06,0.07,0.01,0.089,0.107,32232,26922,38.664,38.734,38.779,38.811,28051.68,25483.87,0.65,35971,,,  ,57.1,,,,,,,,,,
58,38.798,38.887,38.982,47611.94,312704.21,0.58,0.39,0.09,0.185,0.13,26922,51698,38.779,38.811,38.97,38.982,25483.87,20164.69,1.09,70528,,,  ,57.1,,,,,,,,,,
59,38.982,39.001,39.122,38954.49,128506.99,0.24,0.32,0.04,0.14,0.064,51698,16579,38.97,38.982,39.11,39.167,20164.69,16129.42,1.88,58569,,,  ,57.1,,,,,,,,,,
60,39.171,39.237,39.434,327652.02,1208787.89,2.23,2.7,0.35,0.263,0.051,18112.22,17530,39.11,39.167,39.459,39.536,18112.22,16379.08,1.81,345330,,,  ,57.1,,,,,,,,,,
61,39.538,39.58,39.606,5669.07,13044.79,0.02,0.05,0,0.068,0.044,16004.99,16129,39.459,39.536,39.599,39.631,16004.99,15724.2,0.61,21499,,,  ,69.1,,,,,,,,,,
62,39.606,39.669,39.784,20905.09,90606.11,0.17,0.17,0.03,0.178,0.053,16129,15343,39.599,39.631,39.771,39.835,15724.2,14984.15,2.7,36365,,,  ,57.1,,,,,,,,,,
63,39.809,39.886,39.924,35162,122103.55,0.23,0.29,0.04,0.115,0.073,15442,35149,39.771,39.835,39.924,39.937,13863,13863,1.04,49025,,,  ,55.1,,,,,,,,,,
64,39.924,39.981,40.032,113703,408260.31,0.75,0.94,0.12,0.108,0.054,35149,40774,39.924,39.937,40.026,40.038,13863,13863,1,127566,,,  ,55.1,,,,,,,,,,
65,40.032,40.089,40.134,117465,519339.21,0.96,0.97,0.15,0.102,0.08,40774,108968,40.026,40.038,40.127,40.14,13863,13863,0.8,131328,,,  ,55.1,,,,,,,,,,
66,40.134,40.267,40.293,1645827,7340724.95,13.57,13.54,2.11,0.159,0.071,108968,1369567,40.127,40.14,40.287,40.293,13863,13863,0.26,1659690,,,  ,57.1,,,,,,,,,,
67,40.293,40.331,40.477,2445839,8734195.88,16.15,20.13,2.51,0.185,0.065,1369567,65814,40.287,40.293,40.477,40.496,13863,13863,1.37,2459702,,,  ,57.1,,,,,,,,,,
68,40.509,40.649,40.77,7685621.77,29777114.12,55.05,63.25,8.54,0.261,0.057,73441,104115,40.477,40.496,40.904,40.948,27438.19,31700.44,0.35,7715347,,,  ,57.1,,,,,,,,,,
69,40.942,41.005,41.145,269290.67,1175134.91,2.17,2.22,0.34,0.203,0.063,53011,40439.25,40.904,40.948,41.164,41.234,42487.89,40439.25,1.79,311138,,,  ,57.1,,,,,,,,,,
70,41.248,41.387,41.463,62750.23,352885.95,0.65,0.52,0.1,0.216,0.065,39409.4,46008,41.164,41.234,41.457,41.489,39409.4,37234.99,0.81,100754,,,  ,57.1,,,,,,,,,,
71,41.463,41.591,41.623,170881.13,769399.95,1.42,1.41,0.22,0.159,0.085,46008,157779,41.457,41.489,41.616,41.629,37234.99,35633.5,0.44,206835,,,  ,57.1,,,,,,,,,,
72,41.623,41.642,41.795,133081.65,653045.36,1.21,1.1,0.19,0.172,0.093,157779,33899.77,41.616,41.629,41.813,41.845,35633.5,33899.77,4.45,168523,,,  ,57.1,,,,,,,,,,
73,41.859,41.909,41.997,114402.12,368623.68,0.68,0.94,0.11,0.138,0.049,33251.47,31860.32,41.813,41.845,42.176,42.246,33251.47,31860.32,1.54,147153,,,  ,57.1,,,,,,,,,,
74,42.246,42.297,42.354,7892.31,30307.91,0.06,0.06,0.01,0.108,0.068,18690,19669,42.176,42.246,42.348,42.386,18690,19669,1.2,27043,,,  ,57.1,,,,,,,,,,
75,42.418,42.545,42.577,493085.5,1841154.11,3.4,4.06,0.53,0.159,0.066,28168,378563,42.348,42.386,42.57,42.583,20633.5,20633.5,0.45,513719,,,  ,55.1,,,,,,,,,,
76,42.577,42.647,42.698,1958241.5,7206837.69,13.32,16.12,2.07,0.121,0.053,378563,371827,42.57,42.583,42.698,42.704,20633.5,20633.5,0.75,1978875,,,  ,55.1,,,,,,,,,,
77,42.698,42.742,42.768,505916.5,1918392.37,3.55,4.16,0.55,0.07,0.076,371827,482208,42.698,42.704,42.761,42.774,20633.5,20633.5,0.71,526550,,,  ,55.1,,,,,,,,,,
78,42.768,42.92,42.952,9149777.42,43102269.36,79.68,75.3,12.36,0.185,0.073,482208,2708152,42.761,42.774,42.946,42.952,61781.96,81041.92,0.31,9227498,,,  ,97.1,,,,,,,,,,
79,42.952,42.997,43.118,6313568.19,19869217.87,36.73,51.96,5.7,0.165,0.051,2708152,192748,42.946,42.952,43.111,43.124,219662.33,179321.51,0.76,6522370,,,  ,57.1,,,,,,,,,,
80,43.118,43.207,43.328,3423189.54,10561390.35,19.53,28.17,3.03,0.21,0.045,192748,135688,43.111,43.124,43.461,43.487,179321.51,128124.22,0.68,3580790,,,  ,57.1,,,,,,,,,,
81,43.495,43.544,43.611,108614.21,359011.72,0.66,0.89,0.1,0.116,0.052,97775.75,90044.06,43.461,43.487,43.658,43.728,97775.75,90044.06,1.35,203147,,,  ,57.1,,,,,,,,,,
82,43.747,43.798,43.817,115336.01,329776.13,0.61,0.95,0.09,0.071,0.064,79365.08,176248,43.658,43.728,43.811,43.83,79365.08,75217.32,0.68,191675,,,  ,43.1,,,,,,,,,,
83,43.817,43.856,43.97,164225.03,737123.41,1.36,1.35,0.21,0.153,0.081,176248,82414,43.811,43.83,43.945,43.983,75217.32,66242.96,1.94,237199,,,  ,55.1,,,,,,,,,,
84,43.97,44.097,44.319,218136.51,1571027.59,2.9,1.8,0.45,0.349,0.093,82414,45736.52,43.945,43.983,44.326,44.371,66242.96,45736.52,0.82,276901,,,  ,57.1,,,,,,,,,,
85,44.371,44.403,44.511,17001.57,64439.74,0.12,0.14,0.02,0.14,0.048,45897,34747,44.326,44.371,44.619,44.714,45897,34747,1.3,60364,,,  ,57.1,,,,,,,,,,
86,44.676,44.772,44.816,8335.81,38729.1,0.07,0.07,0.01,0.14,0.072,30082,31527,44.619,44.714,44.797,44.861,30082,31527,0.49,39403,,,  ,57,,,,,,,,,,
87,44.937,45.077,45.128,4141941.49,16218163.52,29.98,34.09,4.65,0.191,0.053,130769,681771,44.797,44.861,45.128,45.134,34463.32,34951.77,0.62,4176763,,,  ,55.1,,,,,,,,,,
88,45.128,45.16,45.204,806114.85,3024728.5,5.59,6.63,0.87,0.076,0.076,681771,515587,45.128,45.134,45.198,45.204,34951.77,35147.11,1.4,841148,,,  ,55.1,,,,,,,,,,
89,45.204,45.382,45.503,9029986.44,46631711.46,86.21,74.31,13.38,0.299,0.065,515587,307952,45.198,45.204,45.542,45.561,80907.62,105289.35,0.42,9125419,,,  ,57.1,,,,,,,,,,
90,45.554,45.605,45.713,229611.84,922618.62,1.71,1.89,0.26,0.159,0.058,214206,122549,45.542,45.561,45.802,45.898,149531.2,122258.24,0.95,370415,,,  ,57.1,,,,,,,,,,
91,45.866,45.942,46.037,51332.08,208310.47,0.39,0.42,0.06,0.171,0.062,98698.43,81381.3,45.802,45.898,46.057,46.114,98698.43,81381.3,0.39,142317,,,  ,57.1,,,,,,,,,,
92,46.12,46.216,46.343,74036.26,427269.8,0.79,0.61,0.12,0.223,0.073,80241.7,90776,46.057,46.114,46.305,46.356,80241.7,77229.16,1.8,152982,,,  ,55.1,,,,,,,,,,
93,46.343,46.566,46.922,104583.99,1713285.17,3.17,0.86,0.49,0.579,0.268,90776,69920,46.305,46.356,46.992,47.081,77229.16,69418.39,0.94,178809,,,  ,257.2,,,,,,,,,,
94,47.248,47.342,47.488,404498.72,2178687.16,4.03,3.33,0.63,0.24,0.065,65728.69,123435,47.132,47.24,47.482,47.507,65728.69,62852.71,2.73,469104,,,  ,55.1,,,,,,,,,,
95,47.488,47.571,47.609,189530.86,890190.43,1.65,1.56,0.26,0.121,0.082,123435,202851,47.482,47.507,47.596,47.616,62852.71,61404.78,0.5,251393,,,  ,57.1,,,,,,,,,,
96,47.609,47.628,47.972,160373.79,940767.46,1.74,1.32,0.27,0.363,0.085,202851,60066,47.596,47.616,48.08,48.169,61404.78,57061.21,5.13,221550,,,  ,57.1,,,,,,,,,,
97,48.17,48.22,48.308,6494.71,31239.21,0.06,0.05,0.01,0.138,0.076,54690.61,53038.1,48.08,48.169,48.309,48.43,54690.61,53038.1,1.67,60584,,,  ,207,,,,,,,,,,
98,49.659,49.721,50.101,20571.52,182772.42,0.34,0.17,0.05,0.442,0.11,38803.43,38449.89,49.505,49.651,50.663,50.797,38803.43,38449.89,3.4,59325,,,  ,207,,,,,,,,,,
99,51.068,51.153,51.426,34862.17,286308.62,0.53,0.29,0.08,0.358,0.104,35326.19,40097,50.879,51.083,51.331,51.439,35326.19,35797.5,4.86,70300,,,  ,207,,,,,,,,,,
100,51.426,51.452,51.711,8336.04,73673.49,0.14,0.07,0.02,0.285,0.307,40097,36171.77,51.331,51.439,51.566,51.776,35797.5,36171.77,2.13,44167,,,  ,207,,,,,,,,,,
101,51.713,52.094,52.176,7666.93,120446.32,0.22,0.06,0.03,0.464,0.562,35578,35428.55,51.566,51.776,52.629,52.909,35369.21,35428.55,0.15,43085,,,  ,207,,,,,,,,,,
102,53.055,53.386,53.863,34008.17,708359.36,1.31,0.28,0.2,0.807,0.332,34728.51,40496.14,52.629,52.909,53.977,54.187,34728.51,40496.14,1.79,71097,,,  ,257.2,,,,,,,,,,
103,54.461,54.576,54.83,208146.38,1681093.28,3.11,1.71,0.48,0.368,0.118,46639.29,63771.35,54.283,54.429,54.824,54.875,46639.29,63771.35,2.37,260089,,,  ,55.1,,,,,,,,,,
104,54.91,54.995,55.094,33207.52,198614.06,0.37,0.27,0.06,0.184,0.101,83573.67,96034.82,54.824,54.875,55.072,55.142,83573.67,96034.82,2.04,122574,,,  ,55.1,,,,,,,,,,
105,57.105,57.699,57.973,27522.64,765112.29,1.41,0.23,0.22,0.868,0.47,41415.82,52056,56.408,57.019,57.928,57.992,41415.82,50040.66,0.71,74845,,,  ,257.2,,,,,,,,,,
,,,,,,,,,,,,,,,,,,,,,,,,,,,,,,,,,,
 + TIC Scan DR_346.D ,,,,,,,,,,,,,,,,,,,,,,,,,,,,,,,,,,
Peak ,Start,RT,End,Height,Area,Area %,Height %,Area Sum %,Width,FWHM,Start Y,End Y,B1 Start,B1 End,B2 Start,B2 End,Start BL Y,End BL Y,Symmetry,Max Y,SNR,Height % (Norm),Baseline,Base Peak,k',Label,Cpd,Type,Plates,Plates/M,Resolution,Saturated,Tailing factor,Flags (Tgt)
1,4.093,4.125,4.303,52473.51,223072.43,0.34,0.44,0.06,0.21,0.051,42853,24109,4.093,4.1,5.595,6.059,23512.42,20739.96,3.59,75566,,,  ,281,,,,,,,,,,
2,6.05,6.116,6.231,7142.5,34411.47,0.05,0.06,0.01,0.181,0.081,8675.89,9234,5.595,6.059,6.301,6.46,8675.89,9009.46,1.99,15941,,,  ,43.1,,,,,,,,,,
3,6.462,6.524,6.624,13080.77,57194.3,0.09,0.11,0.02,0.162,0.07,9103.33,9319.65,6.301,6.46,6.759,6.816,9103.33,9319.65,1.21,22266,,,  ,43.1,,,,,,,,,,
4,6.813,6.854,6.893,4288.57,11572.43,0.02,0.04,0,0.079,0.057,8285.01,9717,6.759,6.816,6.861,6.905,8285.01,8084.78,1.41,12470,,,  ,43.1,,,,,,,,,,
5,6.893,6.905,7.032,5369.42,19056.02,0.03,0.05,0.01,0.14,0.054,9717,7730.6,6.861,6.899,7.147,7.408,8084.78,7730.6,2.1,13422,,,  ,43.1,,,,,,,,,,
6,7.402,7.446,7.561,20559.31,64623.83,0.1,0.17,0.02,0.158,0.037,7006.11,8796,7.147,7.408,9.151,9.781,7006.11,6712.03,2.35,27484,,,  ,73.1,,,,,,,,,,
7,11.707,11.753,11.81,20173.85,53364.01,0.08,0.17,0.01,0.103,0.04,4479.36,4766,10.462,11.709,11.81,12.389,4479.36,4629.66,1.44,24720,,,  ,73.1,,,,,,,,,,
8,15.952,15.984,16.035,2570.68,5965.98,0.01,0.02,0,0.083,0.035,3333.9,3551,15.787,15.952,15.997,16.073,3333.9,3342.79,1.61,5908,,,  ,73,,,,,,,,,,
9,16.047,16.111,16.251,2370.14,14619.19,0.02,0.02,0,0.204,0.17,3022,3272,15.997,16.073,16.817,17.014,3022,3107.94,1.22,5419,,,  ,41.1,,,,,,,,,,
10,17.937,18.001,18.039,1320.35,4497.66,0.01,0.01,0,0.102,0.313,2497,2064,17.702,17.994,18.936,19.884,2335.09,2064,0.12,3486,,,  ,57,,,,,,,,,,
11,19.884,19.941,20.017,2659.17,11659.17,0.02,0.02,0,0.134,0.07,2709,2792,18.936,19.884,20.049,20.221,2601.56,2625.53,1.35,5271,,,  ,73,,,,,,,,,,
12,23.186,23.275,23.402,5951.38,34000.52,0.05,0.05,0.01,0.216,0.089,2505,2615,23.103,23.16,23.389,23.434,2332.16,2410.99,1.49,8316,,,  ,73,,,,,,,,,,
13,23.402,23.472,23.593,4714.51,25615.09,0.04,0.04,0.01,0.191,0.08,2615,2571,23.389,23.434,23.675,23.943,2410.99,2480.54,1.9,7151,,,  ,41,,,,,,,,,,
14,24,24.07,24.731,36919.27,470335.87,0.71,0.31,0.13,0.732,0.13,2512,4946,23.675,23.943,25.559,26.233,2375.25,2296.6,8.9,39287,,,  ,55.1,,,,,,,,,,
15,26.227,26.265,26.322,2072.6,6598.71,0.01,0.02,0,0.095,0.638,1462,1913,25.559,26.233,26.303,26.519,1462,1913,0.11,3715,,,  ,73,,,,,,,,,,
16,27.168,27.232,27.269,1022.65,3046.59,0,0.01,0,0.1,0.548,2135,2009.63,26.716,27.149,27.378,27.753,2025.25,2009.63,0.07,3038,,,  ,44,,,,,,,,,,
17,27.811,27.919,27.986,1776.66,8292.1,0.01,0.01,0,0.176,0.116,2983,3365.39,27.378,27.753,27.989,28.154,2899.85,3365.39,0.73,4963,,,  ,41,,,,,,,,,,
18,28.193,28.294,28.504,11593.07,84974.54,0.13,0.1,0.02,0.311,0.109,4195.2,4823,27.989,28.154,28.74,29.013,4195.2,4731.32,3.1,15963,,,  ,57.1,,,,,,,,,,
19,29,29.039,29.083,1925.14,5268.46,0.01,0.02,0,0.083,0.325,2274,2015,28.74,29.013,29.102,29.446,2148.45,2015,0.14,4012,,,  ,73,,,,,,,,,,
20,29.956,30.025,30.364,56840.34,330602.83,0.5,0.48,0.09,0.408,0.08,3001.18,2909.11,29.649,29.942,30.343,30.432,3001.18,2909.11,2.91,59826,,,  ,55.1,,,,,,,,,,
21,30.435,30.464,30.531,5180.72,13081.52,0.02,0.04,0,0.095,0.038,3905.32,3208.47,30.343,30.432,30.724,30.845,3905.32,3208.47,2.08,8879,,,  ,43,,,,,,,,,,
22,30.917,30.992,31.17,2330059.42,10913493.78,16.45,19.56,3.01,0.253,0.056,4787.31,255244,30.724,30.845,31.157,31.176,4787.31,40491.36,4.02,2345404,,,  ,55.1,,,,,,,,,,
23,31.17,31.189,31.462,170900.48,1036697.94,1.56,1.43,0.29,0.293,0.075,255244,76682,31.157,31.176,31.596,31.615,102317.66,75493.81,4.97,271469,,,  ,55.1,,,,,,,,,,
24,31.619,31.672,31.787,601963.24,1770542.13,2.67,5.05,0.49,0.168,0.044,61330.71,47364,31.596,31.615,32.181,32.239,61330.71,46646.48,1.28,658618,,,  ,57.1,,,,,,,,,,
25,32.229,32.264,32.329,9414.47,30346.11,0.05,0.08,0.01,0.1,0.051,21392.45,18909.81,32.181,32.239,32.608,32.824,21392.45,18909.81,1.55,29929,,,  ,57.1,,,,,,,,,,
26,32.822,32.875,32.982,5850.06,28198.14,0.04,0.05,0.01,0.161,0.069,10657.22,10465.99,32.608,32.824,32.983,33.047,10657.22,10465.99,2,16444,,,  ,57.1,,,,,,,,,,
27,33.048,33.097,33.142,5515.49,17256.42,0.03,0.05,0,0.094,0.055,10692.37,10973,32.983,33.047,33.155,33.199,10692.37,10711.55,0.88,16218,,,  ,55,,,,,,,,,,
28,33.244,33.314,33.422,63512.58,207075.24,0.31,0.53,0.06,0.178,0.048,11189,10126,33.155,33.199,33.441,33.479,10337.17,9948.37,1.38,73697,,,  ,57.1,,,,,,,,,,
29,33.48,33.53,33.711,47817.49,262681.26,0.4,0.4,0.07,0.231,0.083,9936.94,9503.3,33.441,33.479,33.702,33.797,9936.94,9503.3,3.14,57660,,,  ,57.1,,,,,,,,,,
30,34.049,34.096,34.125,2292.67,5437.69,0.01,0.02,0,0.077,0.054,7762.55,7305.45,33.963,34.045,34.154,34.262,7762.55,7305.45,0.56,9772,,,  ,43,,,,,,,,,,
31,34.364,34.446,34.523,188447.73,675547.29,1.02,1.58,0.19,0.159,0.05,23719,26071,34.154,34.262,34.516,34.529,9807.94,13748.45,1.39,200305,,,  ,57.1,,,,,,,,,,
32,34.523,34.573,34.636,62327.78,186408.43,0.28,0.52,0.05,0.114,0.047,26071,16736.22,34.516,34.529,34.694,34.758,25618.14,16736.22,0.92,83973,,,  ,55.1,,,,,,,,,,
33,34.802,34.879,35.038,2156832.77,6550381.54,9.87,18.1,1.81,0.235,0.045,18210,26561,34.694,34.758,35.286,35.337,11248.87,10090.54,0.9,2167706,,,  ,57.1,,,,,,,,,,
34,35.345,35.401,35.566,84112.5,347351.47,0.52,0.71,0.1,0.221,0.058,10779.36,9543,35.286,35.337,35.547,35.617,10779.36,9322.59,1.99,94526,,,  ,57.1,,,,,,,,,,
35,35.566,35.649,35.693,6436.63,21258.92,0.03,0.05,0.01,0.127,0.047,9543,8937,35.547,35.617,35.712,35.808,9127.49,8628.83,0.37,15240,,,  ,57.1,,,,,,,,,,
36,35.808,35.846,35.897,3807.01,9121.52,0.01,0.03,0,0.089,0.034,7534.78,8482,35.712,35.808,35.859,35.935,7534.78,8338.72,2.1,11685,,,  ,57.1,,,,,,,,,,
37,35.942,35.986,36.081,14288.87,54412.68,0.08,0.12,0.01,0.139,0.057,9513.05,10088,35.859,35.935,36.062,36.1,9513.05,9602.78,2.52,23830,,,  ,57.1,,,,,,,,,,
38,36.081,36.145,36.196,6894.13,29292,0.04,0.06,0.01,0.115,0.073,10088,11822,36.062,36.1,36.177,36.208,9602.78,9676.75,1.04,16538,,,  ,57.1,,,,,,,,,,
39,36.196,36.259,36.323,16388.16,73981.64,0.11,0.14,0.02,0.127,0.076,11822,16452,36.177,36.208,36.304,36.329,9676.75,9758.95,0.85,26106,,,  ,55,,,,,,,,,,
40,36.323,36.374,36.565,212731.19,738965.32,1.11,1.79,0.2,0.242,0.049,16452,10118,36.304,36.329,36.546,36.584,9758.95,9915.1,2,222523,,,  ,57.1,,,,,,,,,,
41,36.571,36.635,36.791,59644.69,291928.01,0.44,0.5,0.08,0.22,0.073,10273,10061.34,36.546,36.584,36.781,36.832,9919.22,10061.34,2.5,69605,,,  ,57.1,,,,,,,,,,
42,36.832,36.876,36.953,12766.53,45038.8,0.07,0.11,0.01,0.121,0.058,10118,10166.16,36.781,36.832,36.959,37.004,10087.7,10166.16,1.47,22883,,,  ,57.1,,,,,,,,,,
43,37.009,37.036,37.074,5068.32,10096.31,0.02,0.04,0,0.065,0.039,10915.44,10860.21,36.959,37.004,37.074,37.106,10915.44,10860.21,1.47,15961,,,  ,43.1,,,,,,,,,,
44,37.335,37.449,37.525,342432.96,1440084.54,2.17,2.87,0.4,0.191,0.053,18426,88406,37.188,37.207,37.519,37.532,12034.36,13678.72,1.05,355454,,,  ,57.1,,,,,,,,,,
45,37.525,37.57,37.697,182812.58,698618.2,1.05,1.53,0.19,0.171,0.058,88406,15153.07,37.519,37.532,37.672,37.71,13678.72,15153.07,1.23,196875,,,  ,57.1,,,,,,,,,,
46,37.754,37.888,38.009,7065859.25,25627103.96,38.63,59.3,7.06,0.254,0.055,38079,64239,37.672,37.71,38.168,38.225,19954.64,23320.65,0.34,7087581,,,  ,57.1,,,,,,,,,,
47,38.223,38.295,38.466,328706.06,1483881.85,2.24,2.76,0.41,0.243,0.062,27986.83,24806.39,38.168,38.225,38.486,38.518,27986.83,24806.39,1.99,355754,,,  ,57.1,,,,,,,,,,
48,38.624,38.645,38.79,8620.44,54223.26,0.08,0.07,0.01,0.166,0.124,23006.51,21009.97,38.582,38.62,38.779,38.804,23006.51,21009.97,6.22,31372,,,  ,57.1,,,,,,,,,,
49,38.794,38.881,38.919,27417.27,106101.59,0.16,0.23,0.03,0.125,0.068,20965.97,32539,38.779,38.804,38.912,38.938,20965.97,19466.17,0.78,47342,,,  ,57.1,,,,,,,,,,
50,38.919,39.001,39.061,29917.01,147034.44,0.22,0.25,0.04,0.143,0.105,32539,17754.68,38.912,38.938,39.097,39.154,19466.17,17754.68,0.48,48390,,,  ,57.1,,,,,,,,,,
51,39.176,39.237,39.389,357226.85,1217795.42,1.84,3,0.34,0.214,0.048,16525.32,16602,39.097,39.154,39.491,39.542,16525.32,14008.24,1.56,373033,,,  ,57.1,,,,,,,,,,
52,39.631,39.669,39.788,18798.56,74967.05,0.11,0.16,0.02,0.157,0.052,14007.38,13661.71,39.587,39.625,39.778,39.835,14007.38,13661.71,2.89,32722,,,  ,57.1,,,,,,,,,,
53,39.839,39.898,39.924,18549.55,54237.31,0.08,0.16,0.01,0.085,0.063,14605.14,27751,39.778,39.835,39.918,39.937,14605.14,15426.7,0.87,33731,,,  ,55,,,,,,,,,,
54,39.924,39.975,40.032,62705.8,220735.54,0.33,0.53,0.06,0.108,0.053,27751,32533,39.918,39.937,40.019,40.038,15426.7,16468.89,1.11,78623,,,  ,55.1,,,,,,,,,,
55,40.032,40.089,40.134,99955.26,392282.42,0.59,0.84,0.11,0.102,0.08,32533,75170,40.019,40.038,40.121,40.14,16468.89,17449.88,0.73,116976,,,  ,55.1,,,,,,,,,,
56,40.134,40.267,40.28,953470.68,4203395.66,6.34,8,1.16,0.146,0.08,75170,905084,40.121,40.14,40.28,40.287,17449.88,18859.86,0.18,972208,,,  ,57.1,,,,,,,,,,
57,40.28,40.325,40.49,2109889.99,8039940.7,12.12,17.71,2.22,0.21,0.056,905084,51127,40.28,40.287,40.484,40.503,18859.86,20883.04,1.44,2129179,,,  ,57.1,,,,,,,,,,
58,40.516,40.668,40.751,9499078.23,37763042.94,56.93,79.73,10.41,0.235,0.061,67135,170259,40.484,40.503,40.929,40.948,40855.1,49766.83,0.26,9545714,,,  ,57.1,,,,,,,,,,
59,40.935,41.005,41.151,284933.16,1254301.07,1.89,2.39,0.35,0.216,0.066,55339,41596.16,40.929,40.948,41.164,41.228,55339,41596.16,1.86,335820,,,  ,57.1,,,,,,,,,,
60,41.257,41.387,41.476,85150.19,439343.47,0.66,0.71,0.12,0.219,0.063,46596.88,54645,41.164,41.228,41.451,41.495,46596.88,41335.68,0.89,128627,,,  ,57.1,,,,,,,,,,
61,41.476,41.591,41.616,217876.25,926462.96,1.4,1.83,0.26,0.14,0.085,54645,212077,41.451,41.495,41.61,41.629,41335.68,37970.94,0.41,256459,,,  ,57.1,,,,,,,,,,
62,41.616,41.642,41.82,194115.87,1006538.73,1.52,1.63,0.28,0.204,0.098,212077,33580,41.61,41.629,41.807,41.839,37970.94,33076.87,3.52,231475,,,  ,57.1,,,,,,,,,,
63,41.841,41.909,42.068,261230.28,950127.91,1.43,2.19,0.26,0.227,0.052,34464.5,28819,41.807,41.839,42.144,42.246,34464.5,28357.15,1.34,293863,,,  ,57.1,,,,,,,,,,
64,42.248,42.297,42.346,9960.62,30276.28,0.05,0.08,0.01,0.099,0.053,21845.56,22908,42.144,42.246,42.341,42.386,21845.56,22908,1.53,32337,,,  ,57.1,,,,,,,,,,
65,42.418,42.545,42.577,533407.5,2059932.95,3.11,4.48,0.57,0.159,0.065,34018,456996,42.341,42.386,42.57,42.583,21396.5,21396.5,0.45,554804,,,  ,55.1,,,,,,,,,,
66,42.577,42.653,42.704,2891368.5,10853987.95,16.36,24.27,2.99,0.127,0.055,456996,507042,42.57,42.583,42.704,42.71,21396.5,21396.5,0.69,2912765,,,  ,55.1,,,,,,,,,,
67,42.704,42.742,42.78,742464.5,2845387.07,4.29,6.23,0.78,0.076,0.083,507042,571817,42.704,42.71,42.774,42.787,21396.5,21396.5,1.17,763861,,,  ,55.1,,,,,,,,,,
68,42.78,42.933,42.965,10810032.4,52704932.71,79.45,90.73,14.52,0.184,0.076,571817,3340605,42.774,42.787,42.959,42.965,87664.09,109134.53,0.29,10915466,,,  ,97.1,,,,,,,,,,
69,42.965,43.022,43.124,8756048.72,29555248.96,44.56,73.49,8.14,0.159,0.055,3340605,256990,42.959,42.965,43.124,43.13,188962.83,174943.97,0.51,8939964,,,  ,57.1,,,,,,,,,,
70,43.124,43.238,43.359,7065141.68,23667753.95,35.68,59.3,6.52,0.235,0.049,256990,187326,43.124,43.13,43.467,43.499,174943.97,154195.52,0.44,7229992,,,  ,57.1,,,,,,,,,,
71,43.507,43.55,43.606,126892.24,400169.15,0.6,1.07,0.11,0.1,0.053,141213.43,132438.03,43.467,43.499,43.658,43.728,141213.43,132438.03,1.26,264266,,,  ,57.1,,,,,,,,,,
72,43.754,43.798,43.817,154872.55,418728.46,0.63,1.3,0.12,0.064,0.054,119429.87,259084,43.658,43.728,43.811,43.824,119429.87,113820.95,0.62,270377,,,  ,43.1,,,,,,,,,,
73,43.817,43.868,43.976,310923.97,1301546.89,1.96,2.61,0.36,0.159,0.068,259084,124110,43.811,43.824,43.951,43.989,113820.95,99802.09,1.08,420260,,,  ,55.1,,,,,,,,,,
74,43.976,44.104,44.282,381471.42,2457397.57,3.7,3.2,0.68,0.305,0.088,124110,73825,43.951,43.989,44.32,44.371,99802.09,72886.69,0.91,470059,,,  ,57.1,,,,,,,,,,
75,44.358,44.415,44.473,40984.94,126863.87,0.19,0.34,0.03,0.115,0.051,61689,55019,44.32,44.371,44.511,44.562,61172.69,54492.46,0.83,98818,,,  ,57.1,,,,,,,,,,
76,44.587,44.753,44.81,13804.48,89715.44,0.14,0.12,0.02,0.222,0.19,48113.45,44637,44.511,44.562,44.81,44.861,48113.45,43939.73,0.31,58819,,,  ,57.1,,,,,,,,,,
77,44.95,45.103,45.153,7670891.5,33157417.86,49.99,64.38,9.14,0.204,0.06,247006,1365430,44.81,44.861,45.147,45.153,47976.5,47976.5,0.53,7718868,,,  ,55.1,,,,,,,,,,
78,45.153,45.173,45.217,1535075.5,4739635.5,7.15,12.88,1.31,0.064,0.076,1365430,836204,45.147,45.153,45.217,45.223,47976.5,47976.5,2,1583052,,,  ,55.1,,,,,,,,,,
79,45.217,45.408,45.529,11914539.9,66333592.71,100,100,18.28,0.312,0.069,836204,373004,45.217,45.223,45.548,45.567,114578.17,147376.61,0.35,12049198,,,  ,97.1,,,,,,,,,,
80,45.554,45.618,45.771,592506.21,2486748.51,3.75,4.97,0.69,0.216,0.056,323810,166077,45.548,45.567,45.777,45.898,157706.54,147779.24,0.97,747293,,,  ,57.1,,,,,,,,,,
81,45.828,45.942,46.013,107453.05,474691.98,0.72,0.9,0.13,0.185,0.059,160841,136746.15,45.777,45.898,46.082,46.108,144952.73,136746.15,0.31,247327,,,  ,57.1,,,,,,,,,,
82,46.13,46.216,46.33,173421.9,953009.9,1.44,1.46,0.26,0.2,0.07,131434.05,170002,46.082,46.108,46.305,46.349,131434.05,122173.83,1.79,300893,,,  ,55.1,,,,,,,,,,
83,46.33,46.572,46.98,314575.73,4813707.4,7.26,2.64,1.33,0.65,0.237,170002,92118.06,46.305,46.349,46.986,47.056,122173.83,92118.06,0.85,425566,,,  ,257.2,,,,,,,,,,
84,47.056,47.075,47.114,7378.06,14227.52,0.02,0.06,0,0.058,0.033,89429,85947.28,46.986,47.056,47.189,47.221,88624.69,85947.28,1.05,95120,,,  ,57.1,,,,,,,,,,
85,47.24,47.342,47.495,1005955.74,5273408.02,7.95,8.44,1.45,0.254,0.062,88180,203618,47.189,47.221,47.488,47.507,82429.8,96680.01,2.69,1094086,,,  ,55.1,,,,,,,,,,
86,47.495,47.571,47.609,264532.7,1131677.44,1.71,2.22,0.31,0.115,0.08,203618,308299,47.488,47.507,47.603,47.615,148196.21,130931.83,0.54,401221,,,  ,57.1,,,,,,,,,,
87,47.609,47.628,47.749,196826.15,748623.34,1.13,1.65,0.21,0.14,0.062,308299,111085,47.603,47.615,48.048,48.163,130931.83,109830.63,3.14,324881,,,  ,57.1,,,,,,,,,,
88,48.163,48.194,48.371,12360.14,78814.34,0.12,0.1,0.02,0.208,0.087,70612.03,65189.48,48.048,48.163,48.334,48.43,70612.03,65189.48,3.49,82162,,,  ,57.1,,,,,,,,,,
89,48.373,48.481,48.576,12711.6,80586.13,0.12,0.11,0.02,0.203,0.127,64794.67,60938,48.334,48.43,49.511,49.645,64794.67,60173.06,0.61,75053,,,  ,207,,,,,,,,,,
90,49.659,49.734,50.068,27122.47,213529.07,0.32,0.23,0.06,0.409,0.102,45848.2,45691.83,49.511,49.645,50.555,50.822,45848.2,45691.83,2.85,72942,,,  ,207,,,,,,,,,,
91,50.847,50.86,50.898,5177.44,7098.22,0.01,0.04,0,0.051,0.041,38386,37762.77,50.555,50.822,50.892,51.095,37903.88,37762.77,1.13,43046,,,  ,207,,,,,,,,,,
92,51.093,51.172,51.439,24102.26,179458.59,0.27,0.2,0.05,0.346,0.099,38107.22,38779,50.892,51.095,51.611,52.024,38107.22,38254.73,3.11,62243,,,  ,207,,,,,,,,,,
93,51.897,52.037,52.565,5887.89,123218.76,0.19,0.05,0.03,0.668,0.606,34365,30767,51.611,52.024,52.412,53.042,34365,30767,0.62,39499,,,  ,207,,,,,,,,,,
94,53.191,53.475,53.768,15809.2,296755.14,0.45,0.13,0.08,0.576,0.402,37635.51,44891,52.412,53.042,53.729,53.977,37635.51,44164.83,1.66,56658,,,  ,207,,,,,,,,,,
95,54.032,54.238,54.416,23223.09,283573.81,0.43,0.19,0.08,0.384,0.204,47917.25,52771.22,53.729,53.977,54.397,54.461,47917.25,52771.22,1.08,73752,,,  ,207,,,,,,,,,,
96,54.461,54.588,54.756,60851.51,481532.29,0.73,0.51,0.13,0.295,0.119,54681.54,58745.52,54.397,54.461,54.792,54.894,54681.54,58745.52,1.47,117282,,,  ,69.1,,,,,,,,,,
97,54.908,55.199,55.873,109299.04,2424363.53,3.65,0.92,0.67,0.965,0.299,58502.2,55754,54.792,54.894,56.49,56.98,58502.2,55602.84,1.93,166927,,,  ,257.2,,,,,,,,,,
98,57.133,57.661,57.992,40615.17,1177714.01,1.78,0.34,0.32,0.859,0.49,50733,66400,56.49,56.98,57.96,57.992,50572.1,59177.41,0.82,96478,,,  ,257.2,,,,,,,,,,
,,,,,,,,,,,,,,,,,,,,,,,,,,,,,,,,,,
 + TIC Scan DR_349.D ,,,,,,,,,,,,,,,,,,,,,,,,,,,,,,,,,,
Peak ,Start,RT,End,Height,Area,Area %,Height %,Area Sum %,Width,FWHM,Start Y,End Y,B1 Start,B1 End,B2 Start,B2 End,Start BL Y,End BL Y,Symmetry,Max Y,SNR,Height % (Norm),Baseline,Base Peak,k',Label,Cpd,Type,Plates,Plates/M,Resolution,Saturated,Tailing factor,Flags (Tgt)
1,4.093,4.131,4.214,25049.78,79724.37,0.1,0.16,0.02,0.121,0.046,42127,30401,4.093,4.1,4.596,4.691,34336.12,29877.57,1.25,57978,,,  ,281,,,,,,,,,,
2,6.022,6.11,6.199,7131.23,32139.2,0.04,0.05,0.01,0.177,0.071,10539.95,11075,5.766,6.021,6.174,6.46,10539.95,10903.06,1,17852,,,  ,43.1,,,,,,,,,,
3,6.447,6.504,6.625,14183.99,66728.73,0.08,0.09,0.01,0.177,0.074,11127,10886.22,6.174,6.46,6.651,6.81,10820.94,10886.22,1.93,25026,,,  ,43,,,,,,,,,,
4,6.812,6.835,6.88,4680.61,12333.89,0.01,0.03,0,0.068,0.045,10210.5,11251,6.651,6.81,6.867,6.886,10210.5,9973.52,2.27,14809,,,  ,43.1,,,,,,,,,,
5,6.88,6.912,6.994,6022.14,18970.28,0.02,0.04,0,0.115,0.057,11251,9768,6.867,6.886,7.064,7.414,9973.52,9575.25,1.4,15885,,,  ,43.1,,,,,,,,,,
6,7.408,7.446,7.605,12885.3,49136.15,0.06,0.08,0.01,0.197,0.043,8690,8273,7.064,7.414,10.786,11.664,8535.52,8019.72,2.61,21321,,,  ,73,,,,,,,,,,
7,11.702,11.753,11.81,15845.93,40695.72,0.05,0.1,0.01,0.108,0.038,5255,5612,10.786,11.664,11.804,12.167,5201.85,5391.43,1.35,21137,,,  ,73.1,,,,,,,,,,
8,15.933,15.977,16.022,2257.94,6674.94,0.01,0.01,0,0.089,1.221,3131,3795,14.813,15.952,16.003,16.086,3131,3795,0.09,5721,,,  ,73.1,,,,,,,,,,
9,16.057,16.13,16.162,1344.5,4368.64,0.01,0.01,0,0.105,0.078,3952.23,4110,16.003,16.086,18.484,18.796,3952.23,3997.12,0.46,5328,,,  ,57.1,,,,,,,,,,
10,19.89,19.928,20.043,2938.01,13600.31,0.02,0.02,0,0.153,0.097,2446,2354,19.216,19.871,19.998,20.774,2446,2354,2.55,5361,,,  ,73.1,,,,,,,,,,
11,23.224,23.268,23.37,3296.61,12255.27,0.01,0.02,0,0.146,0.057,3256,3136,22.772,23.224,23.325,23.459,3103.1,3104.05,2.16,6400,,,  ,73,,,,,,,,,,
12,24.039,24.102,24.464,13098.22,141252.62,0.17,0.08,0.03,0.425,0.176,3773.77,4617,23.822,24.032,24.458,24.579,3773.77,4466.73,5.88,16974,,,  ,41.1,,,,,,,,,,
13,26.252,26.265,26.296,1476.23,2272.9,0,0.01,0,0.045,0.03,2387,2486,26.01,26.252,26.29,26.436,2358.99,2372.24,2.56,3839,,,  ,73.1,,,,,,,,,,
14,27.01,27.155,27.194,1570.27,10573.94,0.01,0.01,0,0.184,0.157,2617.65,2828,26.831,26.996,27.588,27.722,2617.65,2761.6,0.26,4302,,,  ,41.1,,,,,,,,,,
15,27.781,27.817,27.944,2826.18,12449.36,0.01,0.02,0,0.163,0.141,4536.21,5231,27.588,27.722,27.982,28.116,4536.21,5076.64,4.22,7481,,,  ,55,,,,,,,,,,
16,28.205,28.275,28.453,37422.73,202251.69,0.24,0.24,0.04,0.248,0.077,8811,10638,27.982,28.116,28.867,29.013,7504.15,10599.67,3.72,45800,,,  ,57.1,,,,,,,,,,
17,29.477,29.554,29.668,2793.71,16295.52,0.02,0.02,0,0.19,0.098,3182,3520.36,29.274,29.369,29.687,29.891,3044.03,3520.36,1.59,6029,,,  ,41.1,,,,,,,,,,
18,29.95,30.012,30.152,68321.87,347994.85,0.42,0.43,0.07,0.202,0.076,3762.83,9717,29.687,29.891,30.133,30.19,3762.83,3933.17,3.26,72137,,,  ,57.1,,,,,,,,,,
19,30.152,30.203,30.317,8211.9,43495.41,0.05,0.05,0.01,0.165,0.115,9717,4072.35,30.133,30.19,30.336,30.413,3933.17,4072.35,1.34,12188,,,  ,57,,,,,,,,,,
20,30.413,30.464,30.581,11939.92,42273.67,0.05,0.08,0.01,0.167,0.053,3840.15,3623.8,30.336,30.413,30.674,30.826,3840.15,3623.8,1.57,15715,,,  ,43.1,,,,,,,,,,
21,30.92,30.992,31.151,1812467.8,8989696.83,10.8,11.45,1.92,0.231,0.061,8127.95,270713,30.674,30.826,31.138,31.151,8127.95,17360.65,3.65,1823459,,,  ,55.1,,,,,,,,,,
22,31.151,31.195,31.278,471176.94,2164916.69,2.6,2.98,0.46,0.127,0.091,270713,160593,31.138,31.151,31.265,31.284,17360.65,22455.93,1.56,490321,,,  ,55.1,,,,,,,,,,
23,31.278,31.316,31.532,167435.61,1226759.93,1.47,1.06,0.26,0.254,0.103,160593,63397,31.265,31.284,31.488,31.545,22455.93,32647.18,4.5,191420,,,  ,55.1,,,,,,,,,,
24,31.609,31.691,31.812,2623866.91,7994867.01,9.61,16.57,1.71,0.204,0.045,67646,63054,31.488,31.545,32.035,32.099,19252.73,22600.87,0.69,2644480,,,  ,57.1,,,,,,,,,,
25,32.093,32.13,32.194,9423.15,30759.89,0.04,0.06,0.01,0.101,0.056,26148.04,23348,32.035,32.099,32.194,32.232,26148.04,22799.47,0.89,34329,,,  ,57.1,,,,,,,,,,
26,32.226,32.27,32.344,16453.37,55872.75,0.07,0.1,0.01,0.118,0.054,22140,18879.59,32.194,32.232,32.601,32.773,21770.69,18879.59,1.12,37135,,,  ,57.1,,,,,,,,,,
27,32.773,32.856,33.008,25723.86,160240.1,0.19,0.16,0.03,0.235,0.09,12218,13202,32.601,32.773,32.996,33.027,12103.36,11783.97,1.55,37715,,,  ,57.1,,,,,,,,,,
28,33.008,33.066,33.127,11306.74,39557.09,0.05,0.07,0.01,0.119,0.06,13202,11623.1,32.996,33.027,33.123,33.148,11783.97,11623.1,0.78,23013,,,  ,43,,,,,,,,,,
29,33.147,33.206,33.25,15327.66,54897.1,0.07,0.1,0.01,0.103,0.058,11596.19,16317,33.123,33.148,33.231,33.25,11596.19,11455.92,0.85,26844,,,  ,55.1,,,,,,,,,,
30,33.25,33.307,33.422,262048.77,789098.32,0.95,1.65,0.17,0.172,0.045,16317,12763,33.231,33.25,33.409,33.428,11455.92,11222.85,1.06,273427,,,  ,57.1,,,,,,,,,,
31,33.422,33.486,33.746,230053.47,1101863.85,1.32,1.45,0.24,0.324,0.067,12763,13480,33.409,33.428,33.702,33.759,11222.85,10782.58,3.53,241190,,,  ,57.1,,,,,,,,,,
32,33.746,33.778,33.963,7389.57,48437.86,0.06,0.05,0.01,0.216,0.16,13480,10690,33.702,33.759,33.969,34.033,10782.58,10489.08,1.64,18129,,,  ,55,,,,,,,,,,
33,34.027,34.077,34.128,5697.33,15771.16,0.02,0.04,0,0.101,0.045,10278.73,10139.35,33.969,34.033,34.134,34.204,10278.73,10139.35,0.9,15907,,,  ,55.1,,,,,,,,,,
34,34.383,34.44,34.516,920278.99,2843991.04,3.42,5.81,0.61,0.134,0.046,63636,66975,34.134,34.204,34.51,34.523,14966.28,18428.18,1.33,936729,,,  ,57.1,,,,,,,,,,
35,34.516,34.561,34.684,256699.91,829737.31,1,1.62,0.18,0.168,0.048,66975,23436.54,34.51,34.523,34.688,34.726,24042.02,23436.54,1.11,280581,,,  ,55.1,,,,,,,,,,
36,34.802,34.93,35.051,7921922.07,29256845.39,35.16,50.03,6.26,0.248,0.057,51492,54183,34.688,34.726,35.261,35.318,22846.96,21676.86,0.32,7944169,,,  ,57.1,,,,,,,,,,
37,35.327,35.394,35.53,145330.93,552462.13,0.66,0.92,0.12,0.203,0.054,20543.26,19667.57,35.261,35.318,35.528,35.598,20543.26,19667.57,1.58,165585,,,  ,57.1,,,,,,,,,,
38,35.592,35.636,35.698,7695.11,22325.49,0.03,0.05,0,0.105,0.039,19752.05,14938.91,35.528,35.598,35.712,35.801,19752.05,14938.91,0.49,25456,,,  ,57.1,,,,,,,,,,
39,35.805,35.827,35.884,6013.19,15857.49,0.02,0.04,0,0.079,0.078,14433.03,16673,35.712,35.801,35.839,35.909,14433.03,14527.48,4.29,20472,,,  ,57.1,,,,,,,,,,
40,35.884,35.979,36.062,50414.84,240554.07,0.29,0.32,0.05,0.178,0.069,16673,24103,35.839,35.909,36.049,36.075,14625.9,14822.38,1.47,65146,,,  ,57.1,,,,,,,,,,
41,36.062,36.1,36.183,21080.53,103422.29,0.12,0.13,0.02,0.121,0.087,24103,23038,36.049,36.075,36.164,36.189,14822.38,14955.71,1.75,35945,,,  ,57.1,,,,,,,,,,
42,36.183,36.228,36.304,31839.17,133870.07,0.16,0.2,0.03,0.121,0.061,23038,24431,36.164,36.189,36.272,36.317,14955.71,15089.03,1.4,46844,,,  ,55.1,,,,,,,,,,
43,36.304,36.374,36.539,767851.78,2372633.21,2.85,4.85,0.51,0.235,0.045,24431,17964,36.272,36.317,36.514,36.558,15089.03,15348.67,1.37,783018,,,  ,57.1,,,,,,,,,,
44,36.539,36.616,36.787,202790.12,894309.82,1.07,1.28,0.19,0.248,0.062,17964,15931,36.514,36.558,36.787,36.826,15348.67,15622.34,2.29,218223,,,  ,57.1,,,,,,,,,,
45,36.817,36.87,36.94,22725.44,79952.12,0.1,0.14,0.02,0.123,0.054,15655.26,15810,36.787,36.826,36.959,36.985,15655.26,15790.75,1.48,38439,,,  ,57.1,,,,,,,,,,
46,36.99,37.029,37.074,10876.2,32891.18,0.04,0.07,0.01,0.084,0.054,15834.22,17969,36.959,36.985,37.067,37.086,15834.22,15901.64,2.26,26742,,,  ,55.1,,,,,,,,,,
47,37.074,37.125,37.201,34094.41,104910.61,0.13,0.22,0.02,0.127,0.049,17969,16110,37.067,37.086,37.182,37.207,15901.64,16004.02,1.38,50037,,,  ,55.1,,,,,,,,,,
48,37.214,37.245,37.284,9726.33,21985,0.03,0.06,0,0.07,0.064,19177,27913,37.182,37.207,37.265,37.315,19177,27913,3.39,32875,,,  ,55.1,,,,,,,,,,
49,37.366,37.462,37.525,1651243.35,5491044.34,6.6,10.43,1.17,0.159,0.045,91892,262573,37.265,37.315,37.519,37.525,32830.69,41231.99,1.14,1689115,,,  ,57.1,,,,,,,,,,
50,37.525,37.576,37.673,1090272.39,3508689.61,4.22,6.89,0.75,0.148,0.048,262573,49028.96,37.519,37.525,37.678,37.697,41231.99,49028.96,0.78,1134193,,,  ,57.1,,,,,,,,,,
51,37.735,37.958,38.041,15835031.46,83221189.99,100,100,17.8,0.305,0.081,68855,149249,37.678,37.697,38.206,38.238,52321.91,68451.9,0.13,15899115,,,  ,57.1,,,,,,,,,,
52,38.235,38.302,38.457,541005.33,2119446.82,2.55,3.42,0.45,0.222,0.055,50774.91,45116,38.206,38.238,38.473,38.531,50774.91,45116,2.04,590091,,,  ,57.1,,,,,,,,,,
53,38.524,38.55,38.588,8628.22,18230.18,0.02,0.05,0,0.064,0.035,38889,30867,38.473,38.531,38.588,38.613,38889,30867,0.36,44308,,,  ,57.1,,,,,,,,,,
54,38.629,38.651,38.796,12656.48,63460.31,0.08,0.08,0.01,0.167,0.032,40753.4,36502.11,38.588,38.613,38.785,38.81,40753.4,36502.11,5.67,52833,,,  ,57.1,,,,,,,,,,
55,38.8,38.887,38.976,62579.23,361641.79,0.43,0.4,0.08,0.176,0.13,36397.28,65777,38.785,38.81,38.957,38.982,36397.28,31914.96,1.35,96762,,,  ,57.1,,,,,,,,,,
56,38.976,39.001,39.056,46395.05,130361.66,0.16,0.29,0.03,0.08,0.069,65777,29866.57,38.957,38.982,39.103,39.141,31914.96,29866.57,0.94,77662,,,  ,57.1,,,,,,,,,,
57,39.177,39.237,39.389,615525.49,1955248.8,2.35,3.89,0.42,0.213,0.046,27741.81,25588,39.103,39.141,39.472,39.529,27741.81,22631.05,1.42,641825,,,  ,57.1,,,,,,,,,,
58,39.529,39.58,39.618,9970.5,29207.35,0.04,0.06,0.01,0.089,0.05,20107.38,21179,39.472,39.529,39.612,39.631,20107.38,20849.38,0.85,30502,,,  ,69.1,,,,,,,,,,
59,39.618,39.669,39.771,28671.58,108380.17,0.13,0.18,0.02,0.153,0.053,21179,22016,39.612,39.631,39.765,39.828,20771.81,21964.89,2.59,49841,,,  ,57.1,,,,,,,,,,
60,39.829,39.892,39.924,53720.64,177400.93,0.21,0.34,0.04,0.095,0.069,22415.79,53397,39.765,39.828,39.911,39.93,22415.79,23157.97,0.79,76630,,,  ,55.1,,,,,,,,,,
61,39.924,39.981,40.032,202180.67,696531.42,0.84,1.28,0.15,0.108,0.052,53397,62423,39.911,39.93,40.032,40.038,23157.97,24003.07,0.82,225786,,,  ,55.1,,,,,,,,,,
62,40.032,40.089,40.14,172677.44,711349.53,0.85,1.09,0.15,0.108,0.08,62423,118552,40.032,40.038,40.127,40.14,24003.07,24848.16,0.89,197128,,,  ,55.1,,,,,,,,,,
63,40.14,40.274,40.299,2191939.74,9420284.57,11.32,13.84,2.02,0.159,0.072,118552,1790235,40.127,40.14,40.299,40.306,24848.16,26090.99,0.33,2217832,,,  ,57.1,,,,,,,,,,
64,40.299,40.337,40.49,3123276.64,11018595.24,13.24,19.72,2.36,0.191,0.061,1790235,77715,40.299,40.306,40.484,40.503,26090.99,27582.44,1.54,3149666,,,  ,57.1,,,,,,,,,,
65,40.515,40.675,40.795,11287164.88,48203430.67,57.92,71.28,10.31,0.28,0.065,98348,128394,40.484,40.503,40.802,40.827,28152.45,30374.66,0.28,11316580,,,  ,57.1,,,,,,,,,,
66,40.808,40.84,40.948,89497.33,529060.46,0.64,0.57,0.11,0.14,0.119,117592,71670,40.802,40.827,40.935,40.948,34723.67,34723.67,2.83,124221,,,  ,57.1,,,,,,,,,,
67,40.948,41.012,41.171,382653.33,1793761.08,2.16,2.42,0.38,0.223,0.066,71670,43293,40.935,40.948,41.158,41.215,34723.67,34723.67,1.52,417377,,,  ,57.1,,,,,,,,,,
68,41.171,41.298,41.323,53773.33,226828.41,0.27,0.34,0.05,0.153,0.068,43293,78586,41.158,41.215,41.311,41.336,34723.67,34723.67,0.27,88497,,,  ,57.1,,,,,,,,,,
69,41.323,41.393,41.463,103201.33,517383.09,0.62,0.65,0.11,0.14,0.08,78586,60355,41.311,41.336,41.451,41.489,34723.67,34723.67,1.15,137925,,,  ,57.1,,,,,,,,,,
70,41.463,41.597,41.818,234297.33,2054938.8,2.47,1.48,0.44,0.355,0.136,60355,34723.67,41.451,41.489,41.807,41.852,34723.67,34723.67,1.07,269021,,,  ,57.1,,,,,,,,,,
71,41.852,41.902,42.004,208222.43,695530.59,0.84,1.31,0.15,0.153,0.05,37432,37197.85,41.807,41.852,42.144,42.252,36936.3,37197.85,1.79,245246,,,  ,57.1,,,,,,,,,,
72,42.253,42.303,42.373,11153.79,41756.56,0.05,0.07,0.01,0.12,0.061,26204.07,26160,42.144,42.252,42.354,42.386,26204.07,26137.3,1.44,37330,,,  ,57.1,,,,,,,,,,
73,42.424,42.551,42.583,702483,2711557.84,3.26,4.44,0.58,0.159,0.061,42924,517454,42.354,42.386,42.577,42.583,23919,23919,0.37,726402,,,  ,55.1,,,,,,,,,,
74,42.583,42.653,42.704,2642831,9846610.61,11.83,16.69,2.11,0.121,0.056,517454,461814,42.577,42.583,42.698,42.71,23919,23919,0.75,2666750,,,  ,55.1,,,,,,,,,,
75,42.704,42.736,42.787,695731,2937533.35,3.53,4.39,0.63,0.083,0.095,461814,577451,42.698,42.71,42.774,42.793,23919,23919,1.5,719650,,,  ,55.1,,,,,,,,,,
76,42.787,42.933,42.965,11039136.61,54607257.15,65.62,69.71,11.68,0.178,0.078,577451,3258061,42.774,42.793,42.965,42.971,34643.81,37628.15,0.34,11076232,,,  ,97.1,,,,,,,,,,
77,42.965,43.016,43.124,8143382.43,25745809.1,30.94,51.43,5.51,0.159,0.051,3258061,232784,42.965,42.971,43.118,43.13,157272.7,145904.45,0.67,8297017,,,  ,57.1,,,,,,,,,,
78,43.124,43.226,43.347,5240105.79,17497299.92,21.03,33.09,3.74,0.223,0.05,232784,160978,43.118,43.13,43.461,43.493,145904.45,129989.15,0.54,5378734,,,  ,57.1,,,,,,,,,,
79,43.487,43.55,43.619,156237.16,552953.36,0.66,0.99,0.12,0.132,0.054,120796,110523.75,43.461,43.493,43.665,43.722,119984.9,110523.75,1.12,271675,,,  ,57.1,,,,,,,,,,
80,43.748,43.792,43.824,167337.65,514882.64,0.62,1.06,0.11,0.075,0.061,101274.07,229905,43.665,43.722,43.817,43.83,101274.07,95884.42,0.99,265495,,,  ,43.1,,,,,,,,,,
81,43.824,43.868,43.97,233057.64,974942.87,1.17,1.47,0.21,0.146,0.076,229905,105418,43.817,43.83,43.951,43.976,95884.42,85425.11,1.32,325759,,,  ,55.1,,,,,,,,,,
82,43.97,44.104,44.312,331124.08,2136644.75,2.57,2.09,0.46,0.342,0.086,105418,61003.9,43.951,43.976,44.314,44.371,85425.11,61003.9,0.85,407000,,,  ,57.1,,,,,,,,,,
83,44.364,44.415,44.485,42696.8,147525.57,0.18,0.27,0.03,0.121,0.053,56669,49481.4,44.314,44.371,44.517,44.581,56432.58,49481.4,1.05,96199,,,  ,57.1,,,,,,,,,,
84,44.689,44.772,44.816,12611.28,56528.86,0.07,0.08,0.01,0.127,0.072,43938,43929.83,44.606,44.689,44.816,44.867,43554.43,43929.83,0.5,56411,,,  ,57.1,,,,,,,,,,
85,44.937,45.083,45.134,5244127.63,22042737.77,26.49,33.12,4.72,0.197,0.057,167900,857984,44.816,44.867,45.134,45.141,44290.34,44875.29,0.6,5288852,,,  ,55.1,,,,,,,,,,
86,45.134,45.166,45.211,1127033.34,4059573.4,4.88,7.12,0.87,0.076,0.076,857984,653769,45.134,45.141,45.204,45.211,44875.29,45101.74,1.4,1172003,,,  ,55.1,,,,,,,,,,
87,45.211,45.401,45.522,11018033.08,61713835.84,74.16,69.58,13.2,0.312,0.072,653769,329092,45.204,45.211,45.548,45.567,89081.91,125036.21,0.36,11129127,,,  ,97.1,,,,,,,,,,
88,45.567,45.611,45.809,452323.83,1790591.48,2.15,2.86,0.38,0.242,0.056,267324,134415,45.548,45.567,45.77,45.853,134460.03,130492.5,1.16,586053,,,  ,57.1,,,,,,,,,,
89,45.821,45.942,46.002,86197.1,347003.55,0.42,0.54,0.07,0.181,0.058,133815,127317.79,45.77,45.853,46.069,46.108,130283.53,127317.79,0.46,214497,,,  ,57.1,,,,,,,,,,
90,46.141,46.203,46.318,103257.09,533170.82,0.64,0.65,0.11,0.176,0.069,125030.73,150095,46.069,46.108,46.286,46.337,125030.73,122139.49,2.58,227276,,,  ,55.1,,,,,,,,,,
91,46.318,46.604,47.011,585811.91,8230974.99,9.89,3.7,1.76,0.693,0.184,150095,111142,46.286,46.337,46.986,47.056,122139.49,110758.79,0.98,703253,,,  ,257.2,,,,,,,,,,
92,47.037,47.068,47.113,16443.35,48158.42,0.06,0.1,0.01,0.076,0.058,109404,104180.57,46.986,47.056,47.157,47.227,104203.02,104180.57,0.51,120637,,,  ,57.1,,,,,,,,,,
93,47.246,47.336,47.488,670804.04,3397018.83,4.08,4.24,0.73,0.242,0.059,107926,188310,47.157,47.227,47.475,47.501,104141.19,104070,2.91,774919,,,  ,55.1,,,,,,,,,,
94,47.488,47.565,47.603,275236.49,1215501.84,1.46,1.74,0.26,0.115,0.075,188310,295645,47.475,47.501,47.596,47.609,104070,104036.27,0.5,379284,,,  ,57.1,,,,,,,,,,
95,47.603,47.628,47.787,219181.22,998130.11,1.2,1.38,0.21,0.184,0.075,295645,103982.13,47.596,47.609,47.838,47.876,104036.27,103982.13,3.27,323210,,,  ,57.1,,,,,,,,,,
96,47.87,47.883,47.946,7572.38,19574.09,0.02,0.05,0,0.076,0.03,90920,81457,47.838,47.876,48.054,48.156,90920,80598.5,1.13,96771,,,  ,57.1,,,,,,,,,,
97,48.15,48.207,48.315,15735.98,86452.47,0.1,0.1,0.02,0.165,0.097,71555,72468,48.054,48.156,48.309,48.411,71555,72468,2.06,87607,,,  ,57.1,,,,,,,,,,
98,48.408,48.462,48.493,5365.67,16366.39,0.02,0.03,0,0.086,0.073,75327.5,71924,48.309,48.411,48.881,49.053,75327.5,71875.88,0.37,78520,,,  ,207,,,,,,,,,,
99,49.041,49.085,49.206,6160.56,30497.36,0.04,0.04,0.01,0.165,0.201,52225,50446,48.881,49.053,49.473,49.645,52225,47839.89,0.18,57205,,,  ,207,,,,,,,,,,
100,49.642,49.709,50.179,34722.73,338664.01,0.41,0.22,0.07,0.538,0.091,47739.53,46334,49.473,49.645,50.517,50.796,47739.53,46076.53,6.41,82255,,,  ,207,,,,,,,,,,
101,50.801,50.892,50.91,4151.7,13082.93,0.02,0.03,0,0.11,0.09,44711.45,44663.1,50.517,50.796,51.006,51.076,44711.45,44663.1,0.2,48823,,,  ,207,,,,,,,,,,
102,51.07,51.165,51.394,60727.58,462137.67,0.56,0.38,0.1,0.324,0.101,44651,50197,51.006,51.076,51.331,51.433,43909.18,44035.78,3.38,104674,,,  ,55.1,,,,,,,,,,
103,51.394,51.458,51.617,16735.4,105440.74,0.13,0.11,0.02,0.223,0.15,50197,44605,51.331,51.433,51.674,52.012,44035.78,44122.66,1.11,60796,,,  ,207,,,,,,,,,,
104,53.119,53.424,53.818,27753.14,572353.82,0.69,0.18,0.12,0.7,0.366,42101,51545,52.54,52.915,53.799,54.079,42042.83,51290.01,2.89,73831,,,  ,257.2,,,,,,,,,,
105,54.111,54.206,54.301,6574.29,40356.25,0.05,0.04,0.01,0.19,0.112,55713,56681.02,53.799,54.079,54.346,54.435,54855.45,56681.02,1.28,62346,,,  ,207,,,,,,,,,,
106,54.45,54.588,54.821,188184.41,1518768.2,1.82,1.19,0.32,0.37,0.12,57161.56,69667.43,54.346,54.435,54.811,54.862,57161.56,69667.43,1.73,249995,,,  ,55.1,,,,,,,,,,
107,54.843,55.263,56.152,268277.92,6698830.9,8.05,1.69,1.43,1.309,0.321,69046,63462.36,54.811,54.862,56.433,57.082,67996.24,63462.36,1.4,334820,,,  ,257.2,,,,,,,,,,
108,57.56,57.966,57.992,66455.66,1013950.97,1.22,0.42,0.22,0.431,0.186,128778.17,221074,56.433,57.082,57.973,57.992,128778.17,163748.66,0.1,228141,,,  ,257.2,,,,,,,,,,
,,,,,,,,,,,,,,,,,,,,,,,,,,,,,,,,,,
 + TIC Scan DR_350.D ,,,,,,,,,,,,,,,,,,,,,,,,,,,,,,,,,,
Peak ,Start,RT,End,Height,Area,Area %,Height %,Area Sum %,Width,FWHM,Start Y,End Y,B1 Start,B1 End,B2 Start,B2 End,Start BL Y,End BL Y,Symmetry,Max Y,SNR,Height % (Norm),Baseline,Base Peak,k',Label,Cpd,Type,Plates,Plates/M,Resolution,Saturated,Tailing factor,Flags (Tgt)
1,4.093,4.125,4.214,51246.05,142808.64,0.19,0.38,0.03,0.121,0.04,54380,38477,4.093,4.1,4.57,4.66,44267.54,38096.53,1.63,93890,,,  ,281,,,,,,,,,,
2,4.66,4.691,4.717,3155.33,5443.88,0.01,0.02,0,0.057,0.037,19563,18937,4.57,4.66,4.946,5.188,19425.97,18870.93,0.53,22273,,,  ,57.1,,,,,,,,,,
3,5.162,5.207,5.442,4321.38,38611.91,0.05,0.03,0.01,0.28,0.373,14306,12650,4.946,5.188,5.595,5.786,14306,12248.09,0.64,18300,,,  ,57.1,,,,,,,,,,
4,6.056,6.11,6.198,10246.74,44069.95,0.06,0.08,0.01,0.142,0.072,13795.8,14050.88,6.002,6.059,6.18,6.256,13795.8,14050.88,1.63,24139,,,  ,43.1,,,,,,,,,,
5,6.449,6.517,6.606,25607.49,112566.24,0.15,0.19,0.02,0.158,0.07,13598.15,13632,6.288,6.454,6.702,6.804,13598.15,13272.27,1.07,39064,,,  ,43.1,,,,,,,,,,
6,6.805,6.835,6.867,12203.66,25685.24,0.03,0.09,0,0.062,0.037,12408.38,16265,6.702,6.804,6.854,6.886,12408.38,12143.13,1.88,24482,,,  ,43.1,,,,,,,,,,
7,6.867,6.905,6.999,11580.06,42519.66,0.06,0.09,0.01,0.132,0.057,16265,11582.89,6.854,6.886,7.083,7.236,12143.13,11582.89,1.45,23561,,,  ,43,,,,,,,,,,
8,7.395,7.446,7.599,25630.94,83901.6,0.11,0.19,0.02,0.204,0.041,10650,11300,7.262,7.402,8.038,8.267,10625.87,10438.61,2.14,36210,,,  ,73,,,,,,,,,,
9,9.933,10.016,10.634,21895.19,411363.38,0.55,0.16,0.08,0.701,0.361,8056.14,14646.46,9.724,9.927,10.627,10.767,8056.14,14646.46,9.59,30737,,,  ,69.1,,,,,,,,,,
10,10.901,10.945,11.066,3935.28,20490.2,0.03,0.03,0,0.165,0.37,15676,16481,10.627,10.767,11.41,11.556,15676,16481,10.22,19828,,,  ,41.1,,,,,,,,,,
11,11.71,11.753,11.842,25017.75,70261.06,0.09,0.19,0.01,0.132,0.039,14942.64,14480,11.613,11.715,15.271,15.939,14942.64,14131.23,1.44,39696,,,  ,73.1,,,,,,,,,,
12,15.942,15.971,16.162,5156.64,22936.58,0.03,0.04,0,0.22,0.041,5236.84,5908,15.271,15.939,16.677,16.894,5236.84,5363.08,7.49,10410,,,  ,73,,,,,,,,,,
13,19.86,19.909,20.005,3960.91,18003,0.02,0.03,0,0.145,0.092,3619.95,3795,18.993,19.858,19.992,20.157,3619.95,3726.24,1.69,7617,,,  ,73,,,,,,,,,,
14,21.285,21.551,22.179,7239.04,189536.31,0.25,0.05,0.04,0.894,0.505,3581.02,4652.44,20.914,21.283,22.219,22.53,3581.02,4652.44,2.5,11138,,,  ,69.1,,,,,,,,,,
15,23.11,23.179,23.211,6989.55,26746.28,0.04,0.05,0.01,0.101,0.1,3617.3,8315,22.963,23.109,23.192,23.243,3617.3,3557.79,0.98,10566,,,  ,41.1,,,,,,,,,,
16,23.211,23.262,23.396,8082.08,45089.28,0.06,0.06,0.01,0.185,0.108,8315,4598,23.192,23.243,23.326,23.415,3557.79,3449.53,2.18,11610,,,  ,73,,,,,,,,,,
17,23.396,23.434,23.555,3376.86,15625.41,0.02,0.03,0,0.159,0.108,4598,3454,23.326,23.415,23.606,23.987,3449.53,3356.21,1.08,6804,,,  ,43.1,,,,,,,,,,
18,23.985,24.051,24.388,16798.16,147748.51,0.2,0.12,0.03,0.403,0.121,3440.02,4721,23.606,23.987,24.356,24.534,3440.02,4470.8,4.91,20406,,,  ,55.1,,,,,,,,,,
19,24.528,24.617,24.712,3079.79,21400.44,0.03,0.02,0,0.184,0.226,3970,3900,24.356,24.534,25.597,25.762,3970,3900,0.53,7016,,,  ,57.1,,,,,,,,,,
20,26.182,26.271,26.322,3402.66,10627.82,0.01,0.03,0,0.14,0.043,2669,2744,25.597,25.762,26.303,26.462,2249.86,2744,0.87,5967,,,  ,73.1,,,,,,,,,,
21,26.952,27.022,27.136,2126.66,11632.29,0.02,0.02,0,0.184,0.431,2289,2224,26.685,26.984,27.111,27.175,2289,2224,0.33,4391,,,  ,41.1,,,,,,,,,,
22,27.734,27.804,27.83,2674.16,8563.69,0.01,0.02,0,0.095,0.128,2374,4722,27.423,27.505,27.976,28.129,2374,4722,3.16,6770,,,  ,41,,,,,,,,,,
23,28.209,28.269,28.536,54407.06,297921.02,0.4,0.4,0.06,0.327,0.065,6346.58,7044,27.976,28.129,28.873,29.007,6346.58,5108.51,3.41,60526,,,  ,57.1,,,,,,,,,,
24,29.007,29.039,29.077,3395.32,7284.38,0.01,0.03,0,0.07,0.047,3245,3008,28.873,29.007,29.179,29.446,3245,2843.97,1.15,6458,,,  ,73.1,,,,,,,,,,
25,29.522,29.573,29.668,2029.34,9633.78,0.01,0.02,0,0.146,0.134,3167,3299,29.179,29.446,29.688,29.897,2960.6,3156.3,1.69,5058,,,  ,41,,,,,,,,,,
26,29.97,30.018,30.19,34783.08,193859.93,0.26,0.26,0.04,0.22,0.091,5262.62,6921,29.688,29.897,30.317,30.432,5262.62,6891.73,3.25,40405,,,  ,57.1,,,,,,,,,,
27,30.427,30.476,30.572,7006.05,26683.59,0.04,0.05,0.01,0.145,0.064,3453.14,3423,30.317,30.432,30.616,30.769,3453.14,3397.05,1.48,10440,,,  ,41.1,,,,,,,,,,
28,30.954,31.017,31.144,654783.45,3968105.22,5.27,4.86,0.77,0.191,0.091,11413.12,205825,30.616,30.769,31.144,31.164,11413.12,29553.63,2.9,672243,,,  ,55.1,,,,,,,,,,
29,31.144,31.195,31.278,228379.71,1033221.64,1.37,1.7,0.2,0.134,0.081,205825,128079,31.144,31.164,31.272,31.291,81425.58,73138.47,1.87,306648,,,  ,55.1,,,,,,,,,,
30,31.278,31.316,31.466,81351.98,383370.79,0.51,0.6,0.07,0.188,0.077,128079,61480.34,31.272,31.291,31.52,31.558,73138.47,61480.34,1.74,152123,,,  ,55.1,,,,,,,,,,
31,31.559,31.577,31.607,6882.24,10226.41,0.01,0.05,0,0.048,0.027,55764.71,52666.12,31.52,31.558,31.596,31.615,55764.71,52666.12,1.14,61461,,,  ,55.1,,,,,,,,,,
32,31.61,31.685,31.8,1687314.08,4746623.22,6.3,12.53,0.92,0.19,0.042,52457.59,51002,31.596,31.615,32.035,32.105,52457.59,40319.35,0.81,1734967,,,  ,57.1,,,,,,,,,,
33,32.11,32.124,32.162,3361.24,8503.89,0.01,0.02,0,0.053,0.04,22914.42,21264,32.035,32.105,32.175,32.232,22914.42,21207.09,2.24,25805,,,  ,57.1,,,,,,,,,,
34,32.228,32.264,32.334,20623.33,61073.09,0.08,0.15,0.01,0.105,0.047,19148.5,16125.47,32.175,32.232,32.722,32.792,19148.5,16125.47,1.82,38748,,,  ,57.1,,,,,,,,,,
35,32.792,32.849,32.894,12448.52,49769.75,0.07,0.09,0.01,0.102,0.075,9782.33,15202,32.722,32.792,32.881,32.907,9782.33,9589.53,1.06,22122,,,  ,57.1,,,,,,,,,,
36,32.894,32.932,33.008,9368.44,42991.73,0.06,0.07,0.01,0.115,0.092,15202,9453,32.881,32.907,33.015,33.085,9589.53,9373.67,1.44,18886,,,  ,69,,,,,,,,,,
37,33.035,33.085,33.123,2293.25,6260.59,0.01,0.02,0,0.088,0.096,9324.1,9306,33.015,33.078,33.11,33.168,9324.1,9157.81,0.47,11523,,,  ,43.1,,,,,,,,,,
38,33.162,33.218,33.25,9700.25,30577.48,0.04,0.07,0.01,0.089,0.051,9060.75,13377,33.11,33.168,33.238,33.25,9060.75,9060.75,0.64,18761,,,  ,55.1,,,,,,,,,,
39,33.25,33.301,33.427,172965.07,545641.82,0.72,1.28,0.11,0.177,0.048,13377,11657.12,33.238,33.25,33.416,33.447,10003.1,11657.12,1.62,183444,,,  ,57.1,,,,,,,,,,
40,33.455,33.498,33.679,96455.06,465444.91,0.62,0.72,0.09,0.224,0.069,14372.72,15013.67,33.416,33.447,33.677,33.778,14372.72,15013.67,3.48,110953,,,  ,57.1,,,,,,,,,,
41,33.912,33.931,33.969,2485.16,5172.88,0.01,0.02,0,0.057,0.03,10643,8866,33.867,33.925,33.963,34.033,10643,8866,0.45,12536,,,  ,73,,,,,,,,,,
42,34.045,34.077,34.192,5049.1,26618.04,0.04,0.04,0.01,0.146,0.091,10669,7986,33.963,34.033,34.173,34.262,10300.23,7957.69,1.95,14840,,,  ,55,,,,,,,,,,
43,34.265,34.287,34.31,4893.23,7050.29,0.01,0.04,0,0.045,0.028,9681.84,11973.94,34.173,34.262,34.306,34.325,9681.84,11973.94,1.39,15722,,,  ,57.1,,,,,,,,,,
44,34.357,34.44,34.516,391836.59,1347647.59,1.79,2.91,0.26,0.159,0.047,49145,43946,34.306,34.325,34.51,34.523,14817.65,14997.96,1.35,406748,,,  ,57.1,,,,,,,,,,
45,34.516,34.561,34.669,142973.56,488345.51,0.65,1.06,0.09,0.153,0.051,43946,15580,34.51,34.523,34.682,34.733,14997.96,15171.08,1.11,158022,,,  ,55.1,,,,,,,,,,
46,34.796,34.904,35.025,5012689.46,15837635.27,21.02,37.23,3.08,0.229,0.048,32985,46061,34.682,34.733,35.248,35.312,13811.83,13870.51,0.46,5026529,,,  ,57.1,,,,,,,,,,
47,35.306,35.394,35.545,145877.89,581361.23,0.77,1.08,0.11,0.24,0.056,13160.41,16093.7,35.248,35.312,35.585,35.617,13160.41,16093.7,1.45,160122,,,  ,57.1,,,,,,,,,,
48,35.606,35.649,35.681,7487.65,17486.59,0.02,0.06,0,0.074,0.042,16218.24,13263,35.585,35.617,35.738,35.795,16218.24,13246.93,0.38,22006,,,  ,57.1,,,,,,,,,,
49,35.804,35.827,35.871,4609.8,9524.16,0.01,0.03,0,0.067,0.036,12863.86,13655,35.738,35.795,35.852,35.916,12863.86,13347.89,2.75,17636,,,  ,57.1,,,,,,,,,,
50,35.916,35.98,36.075,24957.79,98744.88,0.13,0.19,0.02,0.159,0.06,14048,15845,35.852,35.916,36.05,36.088,13669.57,14818.45,1.76,39087,,,  ,57.1,,,,,,,,,,
51,36.075,36.145,36.177,10591.93,40839.46,0.05,0.08,0.01,0.102,0.073,15845,19025,36.05,36.088,36.17,36.209,14581.77,15107.33,0.92,25535,,,  ,57.1,,,,,,,,,,
52,36.177,36.234,36.304,12882.11,43252.71,0.06,0.1,0.01,0.127,0.045,19025,17547,36.17,36.209,36.266,36.317,15107.33,15764.19,1.3,28285,,,  ,55.1,,,,,,,,,,
53,36.304,36.38,36.501,530786.54,1645203.82,2.18,3.94,0.32,0.197,0.045,17547,17374,36.266,36.317,36.533,36.565,15106.12,15442.82,0.99,546023,,,  ,57.1,,,,,,,,,,
54,36.562,36.616,36.777,98346.71,431410.55,0.57,0.73,0.08,0.215,0.064,15284.6,13948.83,36.533,36.565,36.781,36.819,15284.6,13948.83,2.49,113295,,,  ,57.1,,,,,,,,,,
55,36.819,36.864,36.955,25314.54,77077.65,0.1,0.19,0.01,0.137,0.044,13690.61,12666.57,36.781,36.819,36.947,36.991,13690.61,12666.57,1.66,38666,,,  ,57.1,,,,,,,,,,
56,36.986,37.029,37.087,10916.21,35990.15,0.05,0.08,0.01,0.101,0.056,12496.64,13631,36.947,36.991,37.067,37.099,12496.64,11806.03,1.77,23114,,,  ,55.1,,,,,,,,,,
57,37.087,37.131,37.174,11839.63,32567.42,0.04,0.09,0.01,0.088,0.046,13631,11204.41,37.067,37.099,37.169,37.207,11806.03,11204.41,0.61,23341,,,  ,55,,,,,,,,,,
58,37.335,37.449,37.525,613840.72,2453159.48,3.26,4.56,0.48,0.191,0.05,36433,159774,37.169,37.207,37.519,37.525,24771.24,35427.35,0.93,645006,,,  ,57.1,,,,,,,,,,
59,37.525,37.564,37.641,396367.69,1242614.68,1.65,2.94,0.24,0.116,0.048,159774,41898.43,37.519,37.525,37.678,37.704,35427.35,41898.43,1.21,433927,,,  ,57.1,,,,,,,,,,
60,37.742,37.933,38.015,11997818.97,55020362.52,73.03,89.11,10.69,0.274,0.069,51341,121969,37.678,37.704,38.181,38.225,32964.81,39846.94,0.17,12035585,,,  ,57.1,,,,,,,,,,
61,38.221,38.295,38.463,570491.72,2307055.19,3.06,4.24,0.45,0.242,0.054,43134.71,36913.04,38.181,38.225,38.467,38.493,43134.71,36913.04,2,611722,,,  ,57.1,,,,,,,,,,
62,38.496,38.537,38.571,11023.99,26787.58,0.04,0.08,0.01,0.075,0.044,36077.32,34154.27,38.467,38.493,38.582,38.607,36077.32,34154.27,0.71,46049,,,  ,57.1,,,,,,,,,,
63,38.616,38.652,38.683,16584.41,45968.61,0.06,0.12,0.01,0.067,0.097,32987.71,41656,38.582,38.607,38.664,38.722,32987.71,31268.91,2.05,48670,,,  ,57.1,,,,,,,,,,
64,38.683,38.734,38.792,18630.59,82707.54,0.11,0.14,0.02,0.108,0.108,41656,34410,38.664,38.722,38.779,38.804,31268.91,28492.91,1,48593,,,  ,57.1,,,,,,,,,,
65,38.817,38.874,38.912,37016,116602.37,0.15,0.27,0.02,0.096,0.052,44088,59506,38.779,38.804,38.906,38.925,44088,44088,1.02,81104,,,  ,57.1,,,,,,,,,,
66,38.912,38.995,39.082,59849.71,334302.98,0.44,0.44,0.06,0.17,0.117,59506,21339.75,38.906,38.925,39.084,39.141,25629.78,21339.75,0.63,83392,,,  ,57.1,,,,,,,,,,
67,39.161,39.231,39.428,735022.26,2333486.7,3.1,5.46,0.45,0.267,0.045,26969,22520,39.084,39.141,39.447,39.523,21054.6,20974.96,1.53,756056,,,  ,57.1,,,,,,,,,,
68,39.523,39.568,39.615,24385.43,65000.59,0.09,0.18,0.01,0.091,0.044,21040.53,24602.72,39.447,39.523,39.606,39.625,21040.53,24602.72,1.07,47156,,,  ,69.1,,,,,,,,,,
69,39.619,39.669,39.767,31218.41,131934.08,0.18,0.23,0.03,0.148,0.056,24047,22135.14,39.606,39.625,39.765,39.797,20825.37,22135.14,1.91,52493,,,  ,57.1,,,,,,,,,,
70,39.849,39.879,39.918,35022,95351.66,0.13,0.26,0.02,0.068,0.059,30143,48276,39.765,39.797,39.911,39.924,30143,30143,1.69,65165,,,  ,55.1,,,,,,,,,,
71,39.918,39.975,40.026,128949,427826.72,0.57,0.96,0.08,0.108,0.05,48276,56320,39.911,39.924,40.019,40.032,30143,30143,0.9,159092,,,  ,55.1,,,,,,,,,,
72,40.026,40.083,40.134,285201,1032951.23,1.37,2.12,0.2,0.108,0.06,56320,143275,40.019,40.032,40.128,40.14,30143,30143,1.12,315344,,,  ,55.1,,,,,,,,,,
73,40.134,40.268,40.287,1475034,7209678.61,9.57,10.95,1.4,0.153,0.09,143275,1455297,40.128,40.14,40.287,40.293,30143,30143,0.22,1505177,,,  ,57.1,,,,,,,,,,
74,40.287,40.344,40.465,3877050,14609827.1,19.39,28.79,2.84,0.178,0.055,1455297,104306,40.287,40.293,40.484,40.497,30143,30143,0.92,3907193,,,  ,57.1,,,,,,,,,,
75,40.503,40.694,40.815,13387915.02,65387866.35,86.79,99.43,12.7,0.312,0.077,90664,150313,40.484,40.497,40.942,40.955,41968.98,46818.36,0.24,13432853,,,  ,57.1,,,,,,,,,,
76,40.948,41.012,41.148,429822.77,1822149.42,2.42,3.19,0.35,0.2,0.062,91930,55007.27,40.942,40.955,41.152,41.203,58812.92,55007.27,1.6,487424,,,  ,57.1,,,,,,,,,,
77,41.207,41.298,41.324,50744.35,167011.1,0.22,0.38,0.03,0.116,0.066,54375.54,93001,41.152,41.203,41.311,41.336,54375.54,51914.83,0.49,103197,,,  ,57.1,,,,,,,,,,
78,41.324,41.381,41.476,129518.99,591202.04,0.78,0.96,0.11,0.153,0.062,93001,73948,41.311,41.336,41.451,41.483,51914.83,48688.28,1.45,180224,,,  ,57.1,,,,,,,,,,
79,41.476,41.597,41.813,338326.27,2790311.77,3.7,2.51,0.54,0.337,0.128,73948,41891,41.451,41.483,41.807,41.839,48688.28,41562.81,1.34,384460,,,  ,57.1,,,,,,,,,,
80,41.839,41.903,42.087,320068.05,1100591.56,1.46,2.38,0.21,0.248,0.048,41545,33260,41.807,41.839,42.157,42.246,39490.47,33064.85,1.56,357911,,,  ,57.1,,,,,,,,,,
81,42.251,42.303,42.373,14547.11,56865.81,0.08,0.11,0.01,0.122,0.06,28237.7,29816,42.157,42.246,42.342,42.386,28237.7,27359.86,1.68,42409,,,  ,57.1,,,,,,,,,,
82,42.411,42.551,42.583,819773.21,3338133.33,4.43,6.09,0.65,0.172,0.067,46010,660197,42.342,42.386,42.583,42.59,29741.37,31675.94,0.39,851091,,,  ,55.1,,,,,,,,,,
83,42.583,42.666,42.711,3565912.43,14053150.94,18.65,26.48,2.73,0.127,0.058,660197,653583,42.583,42.59,42.711,42.717,31675.94,33109.14,0.62,3598520,,,  ,55.1,,,,,,,,,,
84,42.711,42.742,42.787,958327.71,3793221.83,5.03,7.12,0.74,0.076,0.083,653583,814563,42.711,42.717,42.774,42.793,33109.14,33968.86,1.6,991795,,,  ,55.1,,,,,,,,,,
85,42.787,42.959,42.984,13464682.6,72967703.16,96.85,100,14.17,0.197,0.088,814563,4591480,42.774,42.793,42.984,42.99,75357.24,96296.79,0.24,13558279,,,  ,97.1,,,,,,,,,,
86,42.984,43.041,43.137,10998065.04,37043565.91,49.17,81.68,7.2,0.153,0.055,4591480,314825,42.984,42.99,43.137,43.143,154486.06,153131.23,0.56,11152043,,,  ,97.1,,,,,,,,,,
87,43.137,43.251,43.372,7441837.82,26973796.73,35.8,55.27,5.24,0.235,0.054,314825,206020,43.137,43.143,43.391,43.41,153131.23,151042.79,0.39,7593953,,,  ,57.1,,,,,,,,,,
88,43.404,43.436,43.479,58971.65,162314.27,0.22,0.44,0.03,0.075,0.064,192853,150094.02,43.391,43.41,43.468,43.493,150760.5,150094.02,0.69,209450,,,  ,57.1,,,,,,,,,,
89,43.49,43.557,43.615,189395.18,617542.63,0.82,1.41,0.12,0.125,0.053,149998.5,148887.15,43.468,43.493,43.658,43.716,149998.5,148887.15,1.03,338801,,,  ,57.1,,,,,,,,,,
90,43.755,43.798,43.83,247996.11,755022.82,1,1.84,0.15,0.075,0.064,147643.23,310402,43.658,43.716,43.824,43.837,147643.23,146978.6,0.98,395257,,,  ,43.1,,,,,,,,,,
91,43.83,43.868,43.951,321277.04,1081406.96,1.44,2.39,0.21,0.121,0.07,310402,146254,43.824,43.837,43.938,43.977,146978.6,145906.06,1.16,467917,,,  ,55.1,,,,,,,,,,
92,43.989,44.11,44.208,370984.11,1997773.95,2.65,2.76,0.39,0.218,0.082,154943,143629.98,43.938,43.977,44.314,44.365,145567.43,143629.98,1.08,515479,,,  ,57.1,,,,,,,,,,
93,44.352,44.416,44.476,49579.57,175072.55,0.23,0.37,0.03,0.124,0.057,68699,57927.87,44.314,44.365,44.505,44.575,65531.05,57927.87,0.43,111225,,,  ,57.1,,,,,,,,,,
94,44.575,44.606,44.632,7968.48,16084.05,0.02,0.06,0,0.057,0.04,51909.91,50526,44.505,44.575,44.613,44.695,51909.91,48434.09,0.63,57956,,,  ,43.1,,,,,,,,,,
95,44.632,44.753,44.816,15886.89,84994.95,0.11,0.12,0.02,0.185,0.073,50526,51121,44.613,44.695,44.816,44.854,49411.79,50280.72,0.53,65868,,,  ,57.1,,,,,,,,,,
96,44.931,45.103,45.153,7303257.5,32839236.09,43.59,54.24,6.38,0.223,0.061,171554,1313428,44.816,44.854,45.147,45.153,48915.5,48915.5,0.44,7352173,,,  ,55.1,,,,,,,,,,
97,45.153,45.179,45.217,1550013.5,4978495.55,6.61,11.51,0.97,0.064,0.076,1313428,934755,45.147,45.153,45.211,45.223,48915.5,48915.5,1.4,1598929,,,  ,55.1,,,,,,,,,,
98,45.217,45.421,45.542,13054083.73,75340434.34,100,96.95,14.63,0.324,0.073,934755,371702,45.211,45.223,45.554,45.573,114794.64,149705.57,0.3,13190784,,,  ,97.1,,,,,,,,,,
99,45.567,45.612,45.678,511564.41,1563115.37,2.07,3.8,0.3,0.111,0.046,335618,233735.7,45.554,45.573,45.739,45.86,258984.19,233735.7,0.86,760425,,,  ,57.1,,,,,,,,,,
100,45.891,45.942,46.003,118204.77,371155.25,0.49,0.88,0.07,0.111,0.05,186812,159977.82,45.739,45.86,46.063,46.114,185224.36,159977.82,0.59,291862,,,  ,57.1,,,,,,,,,,
101,46.116,46.21,46.306,163121.02,724285.8,0.96,1.21,0.14,0.19,0.066,136841.46,178781.68,46.063,46.114,46.299,46.337,136841.46,178781.68,2.22,320588,,,  ,55.1,,,,,,,,,,
102,46.363,46.744,47.105,1070070.13,15728216.41,20.88,7.95,3.06,0.742,0.224,212048.28,173585.98,46.299,46.337,47.196,47.228,212048.28,173585.98,0.52,1262390,,,  ,257.2,,,,,,,,,,
103,47.244,47.342,47.488,972970.56,4881008.1,6.48,7.23,0.95,0.245,0.059,161555.07,239408,47.196,47.228,47.476,47.507,161555.07,146479.75,1.96,1128472,,,  ,55.1,,,,,,,,,,
104,47.488,47.565,47.603,380586.36,1563886.29,2.08,2.83,0.3,0.115,0.073,239408,386940,47.476,47.507,47.596,47.609,146479.75,139419.6,0.5,522359,,,  ,57.1,,,,,,,,,,
105,47.603,47.628,47.775,304855.43,1261416.74,1.67,2.26,0.25,0.172,0.068,386940,129928,47.596,47.609,48.035,48.156,139419.6,128829.9,2.77,442706,,,  ,57.1,,,,,,,,,,
106,48.15,48.201,48.347,24087.95,154014.05,0.2,0.18,0.03,0.197,0.093,87693.91,85588,48.035,48.156,48.309,48.411,87693.91,81922.19,2.32,110303,,,  ,57.1,,,,,,,,,,
107,48.347,48.462,48.742,15620.3,175991.77,0.23,0.12,0.03,0.394,0.177,85588,71235,48.309,48.411,48.926,49.066,81922.19,70351.01,0.75,94183,,,  ,207,,,,,,,,,,
108,49.661,49.715,49.874,31526.06,163097.57,0.22,0.23,0.03,0.213,0.076,65228.75,67081,49.531,49.645,49.874,49.963,65228.75,66350.32,2.17,97040,,,  ,207,,,,,,,,,,
109,50.816,50.841,50.909,5633.69,16349.32,0.02,0.04,0,0.093,0.064,54878,54436.46,50.631,50.797,50.968,51.076,54520.05,54436.46,2.62,60131,,,  ,207,,,,,,,,,,
110,51.083,51.159,51.401,34489.05,222974.08,0.3,0.26,0.04,0.318,0.088,54438,54494,50.968,51.076,51.293,51.465,53930.16,54045.97,1.92,88447,,,  ,207,,,,,,,,,,
111,51.414,51.477,51.556,7451.46,27621.92,0.04,0.06,0.01,0.143,0.12,52970,51898.79,51.293,51.465,51.56,51.802,52750.24,51898.79,0.4,59822,,,  ,207,,,,,,,,,,
112,51.854,52.024,52.177,9869.62,86941.89,0.12,0.07,0.02,0.323,0.164,49900.94,48242,51.56,51.802,52.444,52.877,49900.94,47942.94,0.45,58737,,,  ,207,,,,,,,,,,
113,53.045,53.5,53.971,119737.66,3281319.77,4.36,0.89,0.64,0.927,0.436,56924.58,98229,52.444,52.877,53.92,54.054,56924.58,73333.51,1.67,184734,,,  ,257.2,,,,,,,,,,
114,53.971,54.219,54.436,65265.56,1140265.85,1.51,0.48,0.22,0.464,0.286,98229,96187,53.92,54.054,54.417,54.461,73333.51,81557.92,0.81,142993,,,  ,57.1,,,,,,,,,,
115,54.436,54.576,54.764,114636.39,963049.72,1.28,0.85,0.19,0.328,0.119,96187,87366.75,54.417,54.461,54.792,54.881,81557.92,87366.75,0.98,198673,,,  ,55.1,,,,,,,,,,
116,54.864,55.345,56.071,552377.85,11680518.98,15.5,4.1,2.27,1.207,0.269,81911.92,101331,54.792,54.881,56.987,57.209,81911.92,78678.61,1.09,633000,,,  ,257.2,,,,,,,,,,
117,57.248,57.667,57.992,37994.5,996691.25,1.32,0.28,0.19,0.744,0.485,77321,85614,56.987,57.209,57.967,57.992,76349.5,76349.5,0.85,114344,,,  ,257.2,,,,,,,,,,
,,,,,,,,,,,,,,,,,,,,,,,,,,,,,,,,,,
 + TIC Scan DR_351.D ,,,,,,,,,,,,,,,,,,,,,,,,,,,,,,,,,,
Peak ,Start,RT,End,Height,Area,Area %,Height %,Area Sum %,Width,FWHM,Start Y,End Y,B1 Start,B1 End,B2 Start,B2 End,Start BL Y,End BL Y,Symmetry,Max Y,SNR,Height % (Norm),Baseline,Base Peak,k',Label,Cpd,Type,Plates,Plates/M,Resolution,Saturated,Tailing factor,Flags (Tgt)
1,4.093,4.125,4.22,66375.94,191389.03,0.17,0.4,0.03,0.127,0.041,54743,38479,4.093,4.099,4.564,4.659,44066.2,38152.07,1.7,108964,,,  ,281,,,,,,,,,,
2,4.646,4.691,4.767,5186.14,16051.47,0.01,0.03,0,0.121,0.058,19379.43,19229,4.564,4.659,4.869,5.175,19379.43,18641.92,1.68,24292,,,  ,57.1,,,,,,,,,,
3,5.143,5.206,5.41,4371.41,34746.48,0.03,0.03,0,0.267,0.421,15427,13245,4.869,5.175,5.531,5.792,15427,13115.19,0.41,19248,,,  ,57.1,,,,,,,,,,
4,5.792,5.824,5.964,3767.1,20263.83,0.02,0.02,0,0.172,0.199,13987,14452,5.531,5.792,5.944,6.053,13434.27,14091.27,5.08,17323,,,  ,57.1,,,,,,,,,,
5,6.053,6.116,6.237,13160.17,72437.95,0.06,0.08,0.01,0.185,0.094,13651,13636,5.944,6.053,6.301,6.447,13651,13636,1.88,26806,,,  ,43.1,,,,,,,,,,
6,6.434,6.511,6.625,28308.42,131192.61,0.11,0.17,0.02,0.191,0.071,12680,12728,6.301,6.447,6.619,6.803,12636.14,12429.75,1.22,40862,,,  ,43.1,,,,,,,,,,
7,6.801,6.835,6.867,12315.23,29374.84,0.03,0.07,0,0.066,0.04,12103.8,16160,6.619,6.803,6.854,6.88,12103.8,11921.33,1.47,24324,,,  ,43.1,,,,,,,,,,
8,6.867,6.905,7.003,13979.57,47245.7,0.04,0.08,0.01,0.136,0.047,16160,11546.82,6.854,6.88,7.001,7.21,11921.33,11546.82,1.45,25796,,,  ,43.1,,,,,,,,,,
9,7.389,7.446,7.592,31390.94,108289.45,0.09,0.19,0.01,0.204,0.043,10868,11318,7.001,7.21,7.777,9.106,10185.84,9375.84,2.28,41349,,,  ,73.1,,,,,,,,,,
10,9.011,9.176,9.488,3208.96,48880.37,0.04,0.02,0.01,0.477,1.694,6599,6902,7.777,9.106,9.749,10.124,6599,6902,0.22,9913,,,  ,41.1,,,,,,,,,,
11,11.689,11.759,11.874,30243.25,94490.28,0.08,0.18,0.01,0.185,0.043,12637,12516,10.468,10.945,14.616,15.939,12637,11505.35,1.2,42451,,,  ,341,,,,,,,,,,
12,15.939,15.971,16.028,5945.64,14869.39,0.01,0.04,0,0.089,0.133,4922,5811,14.616,15.939,17.262,18.528,4590.29,5811,8.51,10972,,,  ,73,,,,,,,,,,
13,19.863,19.922,20.004,4262.04,19735.86,0.02,0.03,0,0.141,0.072,3932.33,4407,18.694,19.864,19.96,20.132,3932.33,4144.03,1.49,8282,,,  ,73,,,,,,,,,,
14,21.29,21.436,22.18,5894.35,148518.49,0.13,0.04,0.02,0.891,0.553,3015,3585,20.901,21.315,22.619,22.81,3015,3585,5.92,9003,,,  ,69,,,,,,,,,,
15,22.797,22.823,22.905,1577.28,5622.35,0,0.01,0,0.108,0.203,3292,3279,22.619,22.81,22.848,23.096,3292,3120.81,0.4,4829,,,  ,41,,,,,,,,,,
16,23.096,23.166,23.211,10699.09,47456.6,0.04,0.06,0.01,0.115,0.085,3874.69,8729,22.848,23.096,23.192,23.236,3874.69,3803.22,1.09,14530,,,  ,43.1,,,,,,,,,,
17,23.211,23.249,23.37,7502.52,39830.41,0.03,0.04,0.01,0.159,0.101,8729,4205,23.192,23.236,23.325,23.389,3803.22,3704.3,1.65,11282,,,  ,73,,,,,,,,,,
18,23.37,23.421,23.529,5928.36,26411.64,0.02,0.04,0,0.159,0.068,4205,3774,23.325,23.389,23.548,23.942,3704.3,3605.38,1.76,9601,,,  ,41.1,,,,,,,,,,
19,23.949,24.012,24.426,67211.34,513521.54,0.44,0.4,0.07,0.477,0.09,4057.16,7065,23.548,23.942,25.24,26.226,4057.16,3835.55,5.63,71239,,,  ,55.1,,,,,,,,,,
20,26.207,26.258,26.303,3768.89,10453.32,0.01,0.02,0,0.095,0.038,3280,2993,25.24,26.226,26.29,26.436,2421.06,2993,1.37,6495,,,  ,73.1,,,,,,,,,,
21,27.041,27.079,27.104,1664.12,3764.13,0,0.01,0,0.064,0.095,3062,3339,26.646,26.983,27.289,27.715,2956.29,2940.61,0.4,4611,,,  ,41,,,,,,,,,,
22,27.736,27.798,27.906,3815.65,18595.78,0.02,0.02,0,0.17,0.132,3566.7,4536,27.289,27.715,27.83,28.122,3566.7,4211.32,6.63,7617,,,  ,41.1,,,,,,,,,,
23,28.199,28.262,28.453,43319.21,199173.48,0.17,0.26,0.03,0.254,0.059,7029,7589.12,27.83,28.122,28.669,29.013,6235.81,7589.12,3.06,49894,,,  ,57.1,,,,,,,,,,
24,29.007,29.032,29.073,3088.4,6826.4,0.01,0.02,0,0.067,0.375,3643,3279,28.669,29.013,29.077,29.446,3568.83,3279,0.1,6547,,,  ,73,,,,,,,,,,
25,29.484,29.554,29.668,2798.67,15576.34,0.01,0.02,0,0.185,0.13,3479,3524,29.077,29.446,29.636,29.891,3270.19,3426.09,1.62,6128,,,  ,41.1,,,,,,,,,,
26,29.923,30.005,30.285,57150.85,321614.34,0.28,0.34,0.04,0.363,0.072,3860,4389,29.636,29.891,30.279,30.419,3506.26,4102.12,2.66,60793,,,  ,57.1,,,,,,,,,,
27,30.411,30.463,30.519,6897.3,23255.12,0.02,0.04,0,0.108,0.054,4100.04,4376.2,30.279,30.419,30.54,30.603,4100.04,4376.2,1.21,11132,,,  ,57,,,,,,,,,,
28,30.924,30.992,31.157,1479902.28,7891120.06,6.82,8.85,1.04,0.233,0.069,6798.32,245663,30.616,30.902,31.157,31.163,6798.32,36097.12,4,1495160,,,  ,55.1,,,,,,,,S,,
29,31.157,31.189,31.456,207279.64,1380535.92,1.19,1.24,0.18,0.299,0.072,245663,74008,31.157,31.163,31.494,31.558,92316.53,71827.06,5.29,297416,,,  ,55.1,,,,,,,,,,
30,31.554,31.57,31.598,6446.71,11020.42,0.01,0.04,0,0.044,0.029,64890.01,61637.59,31.494,31.558,31.59,31.615,64890.01,61637.59,1.06,70111,,,  ,55.1,,,,,,,,,,
31,31.61,31.685,31.806,1825651.8,5071603.84,4.38,10.92,0.67,0.196,0.042,60751.15,52525,31.59,31.615,32.009,32.092,60751.15,46281.98,0.74,1880860,,,  ,57.1,,,,,,,,,,
32,32.09,32.118,32.175,7775.81,23454.47,0.02,0.05,0,0.085,0.05,27847.36,25265,32.009,32.092,32.181,32.232,27847.36,24508.04,1.63,34546,,,  ,55.1,,,,,,,,,,
33,32.215,32.27,32.334,21626.82,72012.08,0.06,0.13,0.01,0.119,0.057,22508.86,18576.82,32.181,32.232,32.55,32.792,22508.86,18576.82,0.9,42304,,,  ,57.1,,,,,,,,,,
34,32.788,32.856,32.952,10421.63,45804.27,0.04,0.06,0.01,0.163,0.062,11956.42,11614.01,32.55,32.792,32.926,33.027,11956.42,11614.01,1.4,22237,,,  ,57.1,,,,,,,,,,
35,33.017,33.059,33.129,8595.67,32650.65,0.03,0.05,0,0.112,0.059,11658.23,10971,32.926,33.027,33.123,33.186,11658.23,10605.62,1.73,19860,,,  ,82.1,,,,,,,,,,
36,33.186,33.218,33.244,7354.46,13347.42,0.01,0.04,0,0.057,0.032,12364,13531,33.123,33.186,33.231,33.25,12012.81,11965.52,1.06,19341,,,  ,55.1,,,,,,,,,,
37,33.244,33.301,33.447,221192.76,668650.25,0.58,1.32,0.09,0.204,0.045,13531,12076,33.231,33.25,33.415,33.454,11965.52,11797.39,1.38,233111,,,  ,57.1,,,,,,,,,,
38,33.454,33.505,33.683,77812.89,365978.44,0.32,0.47,0.05,0.229,0.065,12161,11849,33.415,33.454,33.683,33.753,11792.13,11603,3.07,89563,,,  ,57.1,,,,,,,,,,
39,33.742,33.784,33.88,4733.35,19220.59,0.02,0.03,0,0.137,0.043,11015.8,10821,33.683,33.753,33.963,34.033,11015.8,10406.43,2.44,15563,,,  ,55,,,,,,,,,,
40,34.022,34.071,34.138,6623.66,20872.23,0.02,0.04,0,0.116,0.047,8694.31,8299.5,33.963,34.033,34.122,34.262,8694.31,8299.5,1.59,15151,,,  ,55.1,,,,,,,,,,
41,34.251,34.293,34.319,8228.5,19601.51,0.02,0.05,0,0.068,0.04,8020.5,11797,34.122,34.262,34.306,34.325,8020.5,8020.5,0.96,16249,,,  ,57,,,,,,,,,,
42,34.319,34.37,34.389,53318.5,135651.69,0.12,0.32,0.02,0.07,0.049,11797,50361,34.306,34.325,34.376,34.395,8020.5,8020.5,0.59,61339,,,  ,43.1,,,,,,,,,,
43,34.389,34.44,34.516,390866.97,1271621.91,1.1,2.34,0.17,0.127,0.048,50361,41380,34.376,34.395,34.503,34.522,11774.23,15110.79,1.18,403976,,,  ,57.1,,,,,,,,,,
44,34.516,34.561,34.65,150995.13,467640.21,0.4,0.9,0.06,0.134,0.046,41380,18496,34.503,34.522,34.669,34.745,23787.34,18099.35,0.87,172886,,,  ,55.1,,,,,,,,,,
45,34.802,34.917,35.038,5966690.92,20086724.67,17.36,35.69,2.65,0.235,0.053,38323,41377,34.669,34.745,35.241,35.311,15705.45,15665.63,0.32,5982377,,,  ,57.1,,,,,,,,,,
46,35.325,35.394,35.54,178987.4,661734.34,0.57,1.07,0.09,0.215,0.051,22995.36,17808,35.241,35.311,35.54,35.61,22995.36,16859.01,1.25,200025,,,  ,57.1,,,,,,,,,,
47,35.598,35.642,35.689,10846.45,27610.37,0.02,0.06,0,0.091,0.044,15645,13743.51,35.54,35.61,35.706,35.795,15317.13,13743.51,0.33,25395,,,  ,57.1,,,,,,,,,,
48,35.797,35.827,35.871,6542.29,15663.52,0.01,0.04,0,0.074,0.048,13121.3,15215,35.706,35.795,35.858,35.916,13121.3,14951.25,2.42,20391,,,  ,57.1,,,,,,,,,,
49,35.916,35.979,36.043,25534.81,89362.57,0.08,0.15,0.01,0.127,0.053,16422,19197.98,35.858,35.916,36.043,36.081,16054.2,19197.98,1.24,43164,,,  ,57.1,,,,,,,,,,
50,36.086,36.151,36.189,9406.48,30370.11,0.03,0.06,0,0.103,0.059,20091.86,20305,36.043,36.081,36.183,36.208,20091.86,19660.2,0.61,29226,,,  ,57.1,,,,,,,,,,
51,36.189,36.227,36.26,6014.19,12801.17,0.01,0.04,0,0.07,0.032,20305,19365.99,36.183,36.208,36.259,36.31,19660.2,19365.99,0.68,25515,,,  ,57.1,,,,,,,,,,
52,36.31,36.38,36.501,716021.43,2041152.55,1.76,4.28,0.27,0.191,0.041,20522,20890,36.259,36.31,36.507,36.565,18943.48,17179.15,0.94,734318,,,  ,57.1,,,,,,,,,,
53,36.56,36.616,36.761,104827.26,437380.25,0.38,0.63,0.06,0.201,0.06,16913.2,15307.86,36.507,36.565,36.762,36.819,16913.2,15307.86,2.26,121298,,,  ,57.1,,,,,,,,,,
54,36.819,36.857,36.965,29700.26,109946.81,0.1,0.18,0.01,0.147,0.056,14719.38,13256,36.762,36.819,36.953,36.991,14719.38,13190.7,2.31,44018,,,  ,57.1,,,,,,,,,,
55,36.972,37.035,37.086,17061,52803.84,0.05,0.1,0.01,0.115,0.048,13452,15357,36.953,36.991,37.067,37.099,13042,13042,1.46,30103,,,  ,57,,,,,,,,,,
56,37.086,37.124,37.175,11340.81,33150.93,0.03,0.07,0,0.089,0.046,15357,12300.6,37.067,37.099,37.169,37.214,12850.52,12300.6,0.78,23955,,,  ,43.1,,,,,,,,,,
57,37.328,37.449,37.519,739774,3018873.29,2.61,4.43,0.4,0.191,0.05,34098,175762,37.169,37.214,37.513,37.525,13042,13042,0.86,752816,,,  ,57.1,,,,,,,,,,
58,37.519,37.563,37.684,418669,1562520.08,1.35,2.5,0.21,0.165,0.053,175762,26919,37.513,37.525,37.665,37.703,13042,13042,1.36,431711,,,  ,57.1,,,,,,,,,,
59,37.742,37.939,38.06,13879269.01,68203966.9,58.96,83.03,8.99,0.318,0.076,54963,114172,37.665,37.703,38.181,38.231,16846.42,18192.54,0.21,13896950,,,  ,57.1,,,,,,,,,,
60,38.225,38.301,38.499,740865,3263350.71,2.82,4.43,0.43,0.274,0.055,52056,38377,38.181,38.231,38.467,38.524,22702,22702,1.78,763567,,,  ,57.1,,,,,,,,,,
61,38.499,38.543,38.588,20819,87718.1,0.08,0.12,0.01,0.089,0.107,38377,28432,38.467,38.524,38.575,38.613,22702,22702,0.92,43521,,,  ,57.1,,,,,,,,,,
62,38.588,38.639,38.696,37802,159543.29,0.14,0.23,0.02,0.108,0.105,28432,49910,38.575,38.613,38.664,38.728,22702,22702,1.4,60504,,,  ,57.1,,,,,,,,,,
63,38.696,38.74,38.785,35161,158108.17,0.14,0.21,0.02,0.089,0.14,49910,42171,38.664,38.728,38.772,38.804,22702,22702,0.83,57863,,,  ,57.1,,,,,,,,,,
64,38.785,38.88,38.912,83302,403905.24,0.35,0.5,0.05,0.127,0.1,42171,76340,38.772,38.804,38.899,38.925,22702,22702,0.41,106004,,,  ,57.1,,,,,,,,,,
65,38.912,38.989,39.097,90149,516531.08,0.45,0.54,0.07,0.185,0.123,76340,23131,38.899,38.925,39.078,39.135,22702,22702,0.78,112851,,,  ,57.1,,,,,,,,,,
66,39.16,39.237,39.396,1126938.31,3499183.96,3.02,6.74,0.46,0.235,0.045,30081,29533,39.078,39.135,39.434,39.517,22130.74,23903.67,1.15,1149644,,,  ,57.1,,,,,,,,,,
67,39.52,39.567,39.612,27143.45,74203.26,0.06,0.16,0.01,0.092,0.043,24837.05,26343,39.434,39.517,39.606,39.625,24837.05,25532.98,0.91,52341,,,  ,69.1,,,,,,,,,,
68,39.612,39.663,39.774,40442.63,165061.84,0.14,0.24,0.02,0.162,0.049,26343,26756.76,39.606,39.625,39.771,39.828,25532.98,26756.76,2.81,66359,,,  ,57.1,,,,,,,,,,
69,39.821,39.886,39.917,44136.49,144186.12,0.12,0.26,0.02,0.096,0.071,27108.88,60341,39.771,39.828,39.905,39.93,27108.88,27833.03,1,71730,,,  ,55.1,,,,,,,,,,
70,39.917,39.975,40.026,149583.63,537864.31,0.46,0.89,0.07,0.108,0.054,60341,63978,39.905,39.93,40.019,40.032,27833.03,28647.75,0.82,177848,,,  ,55.1,,,,,,,,,,
71,40.026,40.083,40.14,228652.04,986132.9,0.85,1.37,0.13,0.115,0.089,63978,156578,40.019,40.032,40.127,40.146,28647.75,29510.18,1,257731,,,  ,55.1,,,,,,,,,,
72,40.146,40.356,40.496,5847797.51,31826758.18,27.51,34.98,4.2,0.35,0.054,170312,108875,40.127,40.146,40.484,40.509,29558.13,32193.73,0.28,5878937,,,  ,57.1,,,,,,,,,,
73,40.496,40.732,40.827,16572787.88,98620866.87,85.25,99.14,13,0.331,0.095,108875,221796,40.484,40.509,40.821,40.84,50321,61076.98,0.16,16630762,,,  ,57.1,,,,,,,,,,
74,40.827,40.853,40.878,166916.67,474022.96,0.41,1,0.06,0.051,0.064,221796,220230,40.821,40.84,40.872,40.884,81375.77,79918.9,1,247564,,,  ,57.1,,,,,,,,,,
75,40.878,40.903,40.961,198025.54,652735.63,0.56,1.18,0.09,0.083,0.063,220230,127324,40.872,40.884,40.954,40.967,79918.9,77551.84,2,277216,,,  ,57.1,,,,,,,,,,
76,40.961,41.018,41.144,579082.27,2420897.21,2.09,3.46,0.32,0.183,0.061,127324,72305.56,40.954,40.967,41.158,41.202,77551.84,72305.56,1.64,654995,,,  ,57.1,,,,,,,,,,
77,41.219,41.387,41.463,183410.75,1079721.72,0.93,1.1,0.14,0.245,0.07,70387.18,101333,41.158,41.202,41.444,41.495,70387.18,62990.09,0.82,248708,,,  ,57.1,,,,,,,,,,
78,41.463,41.597,41.826,534081.06,4360130.3,3.77,3.19,0.57,0.363,0.127,101333,53496,41.444,41.495,41.801,41.845,62990.09,52031.96,1.5,593034,,,  ,57.1,,,,,,,,,,
79,41.826,41.909,42.1,522714.91,1874561.03,1.62,3.13,0.25,0.274,0.052,53496,42753,41.801,41.845,42.17,42.259,51360.06,42647.04,1.38,571441,,,  ,57.1,,,,,,,,,,
80,42.246,42.316,42.373,20673,84639.99,0.07,0.12,0.01,0.127,0.072,35005,38007,42.17,42.259,42.354,42.386,34751,34751,1.24,55424,,,  ,57.1,,,,,,,,,,
81,42.411,42.57,42.583,1125072,4376467.5,3.78,6.73,0.58,0.172,0.062,56782,1062889,42.354,42.386,42.577,42.589,34751,34751,0.18,1159823,,,  ,55.1,,,,,,,,,,
82,42.583,42.672,42.723,5440893,22692281.08,19.62,32.55,2.99,0.14,0.06,1062889,933767,42.577,42.589,42.723,42.729,34751,34751,0.6,5475644,,,  ,55.1,,,,,,,,,,
83,42.723,42.755,42.793,1454975,4758686.3,4.11,8.7,0.63,0.07,0.076,933767,874256,42.723,42.729,42.793,42.799,34751,34751,1.4,1489726,,,  ,55.1,,,,,,,,,,
84,42.793,42.997,43.028,16716430.02,115682462.54,100,100,15.25,0.235,0.119,874256,7628373,42.793,42.799,43.022,43.028,73080.11,89381.24,0.2,16803608,,,  ,97.1,,,,,,,,,,
85,43.028,43.086,43.162,14661409,52622224.96,45.49,87.71,6.94,0.134,0.075,7628373,558113,43.022,43.028,43.156,43.168,134978,134978,0.43,14796387,,,  ,97.1,,,,,,,,,,
86,43.162,43.283,43.391,11023552,44501843.95,38.47,65.94,5.87,0.229,0.06,558113,329924,43.156,43.168,43.41,43.436,134978,134978,0.37,11158530,,,  ,57.1,,,,,,,,,,
87,43.423,43.448,43.499,205752,719832.05,0.62,1.23,0.09,0.076,0.108,311547,243691,43.41,43.436,43.48,43.518,134978,134978,1.83,340730,,,  ,43.1,,,,,,,,,,
88,43.499,43.563,43.675,371810,1672568.73,1.45,2.22,0.22,0.176,0.064,243691,134978,43.48,43.518,43.671,43.722,134978,134978,0.94,506788,,,  ,57.1,,,,,,,,,,
89,43.742,43.805,43.843,448882.64,1514761.61,1.31,2.69,0.2,0.101,0.061,148433.43,460542,43.671,43.722,43.836,43.843,148433.43,173047.29,0.92,612608,,,  ,67.1,,,,,,,,,,
90,43.843,43.881,43.951,524973.71,1785750.31,1.54,3.14,0.24,0.108,0.069,460542,199453.28,43.836,43.843,43.945,43.976,173047.29,199453.28,1.18,707347,,,  ,55.1,,,,,,,,,,
91,44.021,44.116,44.196,572994.05,2627417.65,2.27,3.43,0.35,0.176,0.074,232572,259426.17,43.945,43.976,44.314,44.371,216559.13,259426.17,1.25,812858,,,  ,57.1,,,,,,,,,,
92,44.371,44.422,44.473,69466,230478.34,0.2,0.42,0.03,0.102,0.055,94679,83383,44.314,44.371,44.511,44.568,94679,83383,0.78,158497,,,  ,57.1,,,,,,,,,,
93,44.702,44.759,44.816,15736.2,63347.05,0.05,0.09,0.01,0.114,0.138,78619,71219.2,44.619,44.721,44.829,44.867,78265.93,71219.2,0.36,90472,,,  ,43.1,,,,,,,,,,
94,44.937,45.128,45.172,10180449.97,51098801.35,44.17,60.9,6.74,0.235,0.071,204773,1904038,44.829,44.867,45.166,45.172,71806.23,72042.78,0.35,10252448,,,  ,55.1,,,,,,,,,,
95,45.172,45.198,45.236,2376209.66,7100099.67,6.14,14.21,0.94,0.064,0.064,1904038,1231413,45.166,45.172,45.23,45.236,72042.78,72106.71,1.2,2448278,,,  ,55.1,,,,,,,,,,
96,45.236,45.459,45.567,16286329.54,110328635,95.37,97.43,14.54,0.331,0.096,1231413,554393,45.23,45.236,45.56,45.573,72106.71,72439.14,0.23,16358660,,,  ,97.1,,,,,,,,,,
97,45.567,45.637,45.898,1403900.53,8898562.03,7.69,8.4,1.17,0.331,0.065,554393,287728,45.56,45.573,45.821,45.91,72439.14,72771.58,3.58,1476410,,,  ,57.1,,,,,,,,,,
98,45.898,45.955,46.108,385839.87,2646616.93,2.29,2.31,0.35,0.21,0.177,287728,192317,45.821,45.91,46.057,46.114,72771.58,72982.56,1.19,458669,,,  ,57.1,,,,,,,,,,
99,46.108,46.222,46.349,395366.37,3179226.58,2.75,2.37,0.42,0.242,0.101,192317,226258,46.057,46.114,46.318,46.349,72982.56,73225.49,0.77,468464,,,  ,55.1,,,,,,,,,,
100,46.349,46.712,47.011,960052.1,18852734.18,16.3,5.74,2.49,0.662,0.269,226258,181886,46.318,46.349,46.979,47.024,73225.49,73890.38,0.79,1033642,,,  ,257.2,,,,,,,,,,
101,47.011,47.062,47.215,135097.47,1176176.44,1.02,0.81,0.16,0.204,0.232,181886,140208,46.979,47.024,47.151,47.234,73890.38,74094.96,2.08,209039,,,  ,57.1,,,,,,,,,,
102,47.227,47.348,47.494,1556195.79,8489898.96,7.34,9.31,1.12,0.267,0.06,142621,298670,47.151,47.234,47.482,47.501,74107.75,74376.26,1.86,1630425,,,  ,55.1,,,,,,,,,,
103,47.494,47.571,47.603,685776.03,2860165.81,2.47,4.1,0.38,0.108,0.073,298670,543530,47.482,47.501,47.603,47.609,74376.26,74484.94,0.43,760229,,,  ,57.1,,,,,,,,,,
104,47.603,47.634,47.844,609969.09,3331298.59,2.88,3.65,0.44,0.242,0.068,543530,142392,47.603,47.609,47.832,47.863,74484.94,74727.87,7.2,684486,,,  ,57.1,,,,,,,,,,
105,47.844,47.883,48.105,87312.76,835981.7,0.72,0.52,0.11,0.261,0.152,142392,109795,47.832,47.863,48.003,48.143,74727.87,74990,5.12,162079,,,  ,57.1,,,,,,,,,,
106,48.105,48.201,48.398,75613.12,846646.21,0.73,0.45,0.11,0.293,0.302,109795,106120,48.003,48.143,48.341,48.423,74990,75284.08,1.13,150699,,,  ,57.1,,,,,,,,,,
107,48.398,48.462,48.814,40712.99,500020.03,0.43,0.24,0.07,0.416,0.222,106120,75702.4,48.341,48.423,48.875,49.06,75284.08,75702.4,2.56,116061,,,  ,207,,,,,,,,,,
108,49.028,49.066,49.149,8925.86,30327.97,0.03,0.05,0,0.121,0.19,68615,66158,48.875,49.06,49.206,49.441,68615,66158,0.32,76765,,,  ,207,,,,,,,,,,
109,49.416,49.454,49.492,6698.58,17506.85,0.02,0.04,0,0.076,0.237,65710,64917,49.206,49.441,49.499,49.645,64644.81,63712.03,0.33,70877,,,  ,207,,,,,,,,,,
110,49.642,49.715,49.906,56444.4,397808.86,0.34,0.34,0.05,0.263,0.09,65725.04,76168,49.499,49.645,49.88,49.969,65725.04,65108.83,4.03,122000,,,  ,55.1,,,,,,,,,,
111,49.906,50.027,50.173,21507.13,194564.79,0.17,0.13,0.03,0.267,0.191,76168,65759,49.88,49.969,50.516,50.796,65108.83,64483.38,0.95,86333,,,  ,207,,,,,,,,,,
112,50.79,50.841,50.917,10351.49,44769.79,0.04,0.06,0.01,0.127,0.315,58556,58788,50.516,50.796,50.892,51.089,57968.66,58495.71,0.23,68531,,,  ,207,,,,,,,,,,
113,51.081,51.153,51.331,39580.67,238946.32,0.21,0.24,0.03,0.25,0.084,60022.19,60144.53,50.892,51.089,51.28,51.439,60022.19,60144.53,2.12,99638,,,  ,207,,,,,,,,,,
114,51.409,51.458,51.509,11539.01,34578.24,0.03,0.07,0,0.1,0.053,60182.84,60998,51.28,51.439,51.515,51.763,60182.84,60231.94,1.04,71746,,,  ,207,,,,,,,,,,
115,51.762,52.031,52.393,35362.96,652714.64,0.56,0.21,0.09,0.631,0.302,61842.46,58992,51.515,51.763,52.514,52.883,61842.46,58431.16,1.14,95754,,,  ,207,,,,,,,,,,
116,53.157,53.564,54.003,177578.41,3944771.11,3.41,1.06,0.52,0.846,0.335,87826.04,144259,52.514,52.883,53.939,54.117,87826.04,142766.32,1.91,291833,,,  ,257.2,,,,,,,,,,
117,54.433,54.582,54.752,110814.64,898962.37,0.78,0.66,0.12,0.318,0.125,120861.85,107328.64,54.353,54.454,54.779,54.881,120861.85,107328.64,0.88,225369,,,  ,69.1,,,,,,,,,,
118,54.996,55.32,55.695,499172.17,8195320.34,7.08,2.99,1.08,0.699,0.249,160395.53,162467.44,54.779,54.881,56.007,56.261,160395.53,162467.44,1.09,660528,,,  ,257.2,,,,,,,,,,
119,56.363,56.834,57.05,29032.04,706261.22,0.61,0.17,0.09,0.687,0.408,119529,128732,56.007,56.261,57.025,57.279,118206.82,127663.01,0.7,153718,,,  ,257.2,,,,,,,,,,
120,57.305,57.814,57.992,98445.05,2417078.46,2.09,0.59,0.32,0.687,0.444,133972,182108,57.025,57.279,57.966,57.992,132382.08,142636.42,0.42,238423,,,  ,257.2,,,,,,,,,,
,,,,,,,,,,,,,,,,,,,,,,,,,,,,,,,,,,
 + TIC Scan DR_352.D ,,,,,,,,,,,,,,,,,,,,,,,,,,,,,,,,,,
Peak ,Start,RT,End,Height,Area,Area %,Height %,Area Sum %,Width,FWHM,Start Y,End Y,B1 Start,B1 End,B2 Start,B2 End,Start BL Y,End BL Y,Symmetry,Max Y,SNR,Height % (Norm),Baseline,Base Peak,k',Label,Cpd,Type,Plates,Plates/M,Resolution,Saturated,Tailing factor,Flags (Tgt)
1,4.093,4.125,4.251,62813.44,176239.5,0.17,0.4,0.03,0.158,0.039,59221,38691.11,4.093,4.1,4.59,4.653,47611.52,38691.11,1.59,108625,,,  ,281,,,,,,,,,,
2,4.647,4.672,4.819,6541.81,40567.41,0.04,0.04,0.01,0.172,0.097,19683,18159,4.59,4.653,5.595,5.862,19683,18159,6.16,25999,,,  ,57.1,,,,,,,,,,
3,6.03,6.11,6.205,7665.12,37076.07,0.04,0.05,0.01,0.176,0.081,13267.14,13590,5.595,5.862,6.32,6.447,13267.14,13179.15,1.37,20892,,,  ,57.1,,,,,,,,,,
4,6.45,6.524,6.619,15508.76,70164.32,0.07,0.1,0.01,0.169,0.073,12558.2,12261,6.32,6.447,6.613,6.81,12558.2,11970.62,0.91,27811,,,  ,43.1,,,,,,,,,,
5,6.804,6.842,6.873,6164.41,14695.93,0.01,0.04,0,0.069,0.042,11370.5,13715,6.613,6.81,6.854,6.88,11370.5,11148.22,1.1,17415,,,  ,57.1,,,,,,,,,,
6,6.873,6.905,7.007,6466.2,24162.09,0.02,0.04,0,0.134,0.057,13715,10975,6.854,6.88,7.052,7.242,11148.22,10718.15,1.12,17512,,,  ,43.1,,,,,,,,,,
7,7.4,7.446,7.586,24320.13,78592.75,0.07,0.15,0.01,0.186,0.04,10197.96,10716,7.262,7.408,9.813,10.169,10197.96,9683.17,2.02,34390,,,  ,73,,,,,,,,,,
8,11.702,11.753,11.906,25889.72,81267.77,0.08,0.16,0.01,0.204,0.041,12304,11501,10.659,10.958,13.172,13.395,12304,11501,1.58,37993,,,  ,73,,,,,,,,,,
9,15.946,15.977,16.027,3824.91,8856.85,0.01,0.02,0,0.082,0.034,4941,4847.59,15.818,15.946,16.009,16.105,4833.66,4847.59,1.45,8664,,,  ,73,,,,,,,,,,
10,16.029,16.137,16.181,2244.98,9153.45,0.01,0.01,0,0.152,0.129,4849.16,4956,16.009,16.105,17.333,18.669,4849.16,4846.13,0.41,7092,,,  ,41,,,,,,,,,,
11,21.326,21.551,22.25,6577.38,186526.76,0.18,0.04,0.03,0.924,0.58,3559.74,4777,20.908,21.328,22.339,22.607,3559.74,4696.53,3.61,10413,,,  ,69,,,,,,,,,,
12,23.14,23.249,23.376,6215.37,48339.96,0.05,0.04,0.01,0.236,0.132,4202.37,4736,22.988,23.135,23.332,23.415,4202.37,4181.24,1.26,10408,,,  ,41.1,,,,,,,,,,
13,23.376,23.446,23.548,4015.36,22028.86,0.02,0.03,0,0.172,0.07,4736,3992,23.332,23.415,23.669,24.013,4031.78,3886.59,0.86,7988,,,  ,41.1,,,,,,,,,,
14,24.017,24.095,24.28,5431.47,41063.77,0.04,0.03,0.01,0.262,0.127,3888.31,4040,23.669,24.013,24.343,24.534,3888.31,3855.37,2.84,9310,,,  ,41.1,,,,,,,,,,
15,24.522,24.592,24.763,2513.05,19160.2,0.02,0.02,0,0.242,0.147,3613,3599,24.343,24.534,24.751,24.98,3613,3599,2.88,6122,,,  ,57.1,,,,,,,,,,
16,26.233,26.277,26.295,1737.62,3155.16,0,0.01,0,0.062,0.035,3031.19,3046.68,25.985,26.233,26.29,26.367,3031.19,3046.68,0.36,4780,,,  ,73.1,,,,,,,,,,
17,26.43,26.5,26.632,1996.45,11993.57,0.01,0.01,0,0.202,0.133,3003,3038.2,26.29,26.367,26.799,26.99,2979.05,3038.2,1.93,4996,,,  ,57.1,,,,,,,,,,
18,27.194,27.206,27.225,2223.96,1787.74,0,0.01,0,0.032,0.209,2619,2829,26.799,26.99,27.518,27.703,2619,2829,0.08,4927,,,  ,41.1,,,,,,,,,,
19,27.758,27.811,27.916,2654.87,11752.13,0.01,0.02,0,0.158,0.128,3066.19,3340.11,27.518,27.703,27.957,28.116,3066.19,3340.11,2.19,5812,,,  ,43.1,,,,,,,,,,
20,28.192,28.282,28.587,48178.31,307614.35,0.29,0.31,0.04,0.394,0.078,4318,5621,28.129,28.129,28.803,29.007,4094.99,4018.39,3.47,52256,,,  ,57.1,,,,,,,,,,
21,29.974,30.018,30.203,27223.57,134210.19,0.13,0.17,0.02,0.228,0.064,4632.88,5459,29.643,29.904,30.349,30.451,4632.88,5446.54,4,32013,,,  ,57.1,,,,,,,,,,
22,30.451,30.502,30.635,4982.07,27783.56,0.03,0.03,0,0.185,0.082,3410,3185,30.349,30.451,30.725,30.947,3410,3185,2.38,8330,,,  ,41,,,,,,,,,,
23,31.069,31.221,31.297,144589,910629.94,0.87,0.92,0.13,0.228,0.072,35890,74828,30.973,31.03,31.291,31.303,35890,35890,0.58,180479,,,  ,55.1,,,,,,,,,,
24,31.297,31.348,31.408,38622.93,136123.98,0.13,0.24,0.02,0.111,0.063,74828,48369.68,31.291,31.303,31.52,31.552,63831.72,48369.68,0.6,95360,,,  ,55.1,,,,,,,,,,
25,31.561,31.583,31.603,4406.34,5880.21,0.01,0.03,0,0.042,0.025,34566.42,33683.37,31.52,31.552,31.596,31.622,34566.42,33683.37,0.66,38499,,,  ,55.1,,,,,,,,,,
26,31.618,31.692,31.812,1814334.31,5362748.17,5.1,11.5,0.77,0.194,0.043,33147.92,47906,31.596,31.622,32.041,32.105,33147.92,25797.7,0.81,1844708,,,  ,57.1,,,,,,,,,,
27,32.11,32.143,32.205,6026.28,16929.65,0.02,0.04,0,0.094,0.049,17189.63,14576.55,32.041,32.105,32.194,32.232,17189.63,14576.55,1.14,22306,,,  ,57.1,,,,,,,,,,
28,32.229,32.277,32.353,18181.74,65894.1,0.06,0.12,0.01,0.125,0.054,14503.48,12264,32.194,32.232,32.519,32.703,14503.48,11884.22,1.28,31671,,,  ,57.1,,,,,,,,,,
29,32.779,32.862,33.033,12803.72,80318.61,0.08,0.08,0.01,0.254,0.094,7649,7429.39,32.722,32.786,33.117,33.174,7487.1,7429.39,1.89,20272,,,  ,57.1,,,,,,,,,,
30,33.174,33.218,33.244,7644.88,18929.73,0.02,0.05,0,0.069,0.047,7522.96,10936,33.117,33.174,33.237,33.257,7522.96,7529.53,0.99,15172,,,  ,57.1,,,,,,,,,,
31,33.244,33.307,33.435,201201.45,652797.77,0.62,1.27,0.09,0.191,0.048,10936,10041,33.237,33.257,33.416,33.447,7529.53,7547.58,1.4,208737,,,  ,57.1,,,,,,,,,,
32,33.435,33.505,33.734,116847.79,608209.81,0.58,0.74,0.09,0.299,0.07,10041,10371,33.416,33.447,33.702,33.746,7547.58,7575.88,2.8,124402,,,  ,57.1,,,,,,,,,,
33,33.734,33.785,33.971,6302.31,48473.07,0.05,0.04,0.01,0.238,0.164,10371,7598.36,33.702,33.746,33.963,34.033,7575.88,7598.36,2.14,13883,,,  ,57.1,,,,,,,,,,
34,34.026,34.077,34.128,6551.98,20250.61,0.02,0.04,0,0.102,0.049,7090,7346,33.963,34.033,34.147,34.255,7090,7346,1.07,13770,,,  ,41.1,,,,,,,,,,
35,34.261,34.294,34.313,7532.4,14081.48,0.01,0.05,0,0.052,0.033,7646.15,10260,34.147,34.255,34.306,34.325,7646.15,7659.51,1.06,15187,,,  ,57.1,,,,,,,,,,
36,34.313,34.37,34.389,52416.78,124668.54,0.12,0.33,0.02,0.076,0.046,10260,49642,34.306,34.325,34.383,34.395,7659.51,7679.12,0.63,60091,,,  ,43.1,,,,,,,,,,
37,34.389,34.446,34.516,379786.76,1224828.9,1.17,2.41,0.18,0.127,0.047,49642,39827,34.383,34.395,34.51,34.523,9674.13,11661.22,0.89,390355,,,  ,57.1,,,,,,,,,,
38,34.516,34.567,34.688,145994,496703.21,0.47,0.93,0.07,0.172,0.05,39827,12579,34.51,34.523,34.682,34.72,12239,12239,0.94,158233,,,  ,55.1,,,,,,,,,,
39,34.803,34.917,35.038,5728950.5,19270998.81,18.33,36.3,2.75,0.235,0.053,33871,42801,34.682,34.72,35.261,35.311,13059.92,14035.45,0.34,5742485,,,  ,57.1,,,,,,,,,,
40,35.312,35.394,35.547,158375.57,636060.1,0.61,1,0.09,0.235,0.055,15248.73,16306,35.261,35.311,35.541,35.611,15248.73,16050.19,1.24,173904,,,  ,57.1,,,,,,,,,,
41,35.604,35.636,35.692,9174.54,23389.64,0.02,0.06,0,0.088,0.038,15388,12263.23,35.541,35.611,35.712,35.789,15009.74,12263.23,0.41,23194,,,  ,57.1,,,,,,,,,,
42,35.791,35.827,35.89,9118.48,28400.2,0.03,0.06,0,0.1,0.055,10765.45,14062,35.712,35.789,35.865,35.916,10765.45,12808.64,3.19,20624,,,  ,57.1,,,,,,,,,,
43,35.916,35.979,36.06,27861.99,102614.35,0.1,0.18,0.01,0.143,0.057,15772.94,16707.25,35.865,35.916,36.056,36.088,15772.94,16707.25,1.18,44047,,,  ,57.1,,,,,,,,,,
44,36.091,36.139,36.235,8437.53,31005.8,0.03,0.05,0,0.144,0.051,18680.12,18559.7,36.056,36.088,36.247,36.285,18680.12,18559.7,1.26,27078,,,  ,57.1,,,,,,,,,,
45,36.313,36.38,36.516,740330.8,2208265.66,2.1,4.69,0.32,0.203,0.045,18494.34,18324.49,36.247,36.285,36.514,36.558,18494.34,18324.49,1.02,758769,,,  ,57.1,,,,,,,,,,
46,36.558,36.616,36.762,142644.3,600349.97,0.57,0.9,0.09,0.204,0.06,17507,16522,36.514,36.558,36.787,36.813,17413.15,16223.85,1.94,159723,,,  ,57.1,,,,,,,,,,
47,36.82,36.864,36.942,29073.74,92200.53,0.09,0.18,0.01,0.122,0.05,15887.41,15172.53,36.787,36.813,36.953,36.985,15887.41,15172.53,1.52,44703,,,  ,57.1,,,,,,,,,,
48,36.988,37.029,37.086,14549.53,43818.56,0.04,0.09,0.01,0.099,0.05,14229.32,14688,36.953,36.985,37.067,37.093,14229.32,13030.38,1.27,28274,,,  ,57,,,,,,,,,,
49,37.086,37.125,37.179,12980.54,36621.31,0.03,0.08,0.01,0.092,0.046,14688,11911.5,37.067,37.093,37.176,37.207,13030.38,11911.5,0.79,25548,,,  ,55.1,,,,,,,,,,
50,37.328,37.449,37.525,646383.26,2635021.31,2.51,4.1,0.38,0.197,0.048,31693,164374,37.176,37.207,37.519,37.532,22064.46,26783.75,0.99,671340,,,  ,57.1,,,,,,,,,,
51,37.525,37.57,37.669,387596.59,1281613.35,1.22,2.46,0.18,0.143,0.05,164374,30215.63,37.519,37.532,37.678,37.697,26783.75,30215.63,1.02,415446,,,  ,57.1,,,,,,,,,,
52,37.742,37.958,38.079,15080638.95,81720625.07,77.74,95.56,11.68,0.337,0.085,52420,111063,37.678,37.697,38.193,38.232,31959.7,40028.33,0.17,15117775,,,  ,57.1,,,,,,,,,,
53,38.232,38.302,38.455,681668.97,2816552.3,2.68,4.32,0.4,0.223,0.055,54840,49027.36,38.193,38.232,38.467,38.505,43682.36,49027.36,1.99,727026,,,  ,57.1,,,,,,,,,,
54,38.524,38.531,38.588,4342.29,15945.11,0.02,0.03,0,0.064,0.026,47287,31435,38.467,38.505,38.588,38.607,47287,31435,1.34,50047,,,  ,57.1,,,,,,,,,,
55,38.631,38.645,38.673,12069.4,15049.81,0.01,0.08,0,0.042,0.022,53250.77,54245.63,38.588,38.607,38.671,38.715,53250.77,54245.63,2.13,65647,,,  ,57.1,,,,,,,,,,
56,38.712,38.741,38.767,6415.69,12215.91,0.01,0.04,0,0.055,0.037,55837,51089.88,38.671,38.715,38.779,38.798,55837,51089.88,0.5,59773,,,  ,57.1,,,,,,,,,,
57,38.824,38.874,38.912,38187.74,113457.64,0.11,0.24,0.02,0.088,0.047,57854.06,68896,38.779,38.798,38.906,38.919,57854.06,59971.56,0.99,97246,,,  ,57.1,,,,,,,,,,
58,38.912,38.989,39.023,36664.42,141311.62,0.13,0.23,0.02,0.11,0.079,68896,62611.12,38.906,38.919,39.078,39.135,59971.56,62611.12,0.38,98463,,,  ,57.1,,,,,,,,,,
59,39.16,39.237,39.396,1091620.41,3434955.32,3.27,6.92,0.49,0.235,0.045,30194,30638,39.078,39.135,39.459,39.523,23245.75,23322.33,1.21,1114891,,,  ,57.1,,,,,,,,,,
60,39.524,39.568,39.606,9125,23706,0.02,0.06,0,0.082,0.047,23129,23289,39.459,39.523,39.593,39.625,23129,23129,0.85,32254,,,  ,69.1,,,,,,,,,,
61,39.624,39.669,39.776,39749.58,160431.94,0.15,0.25,0.02,0.152,0.053,24900.48,26889.08,39.593,39.625,39.771,39.828,24900.48,26889.08,2.52,65246,,,  ,57.1,,,,,,,,,,
62,39.822,39.892,39.924,53641.75,176312.61,0.17,0.34,0.03,0.102,0.061,27475,58764,39.771,39.828,39.918,39.924,27199.25,27199.25,0.64,80841,,,  ,55.1,,,,,,,,,,
63,39.924,39.975,40.026,167434.75,584568.31,0.56,1.06,0.08,0.102,0.054,58764,61479,39.918,39.924,40.026,40.032,27199.25,27199.25,1,194634,,,  ,55.1,,,,,,,,,,
64,40.026,40.089,40.14,221424.75,940844.56,0.89,1.4,0.13,0.115,0.087,61479,146648,40.026,40.032,40.128,40.147,27199.25,27199.25,0.9,248624,,,  ,55.1,,,,,,,,,,
65,40.153,40.35,40.496,4901700.75,26311866.62,25.03,31.06,3.76,0.344,0.051,174302,95555,40.128,40.147,40.484,40.503,27199.25,27199.25,0.31,4928900,,,  ,57.1,,,,,,,,,,
66,40.496,40.719,40.834,15655263.99,88714090.07,84.39,99.2,12.68,0.337,0.088,95555,195133,40.484,40.503,40.955,40.967,34676.15,38295.1,0.21,15692330,,,  ,57.1,,,,,,,,,,
67,40.961,41.018,41.132,589203.25,2308381.03,2.2,3.73,0.33,0.171,0.058,111630,73778.06,40.955,40.967,41.158,41.196,79782.74,73778.06,1.76,666981,,,  ,57.1,,,,,,,,,,
68,41.22,41.304,41.33,63978.96,195678.6,0.19,0.41,0.03,0.11,0.056,70698.36,117441,41.158,41.196,41.324,41.336,70698.36,66860.32,0.53,131730,,,  ,57.1,,,,,,,,,,
69,41.33,41.394,41.47,152095.23,698219.19,0.66,0.96,0.1,0.14,0.068,117441,88974,41.324,41.336,41.464,41.495,66860.32,61958.45,1.45,216727,,,  ,57.1,,,,,,,,,,
70,41.47,41.591,41.805,409936.09,3320540.48,3.16,2.6,0.47,0.335,0.129,88974,50238.08,41.464,41.495,41.807,41.839,61958.45,50238.08,1.71,467661,,,  ,57.1,,,,,,,,,,
71,41.842,41.909,42.062,512344.62,1657658.11,1.58,3.25,0.24,0.22,0.046,49503.1,42311,41.807,41.839,42.163,42.259,49503.1,40214.73,1.34,559014,,,  ,57.1,,,,,,,,,,
72,42.252,42.31,42.373,22837.5,91918.81,0.09,0.14,0.01,0.121,0.067,32615,37303,42.163,42.259,42.361,42.38,32348.5,32348.5,1.44,55186,,,  ,57.1,,,,,,,,,,
73,42.418,42.558,42.59,1062917.5,4463421.25,4.25,6.74,0.64,0.172,0.062,61092,902767,42.361,42.38,42.583,42.59,32348.5,32348.5,0.32,1095266,,,  ,55.1,,,,,,,,,,
74,42.59,42.666,42.717,4331045.5,17095971.9,16.26,27.44,2.44,0.127,0.057,902767,759536,42.583,42.59,42.717,42.723,32348.5,32348.5,0.69,4363394,,,  ,55.1,,,,,,,,,,
75,42.717,42.749,42.793,1134894.5,4364676.4,4.15,7.19,0.62,0.076,0.083,759536,849708,42.717,42.723,42.787,42.8,32348.5,32348.5,1.6,1167243,,,  ,55.1,,,,,,,,,,
76,42.793,42.978,43.009,14962268.07,93203640.69,88.66,94.81,13.32,0.216,0.102,849708,5925332,42.787,42.8,43.003,43.009,82730.45,100480.94,0.22,15060138,,,  ,97.1,,,,,,,,,,
77,43.009,43.06,43.149,12030327.67,42465244.62,40.39,76.23,6.07,0.14,0.065,5925332,418928,43.003,43.009,43.143,43.156,178272.33,178272.33,0.61,12208600,,,  ,97.1,,,,,,,,,,
78,43.149,43.277,43.398,9658755.67,39542619.4,37.61,61.2,5.65,0.248,0.061,418928,276750,43.143,43.156,43.41,43.429,178272.33,178272.33,0.32,9837028,,,  ,57.1,,,,,,,,,,
79,43.423,43.442,43.493,100628.67,251663.78,0.24,0.64,0.04,0.07,0.054,256673,186133,43.41,43.429,43.48,43.499,178272.33,178272.33,1.5,278901,,,  ,57.1,,,,,,,,,,
80,43.493,43.569,43.626,287084.67,1017989.24,0.97,1.82,0.15,0.133,0.054,186133,178272.33,43.48,43.499,43.671,43.722,178272.33,178272.33,0.84,465357,,,  ,57.1,,,,,,,,,,
81,43.746,43.805,43.837,380062.97,1197641.22,1.14,2.41,0.17,0.091,0.064,130157.07,398544,43.671,43.722,43.83,43.843,130157.07,150504.85,0.92,523424,,,  ,43.1,,,,,,,,,,
82,43.837,43.881,43.951,423965.67,1482294.55,1.41,2.69,0.21,0.114,0.073,398544,178272.33,43.83,43.843,43.945,43.976,178272.33,178272.33,0.89,602238,,,  ,55.1,,,,,,,,,,
83,44.024,44.11,44.27,539433.15,2833427.89,2.7,3.42,0.41,0.246,0.079,212276,111278.2,43.945,43.976,44.333,44.365,212276,111278.2,1.33,716406,,,  ,57.1,,,,,,,,,,
84,44.358,44.415,44.486,103523.17,330586.91,0.31,0.66,0.05,0.128,0.05,80044,75290.63,44.333,44.365,44.524,44.568,77632.44,75290.63,1.09,180109,,,  ,57.1,,,,,,,,,,
85,44.657,44.765,44.813,15214,64607.73,0.06,0.1,0.01,0.156,0.183,72728,69321.26,44.613,44.714,44.835,44.867,72167.57,69321.26,0.29,85405,,,  ,57,,,,,,,,,,
86,44.937,45.122,45.166,9285543.5,44049553.21,41.9,58.84,6.3,0.229,0.065,213601,1559304,44.835,44.867,45.16,45.166,67200.5,67200.5,0.36,9352744,,,  ,55.1,,,,,,,,,,
87,45.166,45.192,45.23,2103788.5,6499678.02,6.18,13.33,0.93,0.064,0.076,1559304,1168326,45.16,45.166,45.23,45.236,67200.5,67200.5,1.4,2170989,,,  ,55.1,,,,,,,,,,
88,45.23,45.452,45.573,15781570.66,105125034.17,100,100,15.03,0.344,0.091,1168326,457385,45.23,45.236,45.567,45.58,110118.71,132613.46,0.26,15906269,,,  ,97.1,,,,,,,,,,
89,45.573,45.631,45.79,1103510.85,4519637.03,4.3,6.99,0.65,0.216,0.051,457385,260915,45.567,45.58,45.72,45.853,174269.77,171671.85,1.13,1277093,,,  ,57.1,,,,,,,,,,
90,45.79,45.949,46.097,249953.46,1747486.35,1.66,1.58,0.25,0.307,0.065,260915,167985.3,45.72,45.853,46.089,46.114,171671.85,167985.3,0.34,419715,,,  ,57.1,,,,,,,,,,
91,46.114,46.216,46.324,283290.73,1422296.27,1.35,1.8,0.2,0.21,0.065,167773.27,213528,46.089,46.114,46.318,46.35,167773.27,165253.31,1.75,449843,,,  ,55.1,,,,,,,,,,
92,46.324,46.833,47.227,1983204.75,35453269.7,33.72,12.57,5.07,0.903,0.226,213528,219874,46.318,46.35,47.196,47.234,165253.31,154402.82,0.63,2142345,,,  ,257.2,,,,,,,,,,
93,47.227,47.348,47.488,1604239.08,8152293.93,7.75,10.17,1.17,0.261,0.057,219874,325668,47.196,47.234,47.482,47.501,154402.82,151269.82,1.9,1757190,,,  ,55.1,,,,,,,,,,
94,47.488,47.571,47.609,645483.47,2827106.41,2.69,4.09,0.4,0.121,0.071,325668,549281,47.482,47.501,47.603,47.609,151269.82,149818.12,0.43,795760,,,  ,57.1,,,,,,,,,,
95,47.609,47.641,47.832,513478.02,2212810.05,2.1,3.25,0.32,0.222,0.068,549281,147146.71,47.603,47.609,47.832,47.87,149818.12,147146.71,2.31,662914,,,  ,57.1,,,,,,,,,,
96,47.864,47.889,47.926,19690.08,41067.62,0.04,0.12,0.01,0.062,0.037,147943,146011.98,47.832,47.87,48.023,48.144,146761.59,146011.98,1.38,166146,,,  ,57.1,,,,,,,,,,
97,48.133,48.201,48.404,45194.27,305154.01,0.29,0.29,0.04,0.272,0.085,118573.41,112108,48.023,48.144,48.341,48.417,118573.41,105064.56,1.64,160376,,,  ,57.1,,,,,,,,,,
98,48.404,48.468,48.665,17992.96,168872.44,0.16,0.11,0.02,0.261,0.202,112108,92418,48.341,48.417,48.926,49.034,104906.33,91755.32,0.78,119692,,,  ,57.1,,,,,,,,,,
99,49.034,49.053,49.136,9651.35,34690.98,0.03,0.06,0,0.102,0.057,73114,70925,48.926,49.034,49.289,49.403,73114,70925,3.78,82355,,,  ,207,,,,,,,,,,
100,49.645,49.728,49.83,56879.58,341436.98,0.32,0.36,0.05,0.185,0.092,67815.18,77049,49.518,49.645,49.823,49.868,67815.18,66330.35,1.97,124028,,,  ,55.1,,,,,,,,,,
101,49.83,49.88,49.938,17098.75,87577.69,0.08,0.11,0.01,0.108,0.165,77049,75689,49.823,49.868,49.899,49.989,66330.35,65461.11,1.89,83020,,,  ,207,,,,,,,,,,
102,49.938,49.989,50.167,17301.99,139324.71,0.13,0.11,0.02,0.229,0.175,75689,64049,49.899,49.982,50.23,50.402,65461.11,63620.28,1.7,82354,,,  ,207,,,,,,,,,,
103,50.396,50.453,50.498,7659.37,22029.16,0.02,0.05,0,0.102,0.069,59638,59472,50.23,50.402,50.637,50.777,59638,59472,0.79,67204,,,  ,207,,,,,,,,,,
104,50.781,50.854,50.905,9662.55,33733.85,0.03,0.06,0,0.124,0.063,58302.4,59354,50.637,50.777,50.956,51.083,58302.4,58821.46,0.75,68271,,,  ,207,,,,,,,,,,
105,51.087,51.159,51.305,31013.25,163404.33,0.16,0.2,0.02,0.218,0.087,59501.93,59577.37,50.956,51.083,51.261,51.42,59501.93,59577.37,1.79,90540,,,  ,207,,,,,,,,,,
106,51.395,51.484,51.611,15378.49,91346.13,0.09,0.1,0.01,0.216,0.094,58347,56743,51.261,51.42,51.579,51.795,58347,56743,1.35,73065,,,  ,207,,,,,,,,,,
107,51.822,52.024,52.342,20764.57,317418.21,0.3,0.13,0.05,0.52,0.27,57956.16,54247,51.579,51.795,52.552,52.896,57956.16,53421.05,1.16,76959,,,  ,207,,,,,,,,,,
108,53.196,53.57,54.001,163336.86,3400575.78,3.23,1.03,0.49,0.804,0.327,81947.41,113935.67,52.552,52.896,53.958,54.054,81947.41,113935.67,1.48,260165,,,  ,257.2,,,,,,,,,,
109,54.035,54.232,54.391,44035.66,453970.92,0.43,0.28,0.06,0.356,0.182,115311.16,129476.04,53.958,54.054,54.404,54.499,115311.16,129476.04,1.31,167177,,,  ,57.1,,,,,,,,,,
110,54.506,54.569,54.703,33461.15,220047.68,0.21,0.21,0.03,0.197,0.107,125670,96225,54.404,54.499,54.785,54.875,125670,96225,0.46,149633,,,  ,57.1,,,,,,,,,,
111,54.9,55.447,56.045,1047911.19,21837814.22,20.77,6.64,3.12,1.145,0.265,93086,135806,54.785,54.875,56.955,57.082,84407.07,92678.18,1.04,1136270,,,  ,257.2,,,,,,,,,,
,,,,,,,,,,,,,,,,,,,,,,,,,,,,,,,,,,
 + TIC Scan DR_354.D ,,,,,,,,,,,,,,,,,,,,,,,,,,,,,,,,,,
Peak ,Start,RT,End,Height,Area,Area %,Height %,Area Sum %,Width,FWHM,Start Y,End Y,B1 Start,B1 End,B2 Start,B2 End,Start BL Y,End BL Y,Symmetry,Max Y,SNR,Height % (Norm),Baseline,Base Peak,k',Label,Cpd,Type,Plates,Plates/M,Resolution,Saturated,Tailing factor,Flags (Tgt)
1,4.099,4.125,4.316,29852.07,141999.56,0.23,0.24,0.03,0.216,0.054,50416,36275,4.093,4.099,4.927,5.156,37410.01,31544.57,3.08,66572,,,  ,281,,,,,,,,,,
2,6.046,6.11,6.224,10229,53740.66,0.09,0.08,0.01,0.178,0.09,12010,12318,5.601,6.053,6.288,6.453,12010,12318,1.81,22349,,,  ,43.1,,,,,,,,,,
3,6.45,6.517,6.631,23626.98,99951.1,0.16,0.19,0.02,0.18,0.068,12499.27,12203.64,6.288,6.453,6.632,6.81,12499.27,12203.64,1.17,36017,,,  ,43.1,,,,,,,,,,
4,6.805,6.835,6.88,9829.13,24057.87,0.04,0.08,0.01,0.074,0.039,11762.92,15320,6.632,6.81,6.854,6.886,11762.92,11612.55,1.97,21532,,,  ,43.1,,,,,,,,,,
5,6.88,6.905,6.969,10668.07,29202.42,0.05,0.09,0.01,0.089,0.043,15320,11522,6.854,6.886,7.026,7.401,11612.55,11431.91,0.97,22229,,,  ,43.1,,,,,,,,,,
6,7.401,7.446,7.605,20732.37,72327.88,0.12,0.17,0.02,0.204,0.039,10641,10461,7.026,7.401,10.684,11.708,10339.25,9687.23,2.35,30929,,,  ,73.1,,,,,,,,,,
7,11.709,11.753,11.867,34611.17,97394.55,0.16,0.28,0.02,0.159,0.042,5804.25,6113,10.684,11.708,14.998,15.564,5804.25,5849.5,1.75,40428,,,  ,73,,,,,,,,,,
8,15.943,15.977,16.168,8104.83,33839.45,0.06,0.07,0.01,0.225,0.041,4554.02,5776,14.998,15.564,16.232,16.423,4554.02,5286.85,9.05,12770,,,  ,73,,,,,,,,,,
9,19.833,19.909,20.017,6435.33,31177.58,0.05,0.05,0.01,0.184,0.078,2784,3165,18.923,19.629,20.004,20.335,2784,3165,2.15,9377,,,  ,73.1,,,,,,,,,,
10,20.596,20.761,21.13,1733.85,26060.46,0.04,0.01,0.01,0.534,0.851,3175,2572,20.004,20.335,21.97,22.626,3068.95,2458.94,0.27,4614,,,  ,43.1,,,,,,,,,,
11,23.224,23.274,23.312,5869.54,17229.32,0.03,0.05,0,0.088,0.046,4439,4200.45,22.982,23.141,23.319,23.408,4425.1,4200.45,0.68,10165,,,  ,73.1,,,,,,,,,,
12,23.402,23.44,23.503,2952.67,10506,0.02,0.02,0,0.102,0.072,3707,3655,23.319,23.408,23.554,23.885,3595.18,3648.9,1.7,6568,,,  ,41,,,,,,,,,,
13,23.966,24.019,24.458,102568.47,781086.44,1.27,0.83,0.19,0.492,0.094,4254.46,9198,23.554,23.885,24.458,24.54,4254.46,7941.79,6.97,107220,,,  ,55.1,,,,,,,,,,
14,24.534,24.591,24.623,2515.32,5863.26,0.01,0.02,0,0.089,0.139,9126,8456,24.458,24.54,25.603,26.233,9013.24,8216.06,0.21,11016,,,  ,57.1,,,,,,,,,,
15,26.229,26.271,26.296,4719.99,8902.3,0.01,0.04,0,0.068,0.029,3097.17,3305,25.603,26.233,26.296,26.443,3097.17,3145.07,0.65,7847,,,  ,73.1,,,,,,,,,,
16,26.464,26.487,26.564,1389.2,4244.06,0.01,0.01,0,0.1,0.07,3115.17,3130,26.296,26.443,26.723,27.028,3115.17,3117.87,3.35,4505,,,  ,57,,,,,,,,,,
17,26.907,27.079,27.27,1661.48,19054.47,0.03,0.01,0,0.363,0.53,1905,1999,26.723,27.028,27.251,27.696,1905,1999,0.52,3611,,,  ,41.1,,,,,,,,,,
18,27.728,27.823,27.861,3056.06,13681.16,0.02,0.02,0,0.134,0.144,3091,5341,27.251,27.696,27.868,28.122,3091,5341,1.86,7754,,,  ,41,,,,,,,,,,
19,28.186,28.269,28.502,26744.44,140169.91,0.23,0.22,0.03,0.317,0.066,7714,6528.37,27.868,28.122,28.816,29.019,6127.92,6528.37,2.76,32977,,,  ,57.1,,,,,,,,,,
20,29,29.038,29.089,4258.48,9670.19,0.02,0.03,0,0.089,0.035,3093,2686,28.816,29.019,29.089,29.287,3093,2686,1.37,7177,,,  ,73.1,,,,,,,,,,
21,29.363,29.503,29.675,2503.47,26324.73,0.04,0.02,0.01,0.312,0.255,3685,4020,29.089,29.287,29.662,29.885,3623.93,3928.18,1.33,6264,,,  ,57.1,,,,,,,,,,
22,29.912,29.999,30.326,75655.71,524657.28,0.86,0.62,0.13,0.415,0.1,5764.18,5006.12,29.662,29.885,30.317,30.406,5764.18,5006.12,1.92,81260,,,  ,57.1,,,,,,,,,,
23,30.4,30.457,30.539,6902.27,25355,0.04,0.06,0.01,0.14,0.055,4694,4436.73,30.317,30.406,30.642,30.871,4592.78,4436.73,1.04,11431,,,  ,41,,,,,,,,,,
24,30.919,31.017,31.138,6007110.18,22438061.71,36.61,48.89,5.39,0.219,0.051,17191.44,374793,30.642,30.871,31.265,31.303,17191.44,53918.1,0.84,6040756,,,  ,55.1,,,,,,,,,,
25,31.284,31.316,31.448,85188.81,373846.18,0.61,0.69,0.09,0.164,0.083,195480,107213.93,31.265,31.303,31.602,31.615,125526.25,107213.93,1.45,207168,,,  ,55.1,,,,,,,,,,
26,31.621,31.685,31.773,1396940.65,3870887.57,6.32,11.37,0.93,0.151,0.043,87930.53,71054.67,31.602,31.615,32.009,32.086,87930.53,71054.67,0.78,1477784,,,  ,57.1,,,,,,,,,,
27,32.082,32.118,32.167,13317.81,38297.6,0.06,0.11,0.01,0.086,0.045,42105.67,37453.97,32.009,32.086,32.194,32.238,42105.67,37453.97,0.99,53470,,,  ,55.1,,,,,,,,,,
28,32.214,32.258,32.32,12493.6,40358.49,0.07,0.1,0.01,0.106,0.049,31521.02,26591.07,32.194,32.238,32.639,32.792,31521.02,26591.07,0.99,41996,,,  ,57,,,,,,,,,,
29,32.793,32.83,32.942,6764.65,30591.96,0.05,0.06,0.01,0.149,0.075,16966.89,15765.64,32.639,32.792,32.926,33.008,16966.89,15765.64,1.78,23433,,,  ,57.1,,,,,,,,,,
30,33.006,33.053,33.155,47191.03,174962.34,0.29,0.38,0.04,0.149,0.056,15801.28,16727,32.926,33.008,33.142,33.186,15801.28,15411.55,2.16,62869,,,  ,43.1,,,,,,,,,,
31,33.155,33.218,33.25,7563.01,23898.83,0.04,0.06,0.01,0.095,0.102,16727,16707,33.142,33.186,33.231,33.256,15411.55,15161.75,0.5,22808,,,  ,55,,,,,,,,,,
32,33.25,33.301,33.415,146126.48,442158.82,0.72,1.19,0.11,0.165,0.047,16707,14730.55,33.231,33.256,33.415,33.46,15161.75,14730.55,1.53,161155,,,  ,57.1,,,,,,,,,,
33,33.46,33.517,33.698,59164.16,298400.09,0.49,0.48,0.07,0.239,0.073,14343,12950.55,33.415,33.46,33.683,33.753,14023.34,12950.55,2.26,72930,,,  ,57.1,,,,,,,,,,
34,33.753,33.791,33.881,3342.84,14492.67,0.02,0.03,0,0.129,0.068,13233,12247.3,33.683,33.753,33.88,33.912,12956.68,12247.3,1.62,16089,,,  ,57.1,,,,,,,,,,
35,33.905,33.937,33.988,4680.42,13302.63,0.02,0.04,0,0.083,0.048,11218,9504,33.88,33.912,33.975,34.045,11218,9504,0.64,15239,,,  ,73.1,,,,,,,,,,
36,34.033,34.071,34.141,4449.56,12702.2,0.02,0.04,0,0.108,0.046,10301.97,9256.42,33.975,34.045,34.134,34.268,10301.97,9256.42,1.64,14388,,,  ,57.1,,,,,,,,,,
37,34.268,34.293,34.319,3165.94,5721.65,0.01,0.03,0,0.051,0.032,10232,10731,34.134,34.268,34.3,34.332,9966.71,9707.41,1.23,13003,,,  ,57.1,,,,,,,,,,
38,34.363,34.446,34.516,258616.08,840204.44,1.37,2.1,0.2,0.153,0.046,35422,31594,34.3,34.332,34.51,34.522,13936.26,19214.01,1.15,275411,,,  ,57.1,,,,,,,,,,
39,34.516,34.567,34.664,123856.09,380880.85,0.62,1.01,0.09,0.148,0.045,31594,20096.47,34.51,34.522,34.669,34.751,21151.08,20096.47,1.02,144644,,,  ,55.1,,,,,,,,,,
40,34.802,34.91,35.031,5127396.98,16021371.05,26.14,41.73,3.85,0.229,0.047,37614,43514,34.669,34.751,35.222,35.311,19274.51,18919.86,0.37,5146504,,,  ,57.1,,,,,,,,,,
41,35.315,35.394,35.528,151306.19,610693.44,1,1.23,0.15,0.212,0.057,18382.26,18863,35.222,35.311,35.521,35.566,18382.26,18494.2,1.15,169730,,,  ,57.1,,,,,,,,,,
42,35.551,35.642,35.673,7589.47,27852.12,0.05,0.06,0.01,0.122,0.077,18644.48,18828.25,35.521,35.566,35.718,35.801,18644.48,18828.25,0.39,26371,,,  ,57.1,,,,,,,,,,
43,35.81,35.827,35.903,3941.21,10829.77,0.02,0.03,0,0.093,0.105,14029.07,14665.79,35.718,35.801,35.852,35.935,14029.07,14665.79,8.26,18084,,,  ,57.1,,,,,,,,,,
44,35.916,35.979,36.067,20697.11,71449.25,0.12,0.17,0.02,0.15,0.051,14725.45,15467.62,35.852,35.935,36.049,36.087,14725.45,15467.62,1.54,35734,,,  ,57.1,,,,,,,,,,
45,36.078,36.145,36.177,11732.89,39343.36,0.06,0.1,0.01,0.099,0.077,15404.09,22981,36.049,36.087,36.164,36.189,15404.09,15815.75,0.73,27416,,,  ,57.1,,,,,,,,,,
46,36.177,36.221,36.31,43426.6,189491.07,0.31,0.35,0.05,0.134,0.064,22981,27305,36.164,36.189,36.304,36.323,15815.75,16372.71,1.78,59428,,,  ,55.1,,,,,,,,,,
47,36.31,36.38,36.514,452096.54,1368041.36,2.23,3.68,0.33,0.204,0.045,27305,17397,36.304,36.323,36.514,36.584,16372.71,17221.42,1.12,468761,,,  ,57.1,,,,,,,,,,
48,36.577,36.628,36.756,61519.34,241216.3,0.39,0.5,0.06,0.179,0.058,15883,15025.37,36.514,36.584,36.768,36.819,15812.49,15025.37,2.11,77108,,,  ,57.1,,,,,,,,,,
49,36.832,36.864,36.931,18899.4,54345.24,0.09,0.15,0.01,0.098,0.046,15602.49,15615.41,36.768,36.819,36.946,37.004,15602.49,15615.41,1.99,34506,,,  ,57.1,,,,,,,,,,
50,36.997,37.042,37.077,7618.5,19852.5,0.03,0.06,0,0.08,0.044,12781.16,14271.83,36.946,37.004,37.074,37.105,12781.16,14271.83,0.9,21228,,,  ,55.1,,,,,,,,,,
51,37.093,37.137,37.169,6695.29,17398.61,0.03,0.05,0,0.076,0.047,12789,12029,37.074,37.105,37.169,37.22,12789,12029,0.62,19041,,,  ,55.1,,,,,,,,,,
52,37.328,37.455,37.525,555634.76,2169607.05,3.54,4.52,0.52,0.197,0.049,25321,123677,37.169,37.22,37.519,37.525,17635.08,20202.19,0.79,574926,,,  ,57.1,,,,,,,,,,
53,37.525,37.57,37.678,358270.13,1198052.41,1.95,2.92,0.29,0.153,0.05,123677,22188.12,37.519,37.525,37.678,37.71,20202.19,22188.12,1.04,379052,,,  ,57.1,,,,,,,,,,
54,37.754,37.907,38.028,9252560.04,37177625.44,60.66,75.31,8.94,0.274,0.062,62985,78177,37.678,37.71,38.168,38.225,24286.77,35347.43,0.26,9283020,,,  ,57.1,,,,,,,,,,
55,38.212,38.295,38.448,482964.78,1954016.57,3.19,3.93,0.47,0.235,0.056,40559,35511.6,38.168,38.225,38.575,38.607,39226.99,35511.6,1.88,520885,,,  ,57.1,,,,,,,,,,
56,38.629,38.645,38.715,8858.93,20665.47,0.03,0.07,0,0.086,0.024,33059.36,33888,38.575,38.607,38.664,38.734,33059.36,31909.31,6.12,41709,,,  ,57.1,,,,,,,,,,
57,38.715,38.74,38.783,9240.83,21088.78,0.03,0.08,0.01,0.068,0.077,33888,29842.35,38.664,38.734,38.772,38.81,30745,29842.35,0.48,39646,,,  ,57.1,,,,,,,,,,
58,38.798,38.887,38.912,39071.91,154404.25,0.25,0.32,0.04,0.115,0.093,29350,50312,38.772,38.81,38.906,38.931,28820.66,27377.6,0.56,66770,,,  ,57.1,,,,,,,,,,
59,38.912,38.995,39.047,44169.74,228104.42,0.37,0.36,0.05,0.135,0.114,50312,25673,38.906,38.931,39.084,39.141,27377.6,25673,0.5,70505,,,  ,57.1,,,,,,,,,,
60,39.172,39.237,39.383,551430.12,1644223.75,2.68,4.49,0.4,0.211,0.043,24101.32,21669,39.084,39.141,39.44,39.529,24101.32,21444.88,1.23,574719,,,  ,57.1,,,,,,,,,,
61,39.529,39.567,39.612,12072.62,35809.76,0.06,0.1,0.01,0.083,0.051,17201,18949,39.44,39.529,39.606,39.625,16830.6,18073.86,1.65,29477,,,  ,69.1,,,,,,,,,,
62,39.612,39.669,39.777,27178.22,111894.86,0.18,0.22,0.03,0.165,0.051,18949,20558.53,39.606,39.625,39.765,39.841,18073.86,20558.53,2.48,46113,,,  ,57.1,,,,,,,,,,
63,39.835,39.892,39.93,35442.78,120788.18,0.2,0.29,0.03,0.095,0.07,21936,40873,39.765,39.841,39.917,39.936,21421.56,22856,0.99,57725,,,  ,55.1,,,,,,,,,,
64,39.93,39.975,40.032,111093.51,344545.65,0.56,0.9,0.08,0.102,0.047,40873,41671,39.917,39.936,40.019,40.032,22856,24386.4,1,134619,,,  ,55.1,,,,,,,,,,
65,40.032,40.089,40.127,125184.94,464635.05,0.76,1.02,0.11,0.095,0.079,41671,108390,40.019,40.032,40.121,40.14,24386.4,25821.09,0.73,150432,,,  ,55.1,,,,,,,,,,
66,40.127,40.274,40.293,1405032.27,6735980.78,10.99,11.44,1.62,0.165,0.08,108390,1296347,40.121,40.14,40.286,40.293,25821.09,28307.62,0.17,1433053,,,  ,57.1,,,,,,,,,,
67,40.293,40.337,40.49,3152866.89,10982736.65,17.92,25.66,2.64,0.197,0.053,1296347,65215,40.286,40.293,40.484,40.503,28307.62,31272.71,1.06,3181844,,,  ,57.1,,,,,,,,,,
68,40.509,40.674,40.795,10415369.61,44970614.58,73.37,84.77,10.81,0.286,0.068,77282,119216,40.484,40.503,40.935,40.948,47735.74,58400.65,0.26,10469267,,,  ,57.1,,,,,,,,,,
69,40.942,41.012,41.109,304570.55,1196195.62,1.95,2.48,0.29,0.168,0.06,63375.22,58069.2,40.935,40.948,41.152,41.202,63375.22,58069.2,1.4,365733,,,  ,57.1,,,,,,,,,,
70,41.253,41.298,41.323,31838.56,86476.87,0.14,0.26,0.02,0.071,0.062,53722.68,75259,41.152,41.202,41.311,41.336,53722.68,51553.58,0.92,84173,,,  ,57.1,,,,,,,,,,
71,41.323,41.387,41.47,98862.33,410782.15,0.67,0.8,0.1,0.146,0.056,75259,61396,41.311,41.336,41.438,41.482,51553.58,47064.24,1.25,148464,,,  ,57.1,,,,,,,,,,
72,41.47,41.591,41.791,303388.74,2376803.75,3.88,2.47,0.57,0.322,0.125,61396,37191.35,41.438,41.482,41.794,41.839,47064.24,37191.35,1.72,346744,,,  ,57.1,,,,,,,,,,
73,41.839,41.909,42.049,201796.79,681756.22,1.11,1.64,0.16,0.21,0.049,36410,29837,41.794,41.839,42.144,42.252,35742.46,29300.7,1.24,235392,,,  ,57.1,,,,,,,,,,
74,42.265,42.303,42.344,9455.32,26619.89,0.04,0.08,0.01,0.079,0.046,26002.47,25452.57,42.144,42.252,42.341,42.379,26002.47,25452.57,1.07,35194,,,  ,57.1,,,,,,,,,,
75,42.411,42.551,42.583,796522.25,3170814.46,5.17,6.48,0.76,0.172,0.067,42632,616624,42.341,42.379,42.583,42.589,24282.75,24282.75,0.39,820805,,,  ,55.1,,,,,,,,,,
76,42.583,42.659,42.71,3452734.25,13107670.58,21.39,28.1,3.15,0.127,0.054,616624,542243,42.583,42.589,42.71,42.717,24282.75,24282.75,0.75,3477017,,,  ,55.1,,,,,,,,,,
77,42.71,42.742,42.78,788600.25,2797946.33,4.57,6.42,0.67,0.07,0.076,542243,617272,42.71,42.717,42.774,42.787,24282.75,24282.75,1.4,812883,,,  ,55.1,,,,,,,,,,
78,42.78,42.946,42.977,12286685.88,61290974.81,100,100,14.73,0.197,0.077,617272,3523902,42.774,42.787,42.971,42.977,47150.03,57358.11,0.27,12342398,,,  ,97.1,,,,,,,,,,
79,42.977,43.022,43.13,9066885,27840632.62,45.42,73.79,6.69,0.153,0.05,3523902,238942,42.971,42.977,43.124,43.137,96051,96051,0.73,9162936,,,  ,57.1,,,,,,,,,,
80,43.13,43.226,43.334,4766051,16141342.72,26.34,38.79,3.88,0.204,0.048,238942,177129,43.124,43.137,43.467,43.493,96051,96051,0.58,4862102,,,  ,57.1,,,,,,,,,,
81,43.474,43.556,43.632,157688,753070.05,1.23,1.28,0.18,0.159,0.073,135596,96051,43.467,43.493,43.652,43.69,96051,96051,0.71,253739,,,  ,57.1,,,,,,,,,,
82,43.73,43.792,43.83,263070.47,925377,1.51,2.14,0.22,0.1,0.063,96629.96,294197,43.652,43.69,43.824,43.83,96629.96,107655,0.92,366505,,,  ,82.1,,,,,,,,,,
83,43.83,43.862,43.95,323567.08,1119583.59,1.83,2.63,0.27,0.12,0.069,294197,120928.75,43.824,43.83,43.944,43.983,107655,120928.75,1.61,434737,,,  ,55.1,,,,,,,,,,
84,44.002,44.104,44.189,294756.16,1382735.7,2.26,2.4,0.33,0.188,0.073,138655,147374.56,43.944,43.983,44.307,44.383,126640.69,147374.56,1.3,432649,,,  ,57.1,,,,,,,,,,
85,44.38,44.415,44.46,18146.29,44396.48,0.07,0.15,0.01,0.08,0.044,61529.49,50606,44.307,44.383,44.504,44.574,61529.49,49673.3,0.4,74422,,,  ,57.1,,,,,,,,,,
86,44.658,44.752,44.822,15130.5,66208.05,0.11,0.12,0.02,0.164,0.065,44392.5,44989,44.504,44.574,44.81,44.861,44392.5,44392.5,0.76,59523,,,  ,57.1,,,,,,,,,,
87,44.943,45.102,45.153,7303018.5,31909598.72,52.06,59.44,7.67,0.21,0.061,219504,1091069,44.81,44.861,45.147,45.153,44392.5,44392.5,0.48,7347411,,,  ,55.1,,,,,,,,,,
88,45.153,45.179,45.217,1344145.5,4143609.73,6.76,10.94,1,0.064,0.076,1091069,767988,45.147,45.153,45.211,45.223,44392.5,44392.5,1.4,1388538,,,  ,55.1,,,,,,,,,,
89,45.217,45.395,45.516,10121245.81,52756793.36,86.08,82.38,12.68,0.299,0.063,767988,311909,45.211,45.223,45.554,45.573,102764.51,132792.65,0.36,10241899,,,  ,57.1,,,,,,,,,,
90,45.567,45.611,45.694,276296,975216.43,1.59,2.25,0.23,0.127,0.052,234920,151001,45.554,45.573,45.694,45.783,151001,151001,0.98,427297,,,  ,57.1,,,,,,,,,,
91,45.885,45.942,46.022,117915.79,407887.5,0.67,0.96,0.1,0.137,0.053,168317,131912.72,45.694,45.783,46.038,46.108,167012.54,131912.72,0.53,270240,,,  ,57.1,,,,,,,,,,
92,46.092,46.216,46.324,153050.45,865954.68,1.41,1.25,0.21,0.232,0.075,120800.65,145714,46.038,46.108,46.279,46.349,120800.65,116840.94,1.54,271740,,,  ,55.1,,,,,,,,,,
93,46.324,46.623,47.024,544088.16,7552399.75,12.32,4.43,1.82,0.7,0.185,145714,106181,46.279,46.349,46.979,47.043,116840.94,104878.97,0.85,655818,,,  ,257.2,,,,,,,,,,
94,47.024,47.075,47.122,19987.43,61011.21,0.1,0.16,0.01,0.098,0.051,106181,103585.75,46.979,47.043,47.183,47.227,105202.61,103585.75,0.79,124349,,,  ,57.1,,,,,,,,,,
95,47.241,47.348,47.501,921594.84,4558120.08,7.44,7.5,1.1,0.26,0.058,100126.94,187769,47.183,47.227,47.488,47.507,100126.94,95284.93,2.14,1019721,,,  ,55.1,,,,,,,,,,
96,47.501,47.577,47.806,219901.85,1614077.76,2.63,1.79,0.39,0.305,0.13,187769,90478,47.488,47.507,47.991,48.162,95284.93,89602.14,1.54,313766,,,  ,57.1,,,,,,,,,,
97,48.153,48.22,48.379,19388.16,134857.5,0.22,0.16,0.03,0.226,0.078,77019.02,78748,47.991,48.162,48.296,48.436,77019.02,72558.41,3.33,95088,,,  ,57.1,,,,,,,,,,
98,48.379,48.442,48.722,15604.09,152786.64,0.25,0.13,0.04,0.344,0.137,78748,66435,48.296,48.436,48.958,49.168,72558.41,65772.89,0.9,86906,,,  ,207,,,,,,,,,,
99,49.639,49.728,49.848,43917.15,259682.55,0.42,0.36,0.06,0.21,0.087,62272.4,72522,48.958,49.168,49.804,49.874,62272.4,63684.15,2.25,106788,,,  ,207,,,,,,,,,,
100,49.848,49.887,50.205,15458.07,158169.87,0.26,0.13,0.04,0.356,0.251,72522,67112,49.804,49.874,50.593,50.815,63684.15,66081.1,4.3,79399,,,  ,207,,,,,,,,,,
101,50.79,50.847,50.93,7746.27,36295.56,0.06,0.06,0.01,0.14,0.292,58228,56551,50.593,50.815,50.917,51.083,57293.54,56551,0.3,64736,,,  ,207,,,,,,,,,,
102,51.086,51.178,51.331,52145.61,314314.16,0.51,0.42,0.08,0.244,0.089,57672.22,57755,50.917,51.083,51.35,51.42,57672.22,56956.23,1.58,109549,,,  ,207,,,,,,,,,,
103,51.426,51.477,51.54,7969.33,27781.94,0.05,0.06,0.01,0.114,0.068,57336,56343.9,51.35,51.42,51.509,51.776,56676.74,56343.9,1.01,64497,,,  ,207,,,,,,,,,,
104,51.732,52.062,52.565,36427.83,847939.83,1.38,0.3,0.2,0.833,0.363,55393.35,53465.6,51.509,51.776,52.546,52.94,55393.35,53465.6,1.4,91056,,,  ,57.1,,,,,,,,,,
105,53.195,53.736,54.295,384808.12,10248793.72,16.72,3.13,2.46,1.101,0.382,87772,217101,52.546,52.94,54.423,54.48,82621.13,216172.25,1.99,533047,,,  ,257.2,,,,,,,,,,
106,54.464,54.582,54.729,187536.31,1336902.36,2.18,1.53,0.32,0.265,0.114,180883.09,152703.08,54.423,54.48,54.811,54.9,180883.09,152703.08,1.01,355895,,,  ,55.1,,,,,,,,,,
107,55.025,55.301,55.822,315857.83,5706614.96,9.31,2.57,1.37,0.796,0.283,183987.02,183394.54,54.811,54.9,56.121,56.369,183987.02,183394.54,1.55,499640,,,  ,257.2,,,,,,,,,,
108,56.462,56.802,56.998,24643.42,387559.25,0.63,0.2,0.09,0.536,0.31,141242.2,139598.69,56.121,56.369,57.101,57.324,141242.2,139598.69,0.55,164843,,,  ,257.2,,,,,,,,,,
,,,,,,,,,,,,,,,,,,,,,,,,,,,,,,,,,,
 + TIC Scan STDH2005.D ,,,,,,,,,,,,,,,,,,,,,,,,,,,,,,,,,,
Peak ,Start,RT,End,Height,Area,Area %,Height %,Area Sum %,Width,FWHM,Start Y,End Y,B1 Start,B1 End,B2 Start,B2 End,Start BL Y,End BL Y,Symmetry,Max Y,SNR,Height % (Norm),Baseline,Base Peak,k',Label,Cpd,Type,Plates,Plates/M,Resolution,Saturated,Tailing factor,Flags (Tgt)
1,4.53,4.551,4.659,111595.19,173196.42,0.7,1.68,0.06,0.13,0.022,52414.75,53100,4.494,4.526,5.257,5.372,52414.75,50923.71,1.61,163764,,,  ,281,,,,,,,,,,
2,7.536,7.58,7.63,66784.03,128616.05,0.52,1,0.05,0.094,0.03,22259.9,21754.74,7.37,7.548,7.63,7.968,22259.9,21754.74,1.26,88809,,,  ,73,,,,,,,,,,
3,7.961,7.974,8.215,3358.24,26159.9,0.11,0.05,0.01,0.254,0.469,20879,19759.7,7.63,7.968,10.245,10.347,20571.37,19759.7,0.53,23889,,,  ,91.1,,,,,,,,,,
4,11.708,11.753,11.821,60010.7,143616.35,0.58,0.9,0.05,0.113,0.037,11803,11341.42,11.333,11.708,12.924,13.382,11536.16,11341.42,1.17,71470,,,  ,73,,,,,,,,,,
5,15.902,15.946,16.008,14552.77,44989.53,0.18,0.22,0.02,0.107,0.047,7933.54,8240.54,15.309,15.901,16.009,16.105,7933.54,8240.54,1.47,22612,,,  ,91,,,,,,,,,,
6,16.073,16.124,16.185,2186.87,6860.57,0.03,0.03,0,0.113,0.048,8026,8098.99,16.009,16.105,17.631,17.676,7942.4,8098.99,1.22,10200,,,  ,91.1,,,,,,,,,,
7,19.756,19.795,19.845,5229.51,13242.45,0.05,0.08,0,0.089,0.042,4934.08,5162,19.133,19.763,19.826,19.865,4934.08,4892.96,1.52,10146,,,  ,91,,,,,,,,,,
8,19.845,19.909,19.983,6298.45,22743.16,0.09,0.09,0.01,0.138,0.055,5162,4829.31,19.826,19.865,21.519,22.403,4892.96,4829.31,1.12,11162,,,  ,91,,,,,,,,,,
9,23.147,23.236,23.28,5733.51,17174.59,0.07,0.09,0.01,0.132,0.039,3850,3780.71,22.613,23.147,23.281,23.612,3829.01,3780.71,0.46,9530,,,  ,91,,,,,,,,,,
10,26.195,26.246,26.276,4425.24,8639.25,0.04,0.07,0,0.082,0.027,3347,3163.93,25.412,26.195,26.277,26.621,3174.12,3163.93,0.61,7593,,,  ,91,,,,,,,,,,
11,26.589,26.665,26.742,2031.73,10574.18,0.04,0.03,0,0.153,0.12,2930,2726,26.277,26.621,27.092,28.154,2930,2610.56,0.99,4802,,,  ,91.1,,,,,,,,,,
12,28.154,28.243,28.364,4739455.86,15069585.6,61.34,71.28,5.32,0.21,0.046,2744,167203,27.092,28.154,28.911,28.988,2744,4258.25,0.7,4742842,,,  ,57.1,,,,,,,,,,
13,28.959,29.032,29.075,5316.78,18533.51,0.08,0.08,0.01,0.117,0.058,8078.74,6736.88,28.911,28.988,29.35,29.535,8078.74,6736.88,0.3,12550,,,  ,91.1,,,,,,,,,,
14,29.535,29.567,29.592,1679.84,2651.26,0.01,0.03,0,0.057,0.223,4745,4609,29.35,29.535,29.7,29.91,4598.42,4435.92,0.11,6188,,,  ,91.1,,,,,,,,,,
15,29.911,30.012,30.133,5209302.05,16032906.08,65.26,78.34,5.66,0.221,0.044,3767.32,139224,29.7,29.91,31.272,31.507,3767.32,3766.5,0.54,5213069,,,  ,57.1,,,,,,,,,,
16,31.615,31.711,31.793,5328821.28,16947748.78,68.98,80.14,5.99,0.178,0.047,7195,184188,31.272,31.507,32.703,32.894,3986.45,4069.07,0.47,5332852,,,  ,57.1,,,,,,,,,,
17,32.881,32.913,32.977,2399.63,6240.81,0.03,0.04,0,0.095,0.173,4199,4170,32.703,32.894,32.983,33.231,4060.01,3959.11,0.32,6426,,,  ,57,,,,,,,,,,
18,33.237,33.333,33.454,5528017.61,17890609.91,72.82,83.14,6.32,0.216,0.047,5537,145513,32.983,33.231,33.829,33.893,3946.98,6153.59,0.62,5532938,,,  ,57.1,,,,,,,,,,
19,33.897,33.924,33.969,5060.83,11652.21,0.05,0.08,0,0.071,0.035,11500.73,9644.17,33.829,33.893,34.631,34.675,11500.73,9644.17,1.26,15855,,,  ,57.1,,,,,,,,,,
20,34.796,34.898,35.019,5398039.54,18174217.18,73.98,81.18,6.42,0.223,0.049,4227,158016,34.688,34.796,36.018,36.113,3697.65,3957.56,0.64,5401856,,,  ,57.1,,,,,,,,,,
21,36.095,36.164,36.202,5547.21,15010.77,0.06,0.08,0.01,0.107,0.036,5035.29,4844,36.018,36.113,36.221,36.304,5035.29,4703.64,0.55,10369,,,  ,73.1,,,,,,,,,,
22,36.304,36.406,36.527,5702017.71,18702160.42,76.13,85.75,6.61,0.223,0.047,4603,151127,36.221,36.304,37.678,37.748,4356.02,4417.86,0.65,5706402,,,  ,57.1,,,,,,,,,,
23,37.754,37.863,37.983,5803016.06,19076355.29,77.65,87.27,6.74,0.229,0.048,5521,161479,37.678,37.748,39.014,39.16,4823.2,5150.89,0.65,5807994,,,  ,57.1,,,,,,,,,,
24,39.167,39.269,39.389,5846255.45,20295405.31,82.61,87.92,7.17,0.223,0.048,9793,168100,39.014,39.16,40.045,40.159,6722.56,7669.81,0.69,5853411,,,  ,57.1,,,,,,,,,,
25,40.14,40.191,40.229,3285.47,8447.21,0.03,0.05,0,0.089,0.124,10009,9205,40.045,40.159,40.306,40.515,10009,9205,0.2,12835,,,  ,57.1,,,,,,,,,,
26,40.522,40.63,40.751,6544383.03,22824752.57,92.91,98.42,8.06,0.229,0.048,10379,187871,40.306,40.515,41.737,41.826,7715.95,8042.13,0.7,6552253,,,  ,57.1,,,,,,,,,,
27,41.832,41.947,42.068,6649433.72,24567357.55,100,100,8.68,0.235,0.051,13380,222277,41.737,41.826,42.971,43.086,9165.29,9970.99,0.74,6658991,,,  ,57.1,,,,,,,,,,
28,43.105,43.219,43.34,6324557.62,23083094.2,93.96,95.11,8.15,0.235,0.049,17472,247881,42.971,43.086,44.046,44.116,12597.96,14773.81,0.79,6338214,,,  ,57.1,,,,,,,,,,
29,44.339,44.447,44.568,5600996.95,20622027.7,83.94,84.23,7.28,0.229,0.049,23970,275323,44.174,44.326,45.427,45.522,17723.19,19061.31,1.02,5619352,,,  ,57.1,,,,,,,,,,
30,45.535,45.637,45.764,4395351.95,16564509.62,67.42,66.1,5.85,0.229,0.048,33137,269854,45.427,45.522,46.534,46.68,25097.87,26671.18,1.32,4421149,,,  ,57.1,,,,,,,,,,
31,46.699,46.788,46.954,3092504.43,12553661.03,51.1,46.51,4.43,0.254,0.048,42732,200189,46.534,46.68,47.749,47.813,31635.66,33541.18,1.87,3124807,,,  ,57.1,,,,,,,,,,
32,47.819,47.914,48.124,1647519.55,8084060.97,32.91,24.78,2.86,0.305,0.055,42732,143094,47.749,47.813,48.913,48.996,39878.65,40642.77,2.63,1687637,,,  ,57.1,,,,,,,,,,
33,49.005,49.098,49.486,732350.99,5802988.83,23.62,11.01,2.05,0.48,0.09,48077.35,79797,48.913,48.996,50.237,50.377,48077.35,48221.18,4,780456,,,  ,57.1,,,,,,,,,,
34,50.372,50.497,51.261,246201.31,3594921.59,14.63,3.7,1.27,0.888,0.171,38463.65,45665,50.237,50.377,51.846,52.037,38463.65,36445.29,5.41,284381,,,  ,57.1,,,,,,,,,,
35,52.05,52.209,52.94,84121.33,1699312.17,6.92,1.27,0.6,0.891,0.306,37222,40952,51.846,52.037,53.418,53.57,36622.9,40401.6,4.29,121419,,,  ,57.1,,,,,,,,,,
36,54.035,54.289,55.21,27049.88,868221.54,3.53,0.41,0.31,1.176,0.527,31536,30883.56,53.666,54.041,55.447,55.612,31142.08,30883.56,3.49,58136,,,  ,207,,,,,,,,,,
,,,,,,,,,,,,,,,,,,,,,,,,,,,,,,,,,,
 + TIC Scan STDL2005.D ,,,,,,,,,,,,,,,,,,,,,,,,,,,,,,,,,,
Peak ,Start,RT,End,Height,Area,Area %,Height %,Area Sum %,Width,FWHM,Start Y,End Y,B1 Start,B1 End,B2 Start,B2 End,Start BL Y,End BL Y,Symmetry,Max Y,SNR,Height % (Norm),Baseline,Base Peak,k',Label,Cpd,Type,Plates,Plates/M,Resolution,Saturated,Tailing factor,Flags (Tgt)
1,4.096,4.144,4.303,4364317.44,14912787.1,58.46,56.18,6.37,0.208,0.042,103005.71,206145,4.093,4.1,5.588,6.034,103005.71,91732.86,2.15,4464691,,,  ,57.1,,,,,,,,,,
2,6.034,6.097,6.218,5099454.33,15087302.47,59.14,65.65,6.45,0.184,0.04,9467.16,165575,5.588,6.034,6.244,6.288,9467.16,13662.74,1.39,5110356,,,  ,57.1,,,,,,,,,,
3,6.269,6.307,6.548,115174.03,802403.79,3.15,1.48,0.34,0.279,0.127,126472,22569.63,6.244,6.288,7.217,7.408,36655.31,22569.63,2.38,149900,,,  ,57.1,,,,,,,,,,
4,7.405,7.44,7.56,9239.93,30592.24,0.12,0.12,0.01,0.155,0.041,8371.62,7766.45,7.217,7.408,7.815,8.362,8371.62,7766.45,2.68,17476,,,  ,73,,,,,,,,,,
5,8.362,8.432,8.553,5966458.18,16692346.8,65.43,76.81,7.13,0.191,0.039,6524.11,214639,7.815,8.362,8.636,8.661,6524.11,9488.89,0.76,5974067,,,  ,57.1,,,,,,,,,,
6,8.642,8.687,8.922,85713.82,570534.07,2.24,1.1,0.24,0.28,0.1,93879,20676,8.636,8.661,10.455,10.843,32003.53,20416.38,2.92,115874,,,  ,57.1,,,,,,,,,,
7,10.844,10.92,11.04,6375914.9,18230515.13,71.46,82.08,7.79,0.197,0.042,6610.75,139820,10.455,10.843,11.13,11.149,6610.75,10419.8,0.54,6383994,,,  ,57.1,,,,,,,,,,
8,11.136,11.174,11.421,87262.35,591957.88,2.32,1.12,0.25,0.285,0.105,84042,19939.73,11.13,11.149,11.6,11.708,31235.28,19939.73,3.64,116984,,,  ,57.1,,,,,,,,,,
9,11.703,11.747,11.82,19295.67,52372.52,0.21,0.25,0.02,0.117,0.04,11421.08,9785.75,11.6,11.708,12.701,13.324,11421.08,9785.75,1.24,30101,,,  ,73.1,,,,,,,,,,
10,13.326,13.413,13.496,6884470.69,19599458.68,76.83,88.63,8.38,0.17,0.044,5269.04,158573,12.701,13.324,13.604,13.636,5269.04,9139.71,0.41,6891727,,,  ,57.1,,,,,,,,,,
11,13.617,13.662,13.878,94289.25,608958.38,2.39,1.21,0.26,0.261,0.11,88215,22201.85,13.604,13.636,15.233,15.729,35883.88,22201.85,2.65,127837,,,  ,57.1,,,,,,,,,,
12,15.742,15.831,15.939,7123130.71,21306679.32,83.52,91.7,9.11,0.197,0.046,4631.41,142746,15.233,15.729,16.016,16.041,4631.41,6994.73,0.47,7128828,,,  ,57.1,,,,,,,,,,
13,16.035,16.073,16.41,119586.03,871688.44,3.42,1.54,0.37,0.375,0.114,101805,13921,16.016,16.041,17.574,18.058,17708.12,13920.39,3.07,136909,,,  ,57.1,,,,,,,,,,
14,18.062,18.153,18.261,7254123.94,22857013.33,89.6,93.38,9.77,0.199,0.048,5930.33,155049,17.574,18.058,18.319,18.344,5930.33,10309.51,0.44,7262052,,,  ,57.1,,,,,,,,,,
15,18.338,18.369,18.656,123868.2,789959.73,3.1,1.59,0.34,0.318,0.105,116678,18750,18.319,18.344,19.655,19.795,29809.53,18679.33,2.93,152565,,,  ,57.1,,,,,,,,,,
16,19.795,19.833,19.875,7306.7,17016.27,0.07,0.09,0.01,0.08,0.039,4201,4041.22,19.655,19.795,19.871,20.272,4195.7,4041.22,0.96,11429,,,  ,73.1,,,,,,,,,,
17,20.274,20.373,20.456,7614053.47,23806906.05,93.32,98.02,10.17,0.183,0.048,5049.89,188846,19.871,20.272,20.513,20.539,5049.89,8329.26,0.33,7620897,,,  ,57.1,,,,,,,,,,
18,20.526,20.571,20.844,131724.45,854833.72,3.35,1.7,0.37,0.317,0.105,130395,20083.48,20.513,20.539,21.207,21.423,32486.42,20083.48,2.36,162471,,,  ,57.1,,,,,,,,,,
19,21.404,21.436,21.493,3288.37,7346.15,0.03,0.04,0,0.089,0.256,6285,5749,21.207,21.423,21.525,21.671,6285,5749,0.21,9382,,,  ,57.1,,,,,,,,,,
20,21.754,21.779,21.862,2214.95,7393.57,0.03,0.03,0,0.108,0.281,5499,5058,21.525,21.671,22.174,22.358,5499,4840.53,0.24,7559,,,  ,57,,,,,,,,,,
21,22.377,22.486,22.568,7768051.96,24960100.96,97.84,100,10.67,0.191,0.048,5888,213870,22.174,22.358,22.619,22.632,5749.97,14642.32,0.33,7778841,,,  ,57.1,,,,,,,,,,
22,22.632,22.657,22.88,138288.35,724464.03,2.84,1.78,0.31,0.248,0.085,148767,30296,22.619,22.632,23.135,23.192,54669.17,29725.68,3.16,190399,,,  ,57.1,,,,,,,,,,
23,24.396,24.496,24.617,7759509.77,25510754.55,100,99.89,10.9,0.221,0.048,5543.58,247244,23.892,24.394,24.636,24.661,5543.58,13555.89,0.43,7768675,,,  ,57.1,,,,,,,,,,
24,24.642,24.674,24.96,187625.44,1187423.52,4.65,2.42,0.51,0.318,0.088,219281,31668.15,24.636,24.661,25.997,26.328,54810.58,31668.15,3.58,240119,,,  ,57.1,,,,,,,,,,
25,26.329,26.405,26.78,2608422.16,17963956.53,70.42,33.58,7.68,0.451,0.067,5178.47,187691,25.997,26.328,30.266,31.004,5178.47,5008.29,6.22,2613572,,,  ,57.1,,,,,,,,,,
26,35.63,35.731,37.137,230140.28,5917211.62,23.19,2.96,2.53,1.507,0.29,2512.68,12161,35.127,35.585,39.51,40.636,2512.68,2691.85,11.87,232665,,,  ,149,,,,,,,,,,
27,49.365,49.378,49.384,3109.24,2001.14,0.01,0.04,0,0.019,1.079,18282,17736,39.51,40.636,49.454,50.014,17684.28,17736,0.01,20828,,,  ,207,,,,,,,,,,
28,53.812,54.022,54.086,4387.52,36161.83,0.14,0.06,0.02,0.274,3.687,16953,16399,50.351,53.787,55.053,55.74,16628.94,16399,0.02,20840,,,  ,207,,,,,,,,,,
